-- MySQL Administrator dump 1.4
--
-- ------------------------------------------------------
-- Server version	5.1.41


/*!40101 SET @OLD_CHARACTER_SET_CLIENT=@@CHARACTER_SET_CLIENT */;
/*!40101 SET @OLD_CHARACTER_SET_RESULTS=@@CHARACTER_SET_RESULTS */;
/*!40101 SET @OLD_COLLATION_CONNECTION=@@COLLATION_CONNECTION */;
/*!40101 SET NAMES utf8 */;

/*!40014 SET @OLD_UNIQUE_CHECKS=@@UNIQUE_CHECKS, UNIQUE_CHECKS=0 */;
/*!40014 SET @OLD_FOREIGN_KEY_CHECKS=@@FOREIGN_KEY_CHECKS, FOREIGN_KEY_CHECKS=0 */;
/*!40101 SET @OLD_SQL_MODE=@@SQL_MODE, SQL_MODE='NO_AUTO_VALUE_ON_ZERO' */;


--
-- Create schema sispad
--

CREATE DATABASE IF NOT EXISTS sispad;
USE sispad;

--
-- Definition of table `agente_saude`
--

DROP TABLE IF EXISTS `agente_saude`;
CREATE TABLE `agente_saude` (
  `servidor_cpf` varchar(11) NOT NULL,
  `unidade_cnes` varchar(10) NOT NULL DEFAULT '',
  `micro_area` int(2) NOT NULL DEFAULT '0',
  `data_desativacao` date DEFAULT NULL,
  `ativo` char(1) DEFAULT NULL,
  `data_cadastro` timestamp NOT NULL DEFAULT CURRENT_TIMESTAMP,
  PRIMARY KEY (`servidor_cpf`,`unidade_cnes`,`micro_area`),
  KEY `foreign_key_unidade_cnes` (`unidade_cnes`),
  KEY `Index_3` (`servidor_cpf`) USING BTREE,
  KEY `Index_4` (`micro_area`) USING BTREE,
  CONSTRAINT `agente_saude_ibfk_1` FOREIGN KEY (`servidor_cpf`) REFERENCES `servidor` (`cpf`),
  CONSTRAINT `agente_saude_ibfk_2` FOREIGN KEY (`unidade_cnes`) REFERENCES `unidade` (`cnes`)
) ENGINE=InnoDB DEFAULT CHARSET=latin1;

--
-- Dumping data for table `agente_saude`
--

/*!40000 ALTER TABLE `agente_saude` DISABLE KEYS */;
INSERT INTO `agente_saude` (`servidor_cpf`,`unidade_cnes`,`micro_area`,`data_desativacao`,`ativo`,`data_cadastro`) VALUES 
 ('0988139880','2345625',0,NULL,'1','2012-06-11 00:00:00');
/*!40000 ALTER TABLE `agente_saude` ENABLE KEYS */;


--
-- Definition of table `agente_saude_executa_item`
--

DROP TABLE IF EXISTS `agente_saude_executa_item`;
CREATE TABLE `agente_saude_executa_item` (
  `agente_saude_cpf` varchar(11) NOT NULL,
  `item_id` int(11) NOT NULL,
  `agente_saude_unidade_cnes` varchar(10) NOT NULL DEFAULT '',
  `quantidade` int(11) DEFAULT NULL,
  `competencia` int(6) NOT NULL,
  PRIMARY KEY (`agente_saude_cpf`,`item_id`,`agente_saude_unidade_cnes`,`competencia`),
  KEY `FK_agente_saude_executa_item_agente_saude_unidade` (`agente_saude_cpf`,`agente_saude_unidade_cnes`),
  KEY `FK_agente_saude_executa_item_item_id` (`item_id`),
  KEY `FK_agente_saude_item_competencia` (`competencia`),
  CONSTRAINT `FK_agente_saude_executa_item_agente_saude_unidade` FOREIGN KEY (`agente_saude_cpf`, `agente_saude_unidade_cnes`) REFERENCES `agente_saude` (`servidor_cpf`, `unidade_cnes`),
  CONSTRAINT `FK_agente_saude_executa_item_item_id` FOREIGN KEY (`item_id`) REFERENCES `item` (`id`),
  CONSTRAINT `FK_agente_saude_item_competencia` FOREIGN KEY (`competencia`) REFERENCES `competencia` (`mes_ano`)
) ENGINE=InnoDB DEFAULT CHARSET=latin1;

--
-- Dumping data for table `agente_saude_executa_item`
--

/*!40000 ALTER TABLE `agente_saude_executa_item` DISABLE KEYS */;
/*!40000 ALTER TABLE `agente_saude_executa_item` ENABLE KEYS */;


--
-- Definition of table `agente_saude_executa_meta`
--

DROP TABLE IF EXISTS `agente_saude_executa_meta`;
CREATE TABLE `agente_saude_executa_meta` (
  `agente_saude_cpf` varchar(11) NOT NULL DEFAULT '',
  `agente_saude_microarea` int(2) NOT NULL DEFAULT '0',
  `unidade_cnes` varchar(10) NOT NULL DEFAULT '',
  `meta_id` int(11) NOT NULL DEFAULT '0',
  `total` int(11) DEFAULT NULL,
  `data_inicio` date NOT NULL DEFAULT '0000-00-00',
  `data_fim` date NOT NULL DEFAULT '0000-00-00',
  PRIMARY KEY (`agente_saude_cpf`,`meta_id`,`data_inicio`,`data_fim`,`unidade_cnes`,`agente_saude_microarea`) USING BTREE,
  KEY `agente_saude_cpf` (`agente_saude_cpf`) USING BTREE,
  KEY `Index_3` (`agente_saude_microarea`) USING BTREE,
  KEY `Index_4` (`unidade_cnes`) USING BTREE,
  KEY `Index_5` (`meta_id`) USING BTREE
) ENGINE=InnoDB DEFAULT CHARSET=latin1;

--
-- Dumping data for table `agente_saude_executa_meta`
--

/*!40000 ALTER TABLE `agente_saude_executa_meta` DISABLE KEYS */;
/*!40000 ALTER TABLE `agente_saude_executa_meta` ENABLE KEYS */;


--
-- Definition of table `agente_saude_executa_procedimento`
--

DROP TABLE IF EXISTS `agente_saude_executa_procedimento`;
CREATE TABLE `agente_saude_executa_procedimento` (
  `agente_saude_cpf` varchar(11) NOT NULL,
  `procedimento_codigo` varchar(10) NOT NULL DEFAULT '',
  `agente_saude_unidade_cnes` varchar(10) NOT NULL DEFAULT '',
  `quantidade` int(11) DEFAULT NULL,
  `competencia` int(6) NOT NULL DEFAULT '0',
  `agente_saude_micro_area` int(2) NOT NULL DEFAULT '0',
  PRIMARY KEY (`agente_saude_cpf`,`procedimento_codigo`,`agente_saude_micro_area`,`agente_saude_unidade_cnes`,`competencia`),
  KEY `i_agente_saude_micro_area` (`agente_saude_micro_area`),
  KEY `foreign_key_agente_saude_unidade_cnes` (`agente_saude_unidade_cnes`),
  KEY `foreign_key_procedimento_codigo` (`procedimento_codigo`),
  KEY `Index_5` (`competencia`) USING BTREE,
  KEY `Index_6` (`agente_saude_cpf`) USING BTREE,
  CONSTRAINT `agente_saude_executa_procedimento_ibfk_1` FOREIGN KEY (`agente_saude_cpf`) REFERENCES `agente_saude` (`servidor_cpf`),
  CONSTRAINT `agente_saude_executa_procedimento_ibfk_2` FOREIGN KEY (`agente_saude_unidade_cnes`) REFERENCES `agente_saude` (`unidade_cnes`),
  CONSTRAINT `agente_saude_executa_procedimento_ibfk_3` FOREIGN KEY (`procedimento_codigo`) REFERENCES `procedimento` (`codigo`)
) ENGINE=InnoDB DEFAULT CHARSET=latin1;

--
-- Dumping data for table `agente_saude_executa_procedimento`
--

/*!40000 ALTER TABLE `agente_saude_executa_procedimento` DISABLE KEYS */;
/*!40000 ALTER TABLE `agente_saude_executa_procedimento` ENABLE KEYS */;


--
-- Definition of table `arquivo`
--

DROP TABLE IF EXISTS `arquivo`;
CREATE TABLE `arquivo` (
  `relatorio_id` int(11) unsigned NOT NULL,
  `file_data` blob NOT NULL,
  `file_name` varchar(45) NOT NULL,
  `file_type` varchar(200) NOT NULL,
  `file_size` int(10) unsigned NOT NULL,
  PRIMARY KEY (`relatorio_id`),
  CONSTRAINT `FOREGENRELATORIO` FOREIGN KEY (`relatorio_id`) REFERENCES `relatorio` (`id`)
) ENGINE=InnoDB DEFAULT CHARSET=latin1;

--
-- Dumping data for table `arquivo`
--

/*!40000 ALTER TABLE `arquivo` DISABLE KEYS */;
INSERT INTO `arquivo` (`relatorio_id`,`file_data`,`file_name`,`file_type`,`file_size`) VALUES 
 (1,0x3931413830443731413837444243343038304538313732453233,'senha upe.txt','text/plain',26),
 (2,0x61206175746F726120656D207365752074726162616C686F20636F6D70617261206F73207469706F7320646520726973636F732070657263656269646F20650D0A73657573206174656E75616E74657320656D20646F6973206D65696F7320646520636F6D7072613A206C6F6A612066ED736963612065206C6F6A61207669727475616C2E0D0A50617261206D65646972206F20726973636F20E9206E6563657373E172696F20736162657220612072656C61E7E36F2064612070726F626162696C6964616465206520636F6E73657175656E636961730D0A71756520657374652076656E68612061206170726573656E7461722E0D0A417320636F6E73657175656E636961732073E36F206D656469646173206174726176E97320646520756D61207265666572EA6E63696120646520726573756C7461646F20646F0D0A6F626A657469766F20646120636F6D7072612E0D0A412070726F626162696C696461646520657374E120696E6572656E7465206120696E63657274657A612064652071756520617320636F6E73657175EA6E636961732076656E68616D2061200D0A6F636F727265722C206520617373696D2C20696E7465726665726972206E6F206F626A657469766F20646120636F6D7072612E0D0A0D0A6D656E73757261E7E36F20646F20726973636F20636F6D206261736520656D207375617320647561732064696D656E73F5657320286D656C6C6F206520636F6C6C696E7329,'tcc.txt','text/plain',541),
 (3,0x416F20736520636C6963617220656D20756D61206C6574726120646F207465636C61646F20E9207265616C697A61646120756D612062757363612070617261207665726966696361722073652065737361206C6574726120657869737465206E612070616C617672612E4361736F206578697374612061287329206C6574726128732920E92873E36F292065786962696461287329206E612070616C617672612C206361736F206EE36F20756D6120706172746520646F20656E666F726361646F20E920657869626964612C20636F6D65E7616E646F2070656C612063616265E7612E4F206A6F6761646F722074656D20736569732063696E636F206368616E63657320706172612065727261722C206E61207365787461206F20656E666F726361646F20E9206578696269646F20636F6D706C65746F2065206F206A6F676F207465726D696E612C2073656E646F206578696269646F206120706F6E747561E7E36F20646F206A6F6761646F722E0D0A202020204361736F206F206A6F6761646F722061636572746520612070616C617672612C20E9206578696269646120756D612074656C6120636F6D20756D6120696D6167656D206520746578746F20736F62726520756D20706F6E746F20747572ED737469636F20646120636964616465202866616C746120696E7365726972206F73206461646F732061696E6461292E5175616E646F206F20757375E172696F20636C69636172206E6F20626F74E36F20636F6E74696E75617220736572E120696E69636961646120756D61206E6F76612074656C6120636F6D20756D61206E6F76612070616C61767261206F63756C74612E0D0A54616D62E96D20666F6920696D706C656D656E7461646F20756D206D656E75206E612074656C61206A6F676F20636F6D206173206F70E7F56573206E6F766F206520736169722E0D0A,'descricao jogo da forca.txt','text/plain',688),
 (4,0x255044462D312E350D0A25B5B5B5B50D0A312030206F626A0D0A3C3C2F547970652F436174616C6F672F50616765732032203020522F4C616E672870742D425229202F53747275637454726565526F6F74203133203020522F4D61726B496E666F3C3C2F4D61726B656420747275653E3E3E3E0D0A656E646F626A0D0A322030206F626A0D0A3C3C2F547970652F50616765732F436F756E7420322F4B6964735B203320302052203130203020525D203E3E0D0A656E646F626A0D0A332030206F626A0D0A3C3C2F547970652F506167652F506172656E742032203020522F5265736F75726365733C3C2F466F6E743C3C2F46312035203020522F46322038203020523E3E2F4578744753746174653C3C2F4753372037203020523E3E2F50726F635365745B2F5044462F546578742F496D616765422F496D616765432F496D616765495D203E3E2F4D65646961426F785B20302030203539352E3332203834312E39325D202F436F6E74656E74732034203020522F47726F75703C3C2F547970652F47726F75702F532F5472616E73706172656E63792F43532F4465766963655247423E3E2F546162732F532F537472756374506172656E747320303E3E0D0A656E646F626A0D0A342030206F626A0D0A3C3C2F46696C7465722F466C6174654465636F64652F4C656E67746820323832343E3E0D0A73747265616D0D0A789C8D5ACB8EDC3616DD1BF03F68A902BA65F1A1571004B0DD79623AF1C49D55300B75A9BACD4C9554AD4763309F385F318117810DCC2A98CDACE63E4889AA6A551702B825EA92BC3CBCF7F05C568257EF822FBF7C75FDF6FBAB20FEEAABE0CDD5DBE0CDCDCB17AFBE1181D051AC839BBB972F4410C37F22902A8DD222C8741AA93CB8D981DDB7EFB3E0BE7BF9220EEEF19F6F5FBEF835BC5AE9B0AC56973A6CE0A95B5DAA30A856695806D70DFCA957F8011AEFF19F769587E59DC12EABBF05373FBC7CF135CC8F3EB85955924759E2CFFA6B1878B6C1D7D76F83C05B88982D440642CE569127918085654246716AC7BB32DD7AB3CAC03770A9C7A72F0EBC2144E60309252399CE070A161621547264FB767529C34F0C918861FD3A6C83EF10B70D3CD6ED4A85E661806F821A82D56511FE6565DF4C8FAE527B45FFBEDEDE0E685D5063FB306C96F014791467CB6E1FE129CFC233CD535C218FF7536B680D04675935B8967310D55914CBF9508B8826F191ED55BB4AC268B1470A8194CD7B7C0301497881AB296D418D10564DF00E7D6FEA7E28B716E1F7D432FC7375999065306EC6476C6A821F681FFF571B58EF02F6691C69B5BCC023ECD579D8E3B06EBCEB15061038B45B0915DE729241CA410EC26319504B495BB3C6B43B675F7215C5C97C9A4594616D87B6A7F745C69AF6C5EF41B9D19AAEFFF3F16383F8A74FE0FF06F2B4357DB304B64C903816BD3E025B9F07B6D251EAC6BB413FFFD30F5BA23B48519141F430D0FC42BBD010DCCD3D6E447987A166CEC15DC632CA93F98CCB28425A8BB9ED2FBDD9E2C40630CB08B33F285A3D572DB3E0F3CFB8167CAF1C8B74F8258F43461EA3C594C635EE9B963AA6BC594DDD0D3B7C3090EE1B84C319628E997AEA88E334BB86886D69350E6B194799B6AB79DD13A70C94A5FD66996AB348CD7B564BA65A1D9A121E84041C09C4028C498B9BB6C6D0C3B75B58E4D23E28E0A5623EE8C9A84BCE8ABAA448BCE3AAEC21A14A97D1953B0A28B268E3CECAEA54473A998FBCCC9DD9916D9CBD8AD35738B78C855C8243CA4864CB931CC1919E07475A4452D9F1BE6BDADF5B0C32E2B86401913300C932F2D51FFB8B40880F8B2927222DE6F627D7969DB736884A51D8F17E46EAEB06CC276612CCCDC3CD9D429FA86E36C04987F243CDF7B443228B1261C7FB2BE41F88B80A1944C922747F29AB7D0EA0F69C19A6DB8000F8ADA426E0EC0DDA601A6F0D6ED4C8E8DC270D879D335DB358041ADDB725C4BC9DAC761C862F7D6B1ECD38E205B62A3E97BB6E436FCC7DC36E53F725F31DF623A786671848176994671E39D48FCDF691DCC6E1C807010EB9873D4A1DA24A76809D1423D1A20D13E0B4205184DED77EB3B34FBBD290727243130FADE1D0C3873DA2E2D3399AF8B3C0E9892634D9856D73760F44A25BEBDBA795D0CF31B1CED248B818E0BDFE8093D1A140C1A005CB8EBA87FDE585C18448FA49CC60F44365B82C58C827283964329FAAA311606C0EB811BCA685AD9CF640177383C340CCDDA9C383F9D870AFBD47F27AE4F845CDE250499248BBE8B832E3C904A76D45609068E770CEC20E453BC4211FC4F0D56D5D311DB9C1E81704C8EA320F4BD7D8D4DE90CD64C74B15E35AF3293B3098EA0FEEECB75DEC11D6F6B84B9398F2BC70937443D905DC1B9A30D6FEEB54818CADB7A7E1013192B99DB4B30897795822246155FA82C37EA746920B2A768BDC3C60B6A2E1674499C508D93892D996DD857DE7DC1B4BA70B3BAE952CC0305C720D9E4F8F6848708CD6632A0FF8E4D9DE351828ED0E13985CD0F1A4A4D07FB323D9550F44146ED2F29C3CC3B2DB45147B705B5234B292AB4A16C31364CDC8912D1E829F5D0DC308054BDA47CA1C75FA6CBE722C468393A86390053505CAFDCA96AE3D2DF59186B8E031066E3B20793C3A769FFAA682CCC6148610E523A5DFF0C0A7015285C243D70ABB316520A35D364F4C69B59BCD648C861F9B7EE99E01C5762AE6E35F2EDAD24DC8CC96829AA6AF89B3B014DC5295CED1E01A0903F732E5718BB70EB006674E670D711BB83D2544ECC9F4CDD478ACD0E3894EDC418754D43517ABE2598C338022F183D0D46BB3A733C3736E839902E2C0E65522D2F0B675757467B6EE2AC3B44D17914111FEF811B6BAB12FFF660FF1B16FCA0BA41AFBEAD69BC8A7168CAD472BC6C6EE234EEF861FBA1280CBC62ED87D774ED9A11289B514AF9F36665BAE4960D6E5CE251E6C0E1D4DD201ADD9EDFE139E28999D895CC66367A95A1058FBCE26249C411CC0AA17BBC1B993177EB7E012CA0E9D07376B389E170FD89404AEDF2DA61EBB0D624FDAC294DBA95CC46DD5A9E5A16A8015B35778623AA941F18574F868FE003EE4AD0642C4E390E4C086F1A84C4777812C466C810987D019290F2049178E3DC926E2C4ED074A8F540047FEB6E9CD23D5DC49865C0E33B7E60EA363ED2F46241C1E222D98BA5A0C9081BECC4F617C1F3AB68DBD044C2920C5610AA64FE5601A7BB203FDA4F8D8D4E8D154C692CB9537ADE332F4E63968448CA465036726106F5996899883104565218EA405FA59C4AC7CD0EC09555E79769CE979EA14A4773F693FAC479E7712B398D46F0EE7EC983F346EC4AD36C76D57CF81665800406B1125F91C8025BAD63A899203B01C5DE7A8CFD84B27529B53A9678197798157339E1EC641A4E63DDE0EF5982A52596D2AAD3825354191255137783187161445A6EB1D79EE48E448958F204A209AEFB116AC97D2BC006892B98BBE6499694FA966D3BFAE76A626F83BCC347D6C3C956476C1FFAAEF6CE0384CDD986791ADC4F2D9EDCA75891AE6EF9B51509094A14C65D6A85C015784D74D4565623A360230BFBCFB9AE9E7ADAB08DB0153BC1D22B6BD695D942D2B81820A9099634BA1A5E218F5D3CCD6C1A0E68CA26CA4E933234DE574433F1B9A09674DF219086F89E8B52C227500EDD2345AC92897735B4AE2C63A4BF2B3692B3A91682BCEDF5B9DE3B5110FFA6029CFF0AF0296AFB3297B04CFB56B38FADD117859783A4F48C97A6FBCD8D95361A4483FE22056FDAF49096C3FD06C95D35BCC5FA92D2A48F3D7E673EDDCC0232B234EF2AE43CF6624081B7DB0E6A5B049206C0E4C396A9E03546651EE7669BA2621607F1FFD1C03106A91A1069CF1FEDDA018BA1CDB1912A5ECD936BD36B7BD8719B61C5D5D2C466C22F0E269E624F9E2499AD995852CC6B34941A4F1893CE006ED27F72C199ABA67191D3D2F60654C3F2479BF253454BB6CA1205BB83A932A12071D97364FC0FAC4DCD4212E145EAEB8B35C71A18E7FEF5D0939D88699D650A3D6F02B49553C25F6F5534A43CF94861E9586ABAC68384F65E8439541B33D2D2034DE10D19DC049CCF1879FF1075AD267E61F94D324F88AA373B198253E4F7D87227B6BA394EEC25076D7CDF6CFFB551E1AB29CCA3C5B726E38B6B2D00EB51B99C4D80B91E3CB9DFDE1FD0BFF997E40A557C71A0F543A8DCDFEFDCAE75DC4AEFEF41C3C6912A52E5CBC6A554EEC86B7A978B105295B6165ECB5DF35061F72D765C7FB8E258FB9C71FAECD9D59DB08E3ED0656E0AC7305999D80D22AB6BBB198C76994ABB9CBB5EBE979F51EB7EB48AA4C4A45A1509140CD77583F60064C7B33F2C0C5193257681D152EB688B4DD614234928929E9546AAF39D3D9A5804ABCDB51F8B4EFCC9AC2AA800A81ED338BB24AF371048BB3CA9681C68E47489317AEE761E4E347F0E5F9CB20217524DD063CA1CCBCDFF2523F9D52166556E78CDC94CC55193558C1E5C2DE8AAE7B5710B94B2FB4E40B0BBF0941E7CB42AE9660AC4B86C6B971C05F7C2FC4EE9E2E974EE3122BD4FED3A5D501D3C51ED389290C285363D0B8D6C66A0858C1680D5FBB666D50256FA9B7702120F0BED05E2858CB490937D6F6195FE2E2F0E6199BF64BFFA786E6FFE565B6DA23768659E9472E0A5D7C6B8E7EF1F93F30D818750D0A656E6473747265616D0D0A656E646F626A0D0A352030206F626A0D0A3C3C2F547970652F466F6E742F537562747970652F54727565547970652F4E616D652F46312F42617365466F6E742F54696D65732332304E6577233230526F6D616E2F456E636F64696E672F57696E416E7369456E636F64696E672F466F6E7444657363726970746F722036203020522F4669727374436861722033322F4C61737443686172203235302F576964746873203332203020523E3E0D0A656E646F626A0D0A362030206F626A0D0A3C3C2F547970652F466F6E7444657363726970746F722F466F6E744E616D652F54696D65732332304E6577233230526F6D616E2F466C6167732033322F4974616C6963416E676C6520302F417363656E74203839312F44657363656E74202D3231362F436170486569676874203639332F4176675769647468203430312F4D6178576964746820323536382F466F6E74576569676874203430302F58486569676874203235302F4C656164696E672034322F5374656D562034302F466F6E7442426F785B202D353638202D3231362032303030203639335D203E3E0D0A656E646F626A0D0A372030206F626A0D0A3C3C2F547970652F4578744753746174652F424D2F4E6F726D616C2F636120313E3E0D0A656E646F626A0D0A382030206F626A0D0A3C3C2F547970652F466F6E742F537562747970652F54727565547970652F4E616D652F46322F42617365466F6E742F54696D65732332304E6577233230526F6D616E2C426F6C642F456E636F64696E672F57696E416E7369456E636F64696E672F466F6E7444657363726970746F722039203020522F4669727374436861722033322F4C61737443686172203233372F576964746873203333203020523E3E0D0A656E646F626A0D0A392030206F626A0D0A3C3C2F547970652F466F6E7444657363726970746F722F466F6E744E616D652F54696D65732332304E6577233230526F6D616E2C426F6C642F466C6167732033322F4974616C6963416E676C6520302F417363656E74203839312F44657363656E74202D3231362F436170486569676874203637372F4176675769647468203432372F4D6178576964746820323535382F466F6E74576569676874203730302F58486569676874203235302F4C656164696E672034322F5374656D562034322F466F6E7442426F785B202D353538202D3231362032303030203637375D203E3E0D0A656E646F626A0D0A31302030206F626A0D0A3C3C2F547970652F506167652F506172656E742032203020522F5265736F75726365733C3C2F466F6E743C3C2F46312035203020522F46322038203020523E3E2F50726F635365745B2F5044462F546578742F496D616765422F496D616765432F496D616765495D203E3E2F4D65646961426F785B20302030203539352E3332203834312E39325D202F436F6E74656E7473203131203020522F47726F75703C3C2F547970652F47726F75702F532F5472616E73706172656E63792F43532F4465766963655247423E3E2F546162732F532F537472756374506172656E747320313E3E0D0A656E646F626A0D0A31312030206F626A0D0A3C3C2F46696C7465722F466C6174654465636F64652F4C656E677468203438313E3E0D0A73747265616D0D0A789C75525D4BEB40107D0FE43FCCE32E34DB6CB2CDDA8B085A3FF08250B46FE2439AC4EB629B0D49DA1FAC0F82BFE2CE6CA2A4D51008BBB37366CE9C33305DC2E9E9F46E717B09E1D9195C5C2EE062E57BD36B093282D5B3EF4908F1937032133254A09350E0C3D6F742F847BF1BDF7B64D73C6129572CE3C18C1578585BFB2A8007329EB3050F2266B796AE4AB2AAE6313365662A426CFA6886675BB6B559EF0CE57FE0FD9D627D916793F199EBD10706476AB8E7C19C99FCB3CC908A49DD8B66F920CB6C7910B3CAD6ED1B562AA96197A730CF0E4A35ED2EB7C4A18F611149559E60F5D7F7AE501E92E85897782E5427CC23BBE53266655BF040B3BA2CB8662D1413A8DC1D47C7FE38FD665B942DD1A6A61320AA0DDC13490AE48E0A3CF00045E8C89A0632D40EA544629239445B94BB1447C66E90537D828193B8C92C5405E1EB8CD3037AB336B9152393A8448BF8E47092E1D47075B700186C8C3CD898686C63C24424495F6FC99178BA49F775DA8CD090D15CE8235830961BC7421FA692542F2462BA770AFE3982FEB2DA524B91CC0ECB8CD92DB5FA917B4FCBE23CFB72B3A1D509D903F1F8366FD299EB7C597E417A6B947366D2F97ADE52807C559DAF051A0CAE0B8147FD43E1A2687C8C1FFE4503FF8E4C4B70CC707409FE03481CF2350D0A656E6473747265616D0D0A656E646F626A0D0A31322030206F626A0D0A3C3C2F417574686F7228416C62757175657271756529202F43726561746F7228FEFF004D006900630072006F0073006F0066007400AE00200057006F007200640020003200300031003029202F4372656174696F6E4461746528443A32303132303630323232333730322D30332730302729202F4D6F644461746528443A32303132303630323232333730322D30332730302729202F50726F647563657228FEFF004D006900630072006F0073006F0066007400AE00200057006F007200640020003200300031003029203E3E0D0A656E646F626A0D0A31392030206F626A0D0A3C3C2F547970652F4F626A53746D2F4E2031382F4669727374203132362F46696C7465722F466C6174654465636F64652F4C656E677468203431383E3E0D0A73747265616D0D0A789CA594CD6AE3301080EF85BEC3BC81349225BB500A4B7FD8A5348438B0872507359926A68E555405DAB7DF91E5EEFA90C38A055BF3237D3363C923AC418292601014024A054A011A0D8A1F5981E2C7187E414B0BCA823635A81A2AD9806AA032573CC13482463056035AB0680035D41547AAA0D1EC6487B457800D204A4EC52AB27D7D2D968990B012AD588AF5E71B893686D336DEF774148FBF406E402CF7A0D39A9B9BCB8B7F40B01C51E5882E47AA72C49423B61CA9CB91A61C998E1265F9591631EA3CA3BF1817E2D954A91556A919468159A82C74165516260B9BC5C435A3D019D723BE8129FD2CDD3A10ADBC8F62E57B7A726FA94752615C160DE36C6A97E44935D91C6636BBA08FF8489FA0A6D00F1C6BF091C4220DF7C3EEAFB1E6A5CFFE43B4B48DE23BB91D85AC27E64BFF31F4DD40EDC1A50A93E3DBC0115CECFC30D921762F8E95D1FAE9C3EBB3F7AFE2CE6F4F47AE69F4BC1F8862DED927B70D7E66DF1E789CD9779DEBFD7EE668FB6E47B3B5390F2FDB0777140FDDFE1468FAD6C5E9F8CEFF51BA47D2268F17C99F6DFEDF13DC408A71FE182F2F7E03A1925F360D0A656E6473747265616D0D0A656E646F626A0D0A33322030206F626A0D0A5B203235302030203020302030203020302030203020302030203020323530203333332032353020323738203530302035303020353030203020302030203530302035303020302030203237382030203020302030203020302037323220363637203636372037323220363131203535362030203732322033333320333839203020363131203838392037323220373232203535362037323220363637203535362036313120373232203020302030203020302030203020302030203020302034343420353030203434342035303020343434203333332035303020353030203237382032373820353030203237382037373820353030203530302035303020353030203333332033383920323738203530302035303020302035303020302034343420302030203020302030203020302030203020302030203020302030203020302030203020302030203020302030203020302030203020302030203020302030203020302030203020302030203020302030203020302030203020302030203020302030203020302030203020302030203020302030203020302030203020302030203020302030203020302030203020302030203020302030203020302036313120302030203020302030203020302030203020302030203020302030203020302030203020302030203020343434203434342034343420343434203020302030203434342030203434342034343420302030203020302030203020302030203530302030203530302030203020302030203530305D200D0A656E646F626A0D0A33332030206F626A0D0A5B203235302030203020302030203020302030203020302030203020302033333320302030203020302030203020302030203020302030203020333333203020302030203020302030203020302030203732322030203020302037373820302030203020302039343420302037373820363131203020373232203020363637203020302030203020302030203020302030203020302030203530302035353620343434203535362034343420333333203530302035353620323738203020302032373820383333203535362035303020302030203434342033383920333333203535362035303020302030203020302030203020302030203020302030203020302030203020302030203020302030203020302030203020302030203020302030203020302030203020302030203020302030203020302030203020302030203020302030203020302030203020302030203020302030203020302030203020302030203020302030203020302030203020302030203020302030203020302030203020302030203020302030203020302030203020302030203020302030203020302030203020302030203020302030203020302030203020302035303020302030203020302030203020302030203020302030203237385D200D0A656E646F626A0D0A33342030206F626A0D0A3C3C2F547970652F585265662F53697A652033342F575B2031203420325D202F526F6F742031203020522F496E666F203132203020522F49445B3C43453046414531454136373330423443393233463831423439343743464637413E3C43453046414531454136373330423443393233463831423439343743464637413E5D202F46696C7465722F466C6174654465636F64652F4C656E677468203131363E3E0D0A73747265616D0D0A789C35CE3D0E83300C866187FE504A218982100357EDDE95A1637B8A4A2C5C80BB7087D4F54B3DF8D127D99645B47276DAA3C88F3B2C865B8D6604523BC366F8B71126233E8CF41129F44A92065AF070837D24E842F7FC2707051CE0082738430917A820C2156A3DDDBFECA541DFFD022EE40E010D0A656E6473747265616D0D0A656E646F626A0D0A787265660D0A302033350D0A3030303030303030313320363535333520660D0A30303030303030303137203030303030206E0D0A30303030303030313235203030303030206E0D0A30303030303030313838203030303030206E0D0A30303030303030343537203030303030206E0D0A30303030303033333536203030303030206E0D0A30303030303033353239203030303030206E0D0A30303030303033373637203030303030206E0D0A30303030303033383230203030303030206E0D0A30303030303033393938203030303030206E0D0A30303030303034323431203030303030206E0D0A30303030303034343838203030303030206E0D0A30303030303035303434203030303030206E0D0A3030303030303030313420363535333520660D0A3030303030303030313520363535333520660D0A3030303030303030313620363535333520660D0A3030303030303030313720363535333520660D0A3030303030303030313820363535333520660D0A3030303030303030313920363535333520660D0A3030303030303030323020363535333520660D0A3030303030303030323120363535333520660D0A3030303030303030323220363535333520660D0A3030303030303030323320363535333520660D0A3030303030303030323420363535333520660D0A3030303030303030323520363535333520660D0A3030303030303030323620363535333520660D0A3030303030303030323720363535333520660D0A3030303030303030323820363535333520660D0A3030303030303030323920363535333520660D0A3030303030303030333020363535333520660D0A3030303030303030333120363535333520660D0A3030303030303030303020363535333520660D0A30303030303035373839203030303030206E0D0A30303030303036333830203030303030206E0D0A30303030303036383735203030303030206E0D0A747261696C65720D0A3C3C2F53697A652033352F526F6F742031203020522F496E666F203132203020522F49445B3C43453046414531454136373330423443393233463831423439343743464637413E3C43453046414531454136373330423443393233463831423439343743464637413E5D203E3E0D0A7374617274787265660D0A373139320D0A2525454F460D0A787265660D0A3020300D0A747261696C65720D0A3C3C2F53697A652033352F526F6F742031203020522F496E666F203132203020522F49445B3C43453046414531454136373330423443393233463831423439343743464637413E3C43453046414531454136373330423443393233463831423439343743464637413E5D202F5072657620373139322F5852656653746D20363837353E3E0D0A7374617274787265660D0A383034380D0A2525454F46,'Dados da Monografia.pdf','application/pdf',8224);
/*!40000 ALTER TABLE `arquivo` ENABLE KEYS */;


--
-- Definition of table `authassignment`
--

DROP TABLE IF EXISTS `authassignment`;
CREATE TABLE `authassignment` (
  `itemname` varchar(64) NOT NULL,
  `userid` varchar(64) NOT NULL,
  `bizrule` text,
  `data` text,
  PRIMARY KEY (`itemname`,`userid`)
) ENGINE=MyISAM DEFAULT CHARSET=latin1;

--
-- Dumping data for table `authassignment`
--

/*!40000 ALTER TABLE `authassignment` DISABLE KEYS */;
INSERT INTO `authassignment` (`itemname`,`userid`,`bizrule`,`data`) VALUES 
 ('SuperAdmin','1','','');
/*!40000 ALTER TABLE `authassignment` ENABLE KEYS */;


--
-- Definition of table `authitem`
--

DROP TABLE IF EXISTS `authitem`;
CREATE TABLE `authitem` (
  `name` varchar(64) NOT NULL,
  `type` int(11) NOT NULL,
  `description` text,
  `bizrule` text,
  `data` text,
  PRIMARY KEY (`name`)
) ENGINE=MyISAM DEFAULT CHARSET=latin1;

--
-- Dumping data for table `authitem`
--

/*!40000 ALTER TABLE `authitem` DISABLE KEYS */;
INSERT INTO `authitem` (`name`,`type`,`description`,`bizrule`,`data`) VALUES 
 ('SuperAdmin',2,'','',''),
 ('RbacAssignmentEditor',1,'','',''),
 ('RbacViewer',0,'','',''),
 ('RbacEditor',1,'','',''),
 ('RbacAssignmentViewer',0,'','',''),
 ('RbacAdmin',2,'','',''),
 ('registered',2,'Default role by Yii-conf','return !Yii::app()->user->isGuest;',''),
 ('manage',0,'tarefa de teste','',''),
 ('admin',2,'','',''),
 ('updateRelatorio',0,'autorização de atualização do relatorio','return ($params[\"dias\"]<=1);',''),
 ('manageTotalFrequencia',1,'','',''),
 ('viewUnidade',0,'pode ver uma unidade','',''),
 ('viewDepartamento',0,'pode ver um departamento','',''),
 ('viewSetor',0,'pode ver um setor','',''),
 ('manageDepartamento',1,'pode gerenciar departamentos','',''),
 ('manageSetor',1,'pode gerenciar setor','',''),
 ('manegeUnidade',1,'pode gerenciar uma unidade','',''),
 ('manageTotalRelatorio',1,'gerencia o envio da quantidade de relatórios','',''),
 ('adminUser',0,'administração de usuário','',''),
 ('viewRelatorio',0,'','',''),
 ('createRelatorio',0,'','',''),
 ('manageUser',1,'Gerenciamento do usuário','',''),
 ('deleteteRelatorio',0,'','',''),
 ('adminRelatorio',1,'','',''),
 ('indexRelatorio',0,'','',''),
 ('manageRelatorio',1,'','',''),
 ('activeUser',0,'ativar usuário','',''),
 ('inactiveUser',0,'desativar usuário','',''),
 ('homePerfil',0,'perfil do usuário logado','',''),
 ('deleteUnidade',0,'deletar uma unidade','',''),
 ('updateUnidade',0,'atualizar uma unidade','',''),
 ('adminUnidade',1,'administrar unidades','',''),
 ('listUnidade',0,'listar unidade','',''),
 ('createUnidade',0,'pode criar uma unidade de saúde','',''),
 ('viewUser',0,'visualizar os dados do usuário','',''),
 ('viewTotalRelatorio',0,'visualizar quantidade de relatórios','',''),
 ('adminTotalRelatorio',1,'administrar a quantidade de relatorios','',''),
 ('createTotalRelatorio',0,'cadastrar a quantidade de relatorios referentes a um servidor','',''),
 ('listTotalRelatorio',0,'vê os relatórios.','',''),
 ('viewTotalFrequencia',0,'ver o total de frequencia dos usuários','',''),
 ('createTotalFrequencia',0,'cadastrar a quantidade frequencia mensal','',''),
 ('listTotalFrequencia',0,'lista a frequencia dos relatorios','',''),
 ('adminTotalFrequencia',1,'administrar a quantidade de relatorios mensais','',''),
 ('findUnidadesUnidade',0,'','','');
/*!40000 ALTER TABLE `authitem` ENABLE KEYS */;


--
-- Definition of table `authitemchild`
--

DROP TABLE IF EXISTS `authitemchild`;
CREATE TABLE `authitemchild` (
  `parent` varchar(64) NOT NULL,
  `child` varchar(64) NOT NULL,
  PRIMARY KEY (`parent`,`child`),
  KEY `child` (`child`)
) ENGINE=MyISAM DEFAULT CHARSET=latin1;

--
-- Dumping data for table `authitemchild`
--

/*!40000 ALTER TABLE `authitemchild` DISABLE KEYS */;
INSERT INTO `authitemchild` (`parent`,`child`) VALUES 
 ('admin','adminTotalFrequencia'),
 ('admin','adminTotalRelatorio'),
 ('admin','manageDepartamento'),
 ('admin','manageRelatorio'),
 ('admin','manageSetor'),
 ('admin','manageTotalRelatorio'),
 ('admin','manegeUnidade'),
 ('admin','viewUser'),
 ('adminTotalFrequencia','createTotalFrequencia'),
 ('adminTotalFrequencia','viewTotalFrequencia'),
 ('adminTotalRelatorio','createTotalRelatorio'),
 ('adminUnidade','createUnidade'),
 ('adminUnidade','deleteUnidade'),
 ('adminUnidade','updateUnidade'),
 ('manageDepartamento','viewDepartamento'),
 ('manageRelatorio','adminRelatorio'),
 ('manageRelatorio','deleteteRelatorio'),
 ('manageRelatorio','updateRelatorio'),
 ('manageSetor','viewSetor'),
 ('manageUser','activeUser'),
 ('manageUser','adminUser'),
 ('manageUser','inactiveUser'),
 ('manegeUnidade','adminUnidade'),
 ('RbacAdmin','RbacAssignmentEditor'),
 ('RbacAdmin','RbacEditor'),
 ('RbacAssignmentEditor','RbacAssignmentViewer'),
 ('RbacEditor','RbacViewer'),
 ('registered','createRelatorio'),
 ('registered','findUnidadesUnidade'),
 ('registered','homePerfil'),
 ('registered','indexRelatorio'),
 ('registered','listTotalFrequencia'),
 ('registered','listTotalRelatorio'),
 ('registered','listUnidade'),
 ('registered','updateRelatorio'),
 ('registered','viewRelatorio'),
 ('registered','viewTotalRelatorio'),
 ('registered','viewUnidade'),
 ('SuperAdmin','admin'),
 ('SuperAdmin','createRelatorio'),
 ('SuperAdmin','manageTotalFrequencia'),
 ('SuperAdmin','manageUser'),
 ('SuperAdmin','RbacAdmin');
/*!40000 ALTER TABLE `authitemchild` ENABLE KEYS */;


--
-- Definition of table `auxiliar_enfermagem`
--

DROP TABLE IF EXISTS `auxiliar_enfermagem`;
CREATE TABLE `auxiliar_enfermagem` (
  `servidor_cpf` varchar(11) NOT NULL,
  `unidade_cnes` varchar(10) NOT NULL DEFAULT '',
  `data_desativacao` date DEFAULT NULL,
  `ativo` char(1) DEFAULT NULL,
  `data_cadastro` timestamp NOT NULL DEFAULT CURRENT_TIMESTAMP,
  PRIMARY KEY (`servidor_cpf`,`unidade_cnes`) USING BTREE,
  KEY `foreign_key_unidade_cnes` (`unidade_cnes`),
  KEY `Index_3` (`servidor_cpf`) USING BTREE,
  CONSTRAINT `auxiliar_enfermagem_ibfk_1` FOREIGN KEY (`servidor_cpf`) REFERENCES `servidor` (`cpf`),
  CONSTRAINT `auxiliar_enfermagem_ibfk_2` FOREIGN KEY (`unidade_cnes`) REFERENCES `unidade` (`cnes`)
) ENGINE=InnoDB DEFAULT CHARSET=latin1 ROW_FORMAT=DYNAMIC;

--
-- Dumping data for table `auxiliar_enfermagem`
--

/*!40000 ALTER TABLE `auxiliar_enfermagem` DISABLE KEYS */;
/*!40000 ALTER TABLE `auxiliar_enfermagem` ENABLE KEYS */;


--
-- Definition of table `auxiliar_enfermagem_executa_item`
--

DROP TABLE IF EXISTS `auxiliar_enfermagem_executa_item`;
CREATE TABLE `auxiliar_enfermagem_executa_item` (
  `auxiliar_enfermagem_cpf` varchar(11) NOT NULL,
  `item_id` int(11) NOT NULL,
  `auxiliar_enfermagem_unidade_cnes` varchar(10) NOT NULL DEFAULT '',
  `quantidade` int(11) DEFAULT NULL,
  `competencia` int(6) NOT NULL,
  PRIMARY KEY (`auxiliar_enfermagem_cpf`,`item_id`,`auxiliar_enfermagem_unidade_cnes`,`competencia`),
  KEY `FK_auxiliar_enfermagem_executa_item_auxiliar_enfermagem_unidade` (`auxiliar_enfermagem_cpf`,`auxiliar_enfermagem_unidade_cnes`),
  KEY `FK_auxiliar_enfermagem_executa_item_item_id` (`item_id`),
  KEY `FK_auxiliar_enfermagem_item_competencia` (`competencia`),
  CONSTRAINT `FK_auxiliar_enfermagem_executa_item_auxiliar_enfermagem_unidade` FOREIGN KEY (`auxiliar_enfermagem_cpf`, `auxiliar_enfermagem_unidade_cnes`) REFERENCES `auxiliar_enfermagem` (`servidor_cpf`, `unidade_cnes`),
  CONSTRAINT `FK_auxiliar_enfermagem_executa_item_item_id` FOREIGN KEY (`item_id`) REFERENCES `item` (`id`),
  CONSTRAINT `FK_auxiliar_enfermagem_item_competencia` FOREIGN KEY (`competencia`) REFERENCES `competencia` (`mes_ano`)
) ENGINE=InnoDB DEFAULT CHARSET=latin1;

--
-- Dumping data for table `auxiliar_enfermagem_executa_item`
--

/*!40000 ALTER TABLE `auxiliar_enfermagem_executa_item` DISABLE KEYS */;
/*!40000 ALTER TABLE `auxiliar_enfermagem_executa_item` ENABLE KEYS */;


--
-- Definition of table `auxiliar_enfermagem_executa_meta`
--

DROP TABLE IF EXISTS `auxiliar_enfermagem_executa_meta`;
CREATE TABLE `auxiliar_enfermagem_executa_meta` (
  `auxiliar_enfermagem_cpf` varchar(11) NOT NULL DEFAULT '',
  `unidade_cnes` varchar(10) NOT NULL DEFAULT '',
  `meta_id` int(11) NOT NULL DEFAULT '0',
  `total` int(11) DEFAULT NULL,
  `data_inicio` date NOT NULL DEFAULT '0000-00-00',
  `data_fim` date NOT NULL DEFAULT '0000-00-00',
  PRIMARY KEY (`auxiliar_enfermagem_cpf`,`meta_id`,`data_inicio`,`data_fim`,`unidade_cnes`) USING BTREE,
  KEY `auxiliar_enfermagem_cpf` (`auxiliar_enfermagem_cpf`) USING BTREE,
  KEY `Index_4` (`unidade_cnes`) USING BTREE,
  KEY `Index_5` (`meta_id`) USING BTREE,
  KEY `FK_auxiliar_enfermagem_executa_meta_2` (`auxiliar_enfermagem_cpf`,`unidade_cnes`),
  CONSTRAINT `FK_auxiliar_enfermagem_executa_meta_1` FOREIGN KEY (`meta_id`) REFERENCES `meta` (`id`),
  CONSTRAINT `FK_auxiliar_enfermagem_executa_meta_2` FOREIGN KEY (`auxiliar_enfermagem_cpf`, `unidade_cnes`) REFERENCES `auxiliar_enfermagem` (`servidor_cpf`, `unidade_cnes`)
) ENGINE=InnoDB DEFAULT CHARSET=latin1 ROW_FORMAT=DYNAMIC;

--
-- Dumping data for table `auxiliar_enfermagem_executa_meta`
--

/*!40000 ALTER TABLE `auxiliar_enfermagem_executa_meta` DISABLE KEYS */;
/*!40000 ALTER TABLE `auxiliar_enfermagem_executa_meta` ENABLE KEYS */;


--
-- Definition of table `auxiliar_enfermagem_executa_procedimento`
--

DROP TABLE IF EXISTS `auxiliar_enfermagem_executa_procedimento`;
CREATE TABLE `auxiliar_enfermagem_executa_procedimento` (
  `auxiliar_enfermagem_cpf` varchar(11) NOT NULL,
  `procedimento_codigo` varchar(10) NOT NULL DEFAULT '',
  `auxiliar_enfermagem_unidade_cnes` varchar(10) NOT NULL DEFAULT '',
  `quantidade` int(11) DEFAULT NULL,
  `competencia` int(6) NOT NULL DEFAULT '0',
  PRIMARY KEY (`auxiliar_enfermagem_cpf`,`procedimento_codigo`,`auxiliar_enfermagem_unidade_cnes`,`competencia`),
  KEY `foreign_key_auxiliar_enfermagem_unidade_cnes` (`auxiliar_enfermagem_unidade_cnes`),
  KEY `foreign_key_procedimento_codigo` (`procedimento_codigo`),
  KEY `Index_5` (`competencia`) USING BTREE,
  KEY `Index_6` (`auxiliar_enfermagem_cpf`) USING BTREE,
  CONSTRAINT `auxiliar_enfermagem_executa_procedimento_ibfk_1` FOREIGN KEY (`auxiliar_enfermagem_cpf`) REFERENCES `auxiliar_enfermagem` (`servidor_cpf`),
  CONSTRAINT `auxiliar_enfermagem_executa_procedimento_ibfk_2` FOREIGN KEY (`auxiliar_enfermagem_unidade_cnes`) REFERENCES `auxiliar_enfermagem` (`unidade_cnes`),
  CONSTRAINT `auxiliar_enfermagem_executa_procedimento_ibfk_3` FOREIGN KEY (`procedimento_codigo`) REFERENCES `procedimento` (`codigo`)
) ENGINE=InnoDB DEFAULT CHARSET=latin1;

--
-- Dumping data for table `auxiliar_enfermagem_executa_procedimento`
--

/*!40000 ALTER TABLE `auxiliar_enfermagem_executa_procedimento` DISABLE KEYS */;
/*!40000 ALTER TABLE `auxiliar_enfermagem_executa_procedimento` ENABLE KEYS */;


--
-- Definition of table `cidades`
--

DROP TABLE IF EXISTS `cidades`;
CREATE TABLE `cidades` (
  `id` int(10) NOT NULL AUTO_INCREMENT,
  `cidade_nome` varchar(50) CHARACTER SET utf8 COLLATE utf8_unicode_ci DEFAULT NULL,
  `cidade_codigo_ibge` varchar(10) CHARACTER SET utf8 COLLATE utf8_unicode_ci DEFAULT NULL,
  `cidade_id_estado` int(10) unsigned DEFAULT NULL,
  `cidade_id_regional` varchar(10) CHARACTER SET utf8 COLLATE utf8_unicode_ci DEFAULT NULL,
  `cidade_codigo_estado_ibge` varchar(2) CHARACTER SET utf8 COLLATE utf8_unicode_ci NOT NULL,
  PRIMARY KEY (`id`)
) ENGINE=InnoDB AUTO_INCREMENT=5253 DEFAULT CHARSET=utf8;

--
-- Dumping data for table `cidades`
--

/*!40000 ALTER TABLE `cidades` DISABLE KEYS */;
INSERT INTO `cidades` (`id`,`cidade_nome`,`cidade_codigo_ibge`,`cidade_id_estado`,`cidade_id_regional`,`cidade_codigo_estado_ibge`) VALUES 
 (1,'IGNORADO OU EXTERIOR','000000',0,'0',''),
 (2,'MUNICIPIO IGNORADO - RO','110000',6,'0',''),
 (3,'ALTA FLORESTA D\'OESTE','110001',6,'0',''),
 (4,'ARIQUEMES','110002',6,'0',''),
 (5,'CABIXI','110003',6,'0',''),
 (6,'CACOAL','110004',6,'0',''),
 (7,'CEREJEIRAS','110005',6,'0',''),
 (8,'COLORADO DO OESTE','110006',6,'0',''),
 (9,'CORUMBIARA','110007',6,'0',''),
 (10,'COSTA MARQUES','110008',6,'0',''),
 (11,'ESPIGAO D\'OESTE','110009',6,'0',''),
 (12,'GUAJARA-MIRIM','110010',6,'0',''),
 (13,'JARU','110011',6,'0',''),
 (14,'JI-PARANA','110012',6,'0',''),
 (15,'MACHADINHO D\'OESTE','110013',6,'0',''),
 (16,'NOVA BRASILANDIA D\'OESTE','110014',6,'0',''),
 (17,'OURO PRETO DO OESTE','110015',6,'0',''),
 (18,'PIMENTA BUENO','110018',6,'0',''),
 (19,'PORTO VELHO','110020',6,'0',''),
 (20,'PRESIDENTE MEDICI','110025',6,'0',''),
 (21,'RIO CRESPO','110026',6,'0',''),
 (22,'ROLIM DE MOURA','110028',6,'0',''),
 (23,'SANTA LUZIA D\'OESTE','110029',6,'0',''),
 (24,'VILHENA','110030',6,'0',''),
 (25,'SAO MIGUEL DO GUAPORE','110032',6,'0',''),
 (26,'NOVA MAMORE','110033',6,'0',''),
 (27,'ALVORADA D\'OESTE','110034',6,'0',''),
 (28,'ALTO ALEGRE DOS PARECIS','110037',6,'0',''),
 (29,'ALTO PARAISO','110040',6,'0',''),
 (30,'BURITIS','110045',6,'0',''),
 (31,'NOVO HORIZONTE DO OESTE','110050',6,'0',''),
 (32,'CACAULANDIA','110060',6,'0',''),
 (33,'CAMPO NOVO DE RONDONIA','110070',6,'0',''),
 (34,'CANDEIAS DO JAMARI','110080',6,'0',''),
 (35,'CASTANHEIRAS','110090',6,'0',''),
 (36,'CHUPINGUAIA','110092',6,'0',''),
 (37,'CUJUBIM','110094',6,'0',''),
 (38,'GOVERNADOR JORGE TEIXEIRA','110100',6,'0',''),
 (39,'ITAPUA DO OESTE','110110',6,'0',''),
 (40,'MINISTRO ANDREAZZA','110120',6,'0',''),
 (41,'MIRANTE DA SERRA','110130',6,'0',''),
 (42,'MONTE NEGRO','110140',6,'0',''),
 (43,'NOVA UNIAO','110143',6,'0',''),
 (44,'PARECIS','110145',6,'0',''),
 (45,'PIMENTEIRAS DO OESTE','110146',6,'0',''),
 (46,'PRIMAVERA DE RONDONIA','110147',6,'0',''),
 (47,'SAO FELIPE D\'OESTE','110148',6,'0',''),
 (48,'SAO FRANCISCO DO GUAPORE','110149',6,'0',''),
 (49,'SERINGUEIRAS','110150',6,'0',''),
 (50,'TEIXEIROPOLIS','110155',6,'0',''),
 (51,'THEOBROMA','110160',6,'0',''),
 (52,'URUPA','110170',6,'0',''),
 (53,'VALE DO ANARI','110175',6,'0',''),
 (54,'VALE DO PARAISO','110180',6,'0',''),
 (55,'MUNICIPIO IGNORADO - AC','120000',7,'0',''),
 (56,'ACRELANDIA','120001',7,'0',''),
 (57,'ASSIS BRASIL','120005',7,'0',''),
 (58,'BRASILEIA','120010',7,'0',''),
 (59,'BUJARI','120013',7,'0',''),
 (60,'CAPIXABA','120017',7,'0',''),
 (61,'CRUZEIRO DO SUL','120020',7,'0',''),
 (62,'EPITACIOLANDIA','120025',7,'0',''),
 (63,'FEIJO','120030',7,'0',''),
 (64,'JORDAO','120032',7,'0',''),
 (65,'MANCIO LIMA','120033',7,'0',''),
 (66,'MANOEL URBANO','120034',7,'0',''),
 (67,'MARECHAL THAUMATURGO','120035',7,'0',''),
 (68,'PLACIDO DE CASTRO','120038',7,'0',''),
 (69,'PORTO WALTER','120039',7,'0',''),
 (70,'RIO BRANCO','120040',7,'0',''),
 (71,'RODRIGUES ALVES','120042',7,'0',''),
 (72,'SANTA ROSA DO PURUS','120043',7,'0',''),
 (73,'SENADOR GUIOMARD','120045',7,'0',''),
 (74,'SENA MADUREIRA','120050',7,'0',''),
 (75,'TARAUACA','120060',7,'0',''),
 (76,'XAPURI','120070',7,'0',''),
 (77,'PORTO ACRE','120080',7,'0',''),
 (78,'MUNICIPIO IGNORADO - AM','130000',5,'0',''),
 (79,'ALVARAES','130002',5,'0',''),
 (80,'AMATURA','130006',5,'0',''),
 (81,'ANAMA','130008',5,'0',''),
 (82,'ANORI','130010',5,'0',''),
 (83,'APUI','130014',5,'0',''),
 (84,'ATALAIA DO NORTE','130020',5,'0',''),
 (85,'AUTAZES','130030',5,'0',''),
 (86,'BARCELOS','130040',5,'0',''),
 (87,'BARREIRINHA','130050',5,'0',''),
 (88,'BENJAMIN CONSTANT','130060',5,'0',''),
 (89,'BERURI','130063',5,'0',''),
 (90,'BOA VISTA DO RAMOS','130068',5,'0',''),
 (91,'BOCA DO ACRE','130070',5,'0',''),
 (92,'BORBA','130080',5,'0',''),
 (93,'CAAPIRANGA','130083',5,'0',''),
 (94,'CANUTAMA','130090',5,'0',''),
 (95,'CARAUARI','130100',5,'0',''),
 (96,'CAREIRO','130110',5,'0',''),
 (97,'CAREIRO DA VARZEA','130115',5,'0',''),
 (98,'COARI','130120',5,'0',''),
 (99,'CODAJAS','130130',5,'0',''),
 (100,'EIRUNEPE','130140',5,'0',''),
 (101,'ENVIRA','130150',5,'0',''),
 (102,'FONTE BOA','130160',5,'0',''),
 (103,'GUAJARA','130165',5,'0',''),
 (104,'HUMAITA','130170',5,'0',''),
 (105,'IPIXUNA','130180',5,'0',''),
 (106,'IRANDUBA','130185',5,'0',''),
 (107,'ITACOATIARA','130190',5,'0',''),
 (108,'ITAMARATI','130195',5,'0',''),
 (109,'ITAPIRANGA','130200',5,'0',''),
 (110,'JAPURA','130210',5,'0',''),
 (111,'JURUA','130220',5,'0',''),
 (112,'JUTAI','130230',5,'0',''),
 (113,'LABREA','130240',5,'0',''),
 (114,'MANACAPURU','130250',5,'0',''),
 (115,'MANAQUIRI','130255',5,'0',''),
 (116,'MANAUS','130260',5,'0',''),
 (117,'MANICORE','130270',5,'0',''),
 (118,'MARAA','130280',5,'0',''),
 (119,'MAUES','130290',5,'0',''),
 (120,'NHAMUNDA','130300',5,'0',''),
 (121,'NOVA OLINDA DO NORTE','130310',5,'0',''),
 (122,'NOVO AIRAO','130320',5,'0',''),
 (123,'NOVO ARIPUANA','130330',5,'0',''),
 (124,'PARINTINS','130340',5,'0',''),
 (125,'PAUINI','130350',5,'0',''),
 (126,'PRESIDENTE FIGUEIREDO','130353',5,'0',''),
 (127,'RIO PRETO DA EVA','130356',5,'0',''),
 (128,'SANTA ISABEL DO RIO NEGRO','130360',5,'0',''),
 (129,'SANTO ANTONIO DO ICA','130370',5,'0',''),
 (130,'SAO GABRIEL DA CACHOEIRA','130380',5,'0',''),
 (131,'SAO PAULO DE OLIVENCA','130390',5,'0',''),
 (132,'SAO SEBASTIAO DO UATUMA','130395',5,'0',''),
 (133,'SILVES','130400',5,'0',''),
 (134,'TABATINGA','130406',5,'0',''),
 (135,'TAPAUA','130410',5,'0',''),
 (136,'TEFE','130420',5,'0',''),
 (137,'TONANTINS','130423',5,'0',''),
 (138,'UARINI','130426',5,'0',''),
 (139,'URUCARA','130430',5,'0',''),
 (140,'URUCURITUBA','130440',5,'0',''),
 (141,'MUNICIPIO IGNORADO - RR','140000',8,'0',''),
 (142,'AMAJARI','140002',8,'0',''),
 (143,'ALTO ALEGRE','140005',8,'0',''),
 (144,'BOA VISTA','140010',8,'0',''),
 (145,'BONFIM','140015',8,'0',''),
 (146,'CANTA','140017',8,'0',''),
 (147,'CARACARAI','140020',8,'0',''),
 (148,'CAROEBE','140023',8,'0',''),
 (149,'IRACEMA','140028',8,'0',''),
 (150,'MUCAJAI','140030',8,'0',''),
 (151,'NORMANDIA','140040',8,'0',''),
 (152,'PACARAIMA','140045',8,'0',''),
 (153,'RORAINOPOLIS','140047',8,'0',''),
 (154,'SAO JOAO DA BALIZA','140050',8,'0',''),
 (155,'SAO LUIZ','140060',8,'0',''),
 (156,'UIRAMUTA','140070',8,'0',''),
 (157,'MUNICIPIO IGNORADO - PA','150000',9,'0',''),
 (158,'ABAETETUBA','150010',9,'0',''),
 (159,'ABEL FIGUEIREDO','150013',9,'0',''),
 (160,'ACARA','150020',9,'0',''),
 (161,'AFUA','150030',9,'0',''),
 (162,'AGUA AZUL DO NORTE','150034',9,'0',''),
 (163,'ALENQUER','150040',9,'0',''),
 (164,'ALMEIRIM','150050',9,'0',''),
 (165,'ALTAMIRA','150060',9,'0',''),
 (166,'ANAJAS','150070',9,'0',''),
 (167,'ANANINDEUA','150080',9,'0',''),
 (168,'ANAPU','150085',9,'0',''),
 (169,'AUGUSTO CORREA','150090',9,'0',''),
 (170,'AURORA DO PARA','150095',9,'0',''),
 (171,'AVEIRO','150100',9,'0',''),
 (172,'BAGRE','150110',9,'0',''),
 (173,'BAIAO','150120',9,'0',''),
 (174,'BANNACH','150125',9,'0',''),
 (175,'BARCARENA','150130',9,'0',''),
 (176,'BELEM','150140',9,'0',''),
 (177,'BELTERRA','150145',9,'0',''),
 (178,'BENEVIDES','150150',9,'0',''),
 (179,'BOM JESUS DO TOCANTINS','150157',9,'0',''),
 (180,'BONITO','150160',9,'0',''),
 (181,'BRAGANCA','150170',9,'0',''),
 (182,'BRASIL NOVO','150172',9,'0',''),
 (183,'BREJO GRANDE DO ARAGUAIA','150175',9,'0',''),
 (184,'BREU BRANCO','150178',9,'0',''),
 (185,'BREVES','150180',9,'0',''),
 (186,'BUJARU','150190',9,'0',''),
 (187,'CACHOEIRA DO PIRIA','150195',9,'0',''),
 (188,'CACHOEIRA DO ARARI','150200',9,'0',''),
 (189,'CAMETA','150210',9,'0',''),
 (190,'CANAA DOS CARAJAS','150215',9,'0',''),
 (191,'CAPANEMA','150220',9,'0',''),
 (192,'CAPITAO POCO','150230',9,'0',''),
 (193,'CASTANHAL','150240',9,'0',''),
 (194,'CHAVES','150250',9,'0',''),
 (195,'COLARES','150260',9,'0',''),
 (196,'CONCEICAO DO ARAGUAIA','150270',9,'0',''),
 (197,'CONCORDIA DO PARA','150275',9,'0',''),
 (198,'CUMARU DO NORTE','150276',9,'0',''),
 (199,'CURIONOPOLIS','150277',9,'0',''),
 (200,'CURRALINHO','150280',9,'0',''),
 (201,'CURUA','150285',9,'0',''),
 (202,'CURUCA','150290',9,'0',''),
 (203,'DOM ELISEU','150293',9,'0',''),
 (204,'ELDORADO DOS CARAJAS','150295',9,'0',''),
 (205,'FARO','150300',9,'0',''),
 (206,'FLORESTA DO ARAGUAIA','150304',9,'0',''),
 (207,'GARRAFAO DO NORTE','150307',9,'0',''),
 (208,'GOIANESIA DO PARA','150309',9,'0',''),
 (209,'GURUPA','150310',9,'0',''),
 (210,'IGARAPE-ACU','150320',9,'0',''),
 (211,'IGARAPE-MIRI','150330',9,'0',''),
 (212,'INHANGAPI','150340',9,'0',''),
 (213,'IPIXUNA DO PARA','150345',9,'0',''),
 (214,'IRITUIA','150350',9,'0',''),
 (215,'ITAITUBA','150360',9,'0',''),
 (216,'ITUPIRANGA','150370',9,'0',''),
 (217,'JACAREACANGA','150375',9,'0',''),
 (218,'JACUNDA','150380',9,'0',''),
 (219,'JURUTI','150390',9,'0',''),
 (220,'LIMOEIRO DO AJURU','150400',9,'0',''),
 (221,'MAE DO RIO','150405',9,'0',''),
 (222,'MAGALHAES BARATA','150410',9,'0',''),
 (223,'MARABA','150420',9,'0',''),
 (224,'MARACANA','150430',9,'0',''),
 (225,'MARAPANIM','150440',9,'0',''),
 (226,'MARITUBA','150442',9,'0',''),
 (227,'MEDICILANDIA','150445',9,'0',''),
 (228,'MELGACO','150450',9,'0',''),
 (229,'MOCAJUBA','150460',9,'0',''),
 (230,'MOJU','150470',9,'0',''),
 (231,'MONTE ALEGRE','150480',9,'0',''),
 (232,'MUANA','150490',9,'0',''),
 (233,'NOVA ESPERANCA DO PIRIA','150495',9,'0',''),
 (234,'NOVA IPIXUNA','150497',9,'0',''),
 (235,'NOVA TIMBOTEUA','150500',9,'0',''),
 (236,'NOVO PROGRESSO','150503',9,'0',''),
 (237,'NOVO REPARTIMENTO','150506',9,'0',''),
 (238,'','150510',9,'0',''),
 (239,'OEIRAS DO PARA','150520',9,'0',''),
 (240,'ORIXIMINA','150530',9,'0',''),
 (241,'OUREM','150540',9,'0',''),
 (242,'OURILANDIA DO NORTE','150543',9,'0',''),
 (243,'PACAJA','150548',9,'0',''),
 (244,'PALESTINA DO PARA','150549',9,'0',''),
 (245,'PARAGOMINAS','150550',9,'0',''),
 (246,'PARAUAPEBAS','150553',9,'0',''),
 (247,'PAU D\'ARCO','150555',9,'0',''),
 (248,'PEIXE-BOI','150560',9,'0',''),
 (249,'PICARRA','150563',9,'0',''),
 (250,'PLACAS','150565',9,'0',''),
 (251,'PONTA DE PEDRAS','150570',9,'0',''),
 (252,'PORTEL','150580',9,'0',''),
 (253,'PORTO DE MOZ','150590',9,'0',''),
 (254,'PRAINHA','150600',9,'0',''),
 (255,'PRIMAVERA','150610',9,'0',''),
 (256,'QUATIPURU','150611',9,'0',''),
 (257,'REDENCAO','150613',9,'0',''),
 (258,'RIO MARIA','150616',9,'0',''),
 (259,'RONDON DO PARA','150618',9,'0',''),
 (260,'RUROPOLIS','150619',9,'0',''),
 (261,'SALINOPOLIS','150620',9,'0',''),
 (262,'SALVATERRA','150630',9,'0',''),
 (263,'SANTA BARBARA DO PARA','150635',9,'0',''),
 (264,'SANTA CRUZ DO ARARI','150640',9,'0',''),
 (265,'SANTA ISABEL DO PARA','150650',9,'0',''),
 (266,'SANTA LUZIA DO PARA','150655',9,'0',''),
 (267,'SANTA MARIA DAS BARREIRAS','150658',9,'0',''),
 (268,'SANTA MARIA DO PARA','150660',9,'0',''),
 (269,'SANTANA DO ARAGUAIA','150670',9,'0',''),
 (270,'SANTAREM','150680',9,'0',''),
 (271,'SANTAREM NOVO','150690',9,'0',''),
 (272,'SANTO ANTONIO DO TAUA','150700',9,'0',''),
 (273,'SAO CAETANO DE ODIVELAS','150710',9,'0',''),
 (274,'SAO DOMINGOS DO ARAGUAIA','150715',9,'0',''),
 (275,'SAO DOMINGOS DO CAPIM','150720',9,'0',''),
 (276,'SAO FELIX DO XINGU','150730',9,'0',''),
 (277,'SAO FRANCISCO DO PARA','150740',9,'0',''),
 (278,'SAO GERALDO DO ARAGUAIA','150745',9,'0',''),
 (279,'SAO JOAO DA PONTA','150746',9,'0',''),
 (280,'SAO JOAO DE PIRABAS','150747',9,'0',''),
 (281,'SAO JOAO DO ARAGUAIA','150750',9,'0',''),
 (282,'SAO MIGUEL DO GUAMA','150760',9,'0',''),
 (283,'SAO SEBASTIAO DA BOA VISTA','150770',9,'0',''),
 (284,'SAPUCAIA','150775',9,'0',''),
 (285,'SENADOR JOSE PORFIRIO','150780',9,'0',''),
 (286,'SOURE','150790',9,'0',''),
 (287,'TAILANDIA','150795',9,'0',''),
 (288,'TERRA ALTA','150796',9,'0',''),
 (289,'TERRA SANTA','150797',9,'0',''),
 (290,'TOME-ACU','150800',9,'0',''),
 (291,'TRACUATEUA','150803',9,'0',''),
 (292,'TRAIRAO','150805',9,'0',''),
 (293,'TUCUMA','150808',9,'0',''),
 (294,'TUCURUI','150810',9,'0',''),
 (295,'ULIANOPOLIS','150812',9,'0',''),
 (296,'URUARA','150815',9,'0',''),
 (297,'VIGIA','150820',9,'0',''),
 (298,'VISEU','150830',9,'0',''),
 (299,'VITORIA DO XINGU','150835',9,'0',''),
 (300,'XINGUARA','150840',9,'0',''),
 (301,'MUNICIPIO IGNORADO - AP','160000',10,'0',''),
 (302,'SERRA DO NAVIO','160005',10,'0',''),
 (303,'AMAPA','160010',10,'0',''),
 (304,'PEDRA BRANCA DO AMAPARI','160015',10,'0',''),
 (305,'CALCOENE','160020',10,'0',''),
 (306,'CUTIAS','160021',10,'0',''),
 (307,'FERREIRA GOMES','160023',10,'0',''),
 (308,'ITAUBAL','160025',10,'0',''),
 (309,'LARANJAL DO JARI','160027',10,'0',''),
 (310,'MACAPA','160030',10,'0',''),
 (311,'MAZAGAO','160040',10,'0',''),
 (312,'OIAPOQUE','160050',10,'0',''),
 (313,'PORTO GRANDE','160053',10,'0',''),
 (314,'PRACUUBA','160055',10,'0',''),
 (315,'SANTANA','160060',10,'0',''),
 (316,'TARTARUGALZINHO','160070',10,'0',''),
 (317,'VITORIA DO JARI','160080',10,'0',''),
 (318,'MUNICIPIO IGNORADO - TO','170000',11,'0',''),
 (319,'ABREULANDIA','170025',11,'0',''),
 (320,'AGUIARNOPOLIS','170030',11,'0',''),
 (321,'ALIANCA DO TOCANTINS','170035',11,'0',''),
 (322,'ALMAS','170040',11,'0',''),
 (323,'ALVORADA','170070',11,'0',''),
 (324,'ANANAS','170100',11,'0',''),
 (325,'ANGICO','170105',11,'0',''),
 (326,'APARECIDA DO RIO NEGRO','170110',11,'0',''),
 (327,'ARAGOMINAS','170130',11,'0',''),
 (328,'ARAGUACEMA','170190',11,'0',''),
 (329,'ARAGUACU','170200',11,'0',''),
 (330,'ARAGUAINA','170210',11,'0',''),
 (331,'ARAGUANA','170215',11,'0',''),
 (332,'ARAGUATINS','170220',11,'0',''),
 (333,'ARAPOEMA','170230',11,'0',''),
 (334,'ARRAIAS','170240',11,'0',''),
 (335,'AUGUSTINOPOLIS','170255',11,'0',''),
 (336,'AURORA DO TOCANTINS','170270',11,'0',''),
 (337,'AXIXA DO TOCANTINS','170290',11,'0',''),
 (338,'BABACULANDIA','170300',11,'0',''),
 (339,'BANDEIRANTES DO TOCANTINS','170305',11,'0',''),
 (340,'BARRA DO OURO','170307',11,'0',''),
 (341,'BARROLANDIA','170310',11,'0',''),
 (342,'BERNARDO SAYAO','170320',11,'0',''),
 (343,'BOM JESUS DO TOCANTINS','170330',11,'0',''),
 (344,'BRASILANDIA DO TOCANTINS','170360',11,'0',''),
 (345,'BREJINHO DE NAZARE','170370',11,'0',''),
 (346,'BURITI DO TOCANTINS','170380',11,'0',''),
 (347,'CACHOEIRINHA','170382',11,'0',''),
 (348,'CAMPOS LINDOS','170384',11,'0',''),
 (349,'CARIRI DO TOCANTINS','170386',11,'0',''),
 (350,'CARMOLANDIA','170388',11,'0',''),
 (351,'CARRASCO BONITO','170389',11,'0',''),
 (352,'CASEARA','170390',11,'0',''),
 (353,'CENTENARIO','170410',11,'0',''),
 (354,'CHAPADA DE AREIA','170460',11,'0',''),
 (355,'CHAPADA DA NATIVIDADE','170510',11,'0',''),
 (356,'COLINAS DO TOCANTINS','170550',11,'0',''),
 (357,'COMBINADO','170555',11,'0',''),
 (358,'CONCEICAO DO TOCANTINS','170560',11,'0',''),
 (359,'COUTO MAGALHAES','170600',11,'0',''),
 (360,'CRISTALANDIA','170610',11,'0',''),
 (361,'CRIXAS DO TOCANTINS','170625',11,'0',''),
 (362,'DARCINOPOLIS','170650',11,'0',''),
 (363,'DIANOPOLIS','170700',11,'0',''),
 (364,'DIVINOPOLIS DO TOCANTINS','170710',11,'0',''),
 (365,'DOIS IRMAOS DO TOCANTINS','170720',11,'0',''),
 (366,'DUERE','170730',11,'0',''),
 (367,'ESPERANTINA','170740',11,'0',''),
 (368,'FATIMA','170755',11,'0',''),
 (369,'FIGUEIROPOLIS','170765',11,'0',''),
 (370,'FILADELFIA','170770',11,'0',''),
 (371,'FORMOSO DO ARAGUAIA','170820',11,'0',''),
 (372,'FORTALEZA DO TABOCAO','170825',11,'0',''),
 (373,'GOIANORTE','170830',11,'0',''),
 (374,'GOIATINS','170900',11,'0',''),
 (375,'GUARAI','170930',11,'0',''),
 (376,'GURUPI','170950',11,'0',''),
 (377,'IPUEIRAS','170980',11,'0',''),
 (378,'ITACAJA','171050',11,'0',''),
 (379,'ITAGUATINS','171070',11,'0',''),
 (380,'ITAPIRATINS','171090',11,'0',''),
 (381,'ITAPORA DO TOCANTINS','171110',11,'0',''),
 (382,'JAU DO TOCANTINS','171150',11,'0',''),
 (383,'JUARINA','171180',11,'0',''),
 (384,'LAGOA DA CONFUSAO','171190',11,'0',''),
 (385,'LAGOA DO TOCANTINS','171195',11,'0',''),
 (386,'LAJEADO','171200',11,'0',''),
 (387,'LAVANDEIRA','171215',11,'0',''),
 (388,'LIZARDA','171240',11,'0',''),
 (389,'LUZINOPOLIS','171245',11,'0',''),
 (390,'MARIANOPOLIS DO TOCANTINS','171250',11,'0',''),
 (391,'MATEIROS','171270',11,'0',''),
 (392,'MAURILANDIA DO TOCANTINS','171280',11,'0',''),
 (393,'MIRACEMA DO TOCANTINS','171320',11,'0',''),
 (394,'MIRANORTE','171330',11,'0',''),
 (395,'MONTE DO CARMO','171360',11,'0',''),
 (396,'MONTE SANTO DO TOCANTINS','171370',11,'0',''),
 (397,'PALMEIRAS DO TOCANTINS','171380',11,'0',''),
 (398,'MURICILANDIA','171395',11,'0',''),
 (399,'NATIVIDADE','171420',11,'0',''),
 (400,'NAZARE','171430',11,'0',''),
 (401,'NOVA OLINDA','171488',11,'0',''),
 (402,'NOVA ROSALANDIA','171500',11,'0',''),
 (403,'NOVO ACORDO','171510',11,'0',''),
 (404,'NOVO ALEGRE','171515',11,'0',''),
 (405,'NOVO JARDIM','171525',11,'0',''),
 (406,'OLIVEIRA DE FATIMA','171550',11,'0',''),
 (407,'PALMEIRANTE','171570',11,'0',''),
 (408,'PALMEIROPOLIS','171575',11,'0',''),
 (409,'PARAISO DO TOCANTINS','171610',11,'0',''),
 (410,'PARANA','171620',11,'0',''),
 (411,'PAU D\'ARCO','171630',11,'0',''),
 (412,'PEDRO AFONSO','171650',11,'0',''),
 (413,'PEIXE','171660',11,'0',''),
 (414,'PEQUIZEIRO','171665',11,'0',''),
 (415,'COLMEIA','171670',11,'0',''),
 (416,'PINDORAMA DO TOCANTINS','171700',11,'0',''),
 (417,'PIRAQUE','171720',11,'0',''),
 (418,'PIUM','171750',11,'0',''),
 (419,'PONTE ALTA DO BOM JESUS','171780',11,'0',''),
 (420,'PONTE ALTA DO TOCANTINS','171790',11,'0',''),
 (421,'PORTO ALEGRE DO TOCANTINS','171800',11,'0',''),
 (422,'PORTO NACIONAL','171820',11,'0',''),
 (423,'PRAIA NORTE','171830',11,'0',''),
 (424,'PRESIDENTE KENNEDY','171840',11,'0',''),
 (425,'PUGMIL','171845',11,'0',''),
 (426,'RECURSOLANDIA','171850',11,'0',''),
 (427,'RIACHINHO','171855',11,'0',''),
 (428,'RIO DA CONCEICAO','171865',11,'0',''),
 (429,'RIO DOS BOIS','171870',11,'0',''),
 (430,'RIO SONO','171875',11,'0',''),
 (431,'SAMPAIO','171880',11,'0',''),
 (432,'SANDOLANDIA','171884',11,'0',''),
 (433,'SANTA FE DO ARAGUAIA','171886',11,'0',''),
 (434,'SANTA MARIA DO TOCANTINS','171888',11,'0',''),
 (435,'SANTA RITA DO TOCANTINS','171889',11,'0',''),
 (436,'SANTA ROSA DO TOCANTINS','171890',11,'0',''),
 (437,'SANTA TEREZA DO TOCANTINS','171900',11,'0',''),
 (438,'SANTA TEREZINHA DO TOCANTINS','172000',11,'0',''),
 (439,'SAO BENTO DO TOCANTINS','172010',11,'0',''),
 (440,'SAO FELIX DO TOCANTINS','172015',11,'0',''),
 (441,'SAO MIGUEL DO TOCANTINS','172020',11,'0',''),
 (442,'SAO SALVADOR DO TOCANTINS','172025',11,'0',''),
 (443,'SAO SEBASTIAO DO TOCANTINS','172030',11,'0',''),
 (444,'SAO VALERIO DA NATIVIDADE','172049',11,'0',''),
 (445,'SILVANOPOLIS','172065',11,'0',''),
 (446,'SITIO NOVO DO TOCANTINS','172080',11,'0',''),
 (447,'SUCUPIRA','172085',11,'0',''),
 (448,'TAGUATINGA','172090',11,'0',''),
 (449,'TAIPAS DO TOCANTINS','172093',11,'0',''),
 (450,'TALISMA','172097',11,'0',''),
 (451,'PALMAS','172100',11,'0',''),
 (452,'TOCANTINIA','172110',11,'0',''),
 (453,'TOCANTINOPOLIS','172120',11,'0',''),
 (454,'TUPIRAMA','172125',11,'0',''),
 (455,'TUPIRATINS','172130',11,'0',''),
 (456,'WANDERLANDIA','172208',11,'0',''),
 (457,'XAMBIOA','172210',11,'0',''),
 (458,'MUNICIPIO IGNORADO - MA','210000',12,'0',''),
 (459,'ACAILANDIA','210005',12,'0',''),
 (460,'AFONSO CUNHA','210010',12,'0',''),
 (461,'AGUA DOCE DO MARANHAO','210015',12,'0',''),
 (462,'ALCANTARA','210020',12,'0',''),
 (463,'ALDEIAS ALTAS','210030',12,'0',''),
 (464,'ALTAMIRA DO MARANHAO','210040',12,'0',''),
 (465,'ALTO ALEGRE DO MARANHAO','210043',12,'0',''),
 (466,'ALTO ALEGRE DO PINDARE','210047',12,'0',''),
 (467,'ALTO PARNAIBA','210050',12,'0',''),
 (468,'AMAPA DO MARANHAO','210055',12,'0',''),
 (469,'AMARANTE DO MARANHAO','210060',12,'0',''),
 (470,'ANAJATUBA','210070',12,'0',''),
 (471,'ANAPURUS','210080',12,'0',''),
 (472,'APICUM-ACU','210083',12,'0',''),
 (473,'ARAGUANA','210087',12,'0',''),
 (474,'ARAIOSES','210090',12,'0',''),
 (475,'ARAME','210095',12,'0',''),
 (476,'ARARI','210100',12,'0',''),
 (477,'AXIXA','210110',12,'0',''),
 (478,'BACABAL','210120',12,'0',''),
 (479,'BACABEIRA','210125',12,'0',''),
 (480,'BACURI','210130',12,'0',''),
 (481,'BACURITUBA','210135',12,'0',''),
 (482,'BALSAS','210140',12,'0',''),
 (483,'BARAO DE GRAJAU','210150',12,'0',''),
 (484,'BARRA DO CORDA','210160',12,'0',''),
 (485,'BARREIRINHAS','210170',12,'0',''),
 (486,'BELAGUA','210173',12,'0',''),
 (487,'BELA VISTA DO MARANHAO','210177',12,'0',''),
 (488,'BENEDITO LEITE','210180',12,'0',''),
 (489,'BEQUIMAO','210190',12,'0',''),
 (490,'BERNARDO DO MEARIM','210193',12,'0',''),
 (491,'BOA VISTA DO GURUPI','210197',12,'0',''),
 (492,'BOM JARDIM','210200',12,'0',''),
 (493,'BOM JESUS DAS SELVAS','210203',12,'0',''),
 (494,'BOM LUGAR','210207',12,'0',''),
 (495,'BREJO','210210',12,'0',''),
 (496,'BREJO DE AREIA','210215',12,'0',''),
 (497,'BURITI','210220',12,'0',''),
 (498,'BURITI BRAVO','210230',12,'0',''),
 (499,'BURITICUPU','210232',12,'0',''),
 (500,'BURITIRANA','210235',12,'0',''),
 (501,'CACHOEIRA GRANDE','210237',12,'0',''),
 (502,'CAJAPIO','210240',12,'0',''),
 (503,'CAJARI','210250',12,'0',''),
 (504,'CAMPESTRE DO MARANHAO','210255',12,'0',''),
 (505,'CANDIDO MENDES','210260',12,'0',''),
 (506,'CANTANHEDE','210270',12,'0',''),
 (507,'CAPINZAL DO NORTE','210275',12,'0',''),
 (508,'CAROLINA','210280',12,'0',''),
 (509,'CARUTAPERA','210290',12,'0',''),
 (510,'CAXIAS','210300',12,'0',''),
 (511,'CEDRAL','210310',12,'0',''),
 (512,'CENTRAL DO MARANHAO','210312',12,'0',''),
 (513,'CENTRO DO GUILHERME','210315',12,'0',''),
 (514,'CENTRO NOVO DO MARANHAO','210317',12,'0',''),
 (515,'CHAPADINHA','210320',12,'0',''),
 (516,'CIDELANDIA','210325',12,'0',''),
 (517,'CODO','210330',12,'0',''),
 (518,'COELHO NETO','210340',12,'0',''),
 (519,'COLINAS','210350',12,'0',''),
 (520,'CONCEICAO DO LAGO-ACU','210355',12,'0',''),
 (521,'COROATA','210360',12,'0',''),
 (522,'CURURUPU','210370',12,'0',''),
 (523,'DAVINOPOLIS','210375',12,'0',''),
 (524,'DOM PEDRO','210380',12,'0',''),
 (525,'DUQUE BACELAR','210390',12,'0',''),
 (526,'ESPERANTINOPOLIS','210400',12,'0',''),
 (527,'ESTREITO','210405',12,'0',''),
 (528,'FEIRA NOVA DO MARANHAO','210407',12,'0',''),
 (529,'FERNANDO FALCAO','210408',12,'0',''),
 (530,'FORMOSA DA SERRA NEGRA','210409',12,'0',''),
 (531,'FORTALEZA DOS NOGUEIRAS','210410',12,'0',''),
 (532,'FORTUNA','210420',12,'0',''),
 (533,'GODOFREDO VIANA','210430',12,'0',''),
 (534,'GONCALVES DIAS','210440',12,'0',''),
 (535,'GOVERNADOR ARCHER','210450',12,'0',''),
 (536,'GOVERNADOR EDISON LOBAO','210455',12,'0',''),
 (537,'GOVERNADOR EUGENIO BARROS','210460',12,'0',''),
 (538,'GOVERNADOR LUIZ ROCHA','210462',12,'0',''),
 (539,'GOVERNADOR NEWTON BELLO','210465',12,'0',''),
 (540,'GOVERNADOR NUNES FREIRE','210467',12,'0',''),
 (541,'GRACA ARANHA','210470',12,'0',''),
 (542,'GRAJAU','210480',12,'0',''),
 (543,'GUIMARAES','210490',12,'0',''),
 (544,'HUMBERTO DE CAMPOS','210500',12,'0',''),
 (545,'ICATU','210510',12,'0',''),
 (546,'IGARAPE DO MEIO','210515',12,'0',''),
 (547,'IGARAPE GRANDE','210520',12,'0',''),
 (548,'IMPERATRIZ','210530',12,'0',''),
 (549,'ITAIPAVA DO GRAJAU','210535',12,'0',''),
 (550,'ITAPECURU MIRIM','210540',12,'0',''),
 (551,'ITINGA DO MARANHAO','210542',12,'0',''),
 (552,'JATOBA','210545',12,'0',''),
 (553,'JENIPAPO DOS VIEIRAS','210547',12,'0',''),
 (554,'JOAO LISBOA','210550',12,'0',''),
 (555,'JOSELANDIA','210560',12,'0',''),
 (556,'JUNCO DO MARANHAO','210565',12,'0',''),
 (557,'LAGO DA PEDRA','210570',12,'0',''),
 (558,'LAGO DO JUNCO','210580',12,'0',''),
 (559,'LAGO VERDE','210590',12,'0',''),
 (560,'LAGOA DO MATO','210592',12,'0',''),
 (561,'LAGO DOS RODRIGUES','210594',12,'0',''),
 (562,'LAGOA GRANDE DO MARANHAO','210596',12,'0',''),
 (563,'LAJEADO NOVO','210598',12,'0',''),
 (564,'LIMA CAMPOS','210600',12,'0',''),
 (565,'LORETO','210610',12,'0',''),
 (566,'LUIS DOMINGUES','210620',12,'0',''),
 (567,'MAGALHAES DE ALMEIDA','210630',12,'0',''),
 (568,'MARACACUME','210632',12,'0',''),
 (569,'MARAJA DO SENA','210635',12,'0',''),
 (570,'MARANHAOZINHO','210637',12,'0',''),
 (571,'MATA ROMA','210640',12,'0',''),
 (572,'MATINHA','210650',12,'0',''),
 (573,'MAT','210660',12,'0',''),
 (574,'MAT','210663',12,'0',''),
 (575,'MILAGRES DO MARANHAO','210667',12,'0',''),
 (576,'MIRADOR','210670',12,'0',''),
 (577,'MIRANDA DO NORTE','210675',12,'0',''),
 (578,'MIRINZAL','210680',12,'0',''),
 (579,'MONCAO','210690',12,'0',''),
 (580,'MONTES ALTOS','210700',12,'0',''),
 (581,'MORROS','210710',12,'0',''),
 (582,'NINA RODRIGUES','210720',12,'0',''),
 (583,'NOVA COLINAS','210725',12,'0',''),
 (584,'NOVA IORQUE','210730',12,'0',''),
 (585,'NOVA OLINDA DO MARANHAO','210735',12,'0',''),
 (586,'OLHO D\'AGUA DAS CUNHAS','210740',12,'0',''),
 (587,'OLINDA NOVA DO MARANHAO','210745',12,'0',''),
 (588,'PACO DO LUMIAR','210750',12,'0',''),
 (589,'PALMEIRANDIA','210760',12,'0',''),
 (590,'PARAIBANO','210770',12,'0',''),
 (591,'PARNARAMA','210780',12,'0',''),
 (592,'PASSAGEM FRANCA','210790',12,'0',''),
 (593,'PASTOS BONS','210800',12,'0',''),
 (594,'PAULINO NEVES','210805',12,'0',''),
 (595,'PAULO RAMOS','210810',12,'0',''),
 (596,'PEDREIRAS','210820',12,'0',''),
 (597,'PEDRO DO ROSARIO','210825',12,'0',''),
 (598,'PENALVA','210830',12,'0',''),
 (599,'PERI MIRIM','210840',12,'0',''),
 (600,'PERITORO','210845',12,'0',''),
 (601,'PINDARE-MIRIM','210850',12,'0',''),
 (602,'PINHEIRO','210860',12,'0',''),
 (603,'PIO XII','210870',12,'0',''),
 (604,'PIRAPEMAS','210880',12,'0',''),
 (605,'POCAO DE PEDRAS','210890',12,'0',''),
 (606,'PORTO FRANCO','210900',12,'0',''),
 (607,'PORTO RICO DO MARANHAO','210905',12,'0',''),
 (608,'PRESIDENTE DUTRA','210910',12,'0',''),
 (609,'PRESIDENTE JUSCELINO','210920',12,'0',''),
 (610,'PRESIDENTE MEDICI','210923',12,'0',''),
 (611,'PRESIDENTE SARNEY','210927',12,'0',''),
 (612,'PRESIDENTE VARGAS','210930',12,'0',''),
 (613,'PRIMEIRA CRUZ','210940',12,'0',''),
 (614,'RAPOSA','210945',12,'0',''),
 (615,'RIACHAO','210950',12,'0',''),
 (616,'RIBAMAR FIQUENE','210955',12,'0',''),
 (617,'ROSARIO','210960',12,'0',''),
 (618,'SAMBAIBA','210970',12,'0',''),
 (619,'SANTA FILOMENA DO MARANHAO','210975',12,'0',''),
 (620,'SANTA HELENA','210980',12,'0',''),
 (621,'SANTA INES','210990',12,'0',''),
 (622,'SANTA LUZIA','211000',12,'0',''),
 (623,'SANTA LUZIA DO PARUA','211003',12,'0',''),
 (624,'SANTA QUITERIA DO MARANHAO','211010',12,'0',''),
 (625,'SANTA RITA','211020',12,'0',''),
 (626,'SANTANA DO MARANHAO','211023',12,'0',''),
 (627,'SANTO AMARO DO MARANHAO','211027',12,'0',''),
 (628,'SANTO ANTONIO DOS LOPES','211030',12,'0',''),
 (629,'SAO BENEDITO DO RIO PRETO','211040',12,'0',''),
 (630,'SAO BENTO','211050',12,'0',''),
 (631,'SAO BERNARDO','211060',12,'0',''),
 (632,'SAO DOMINGOS DO AZEITAO','211065',12,'0',''),
 (633,'SAO DOMINGOS DO MARANHAO','211070',12,'0',''),
 (634,'SAO FELIX DE BALSAS','211080',12,'0',''),
 (635,'SAO FRANCISCO DO BREJAO','211085',12,'0',''),
 (636,'SAO FRANCISCO DO MARANHAO','211090',12,'0',''),
 (637,'SAO JOAO BATISTA','211100',12,'0',''),
 (638,'SAO JOAO DO CARU','211102',12,'0',''),
 (639,'SAO JOAO DO PARAISO','211105',12,'0',''),
 (640,'SAO JOAO DO SOTER','211107',12,'0',''),
 (641,'SAO JOAO DOS PATOS','211110',12,'0',''),
 (642,'SAO JOSE DE RIBAMAR','211120',12,'0',''),
 (643,'SAO JOSE DOS BASILIOS','211125',12,'0',''),
 (644,'SAO LUIS','211130',12,'0',''),
 (645,'SAO LUIS GONZAGA DO MARANHAO','211140',12,'0',''),
 (646,'SAO MATEUS DO MARANHAO','211150',12,'0',''),
 (647,'SAO PEDRO DA AGUA BRANCA','211153',12,'0',''),
 (648,'SAO PEDRO DOS CRENTES','211157',12,'0',''),
 (649,'SAO RAIMUNDO DAS MANGABEIRAS','211160',12,'0',''),
 (650,'SAO RAIMUNDO DO DOCA BEZERRA','211163',12,'0',''),
 (651,'SAO ROBERTO','211167',12,'0',''),
 (652,'SAO VICENTE FERRER','211170',12,'0',''),
 (653,'SATUBINHA','211172',12,'0',''),
 (654,'SENADOR ALEXANDRE COSTA','211174',12,'0',''),
 (655,'SENADOR LA ROCQUE','211176',12,'0',''),
 (656,'SERRANO DO MARANHAO','211178',12,'0',''),
 (657,'SITIO NOVO','211180',12,'0',''),
 (658,'SUCUPIRA DO NORTE','211190',12,'0',''),
 (659,'SUCUPIRA DO RIACHAO','211195',12,'0',''),
 (660,'TASSO FRAGOSO','211200',12,'0',''),
 (661,'TIMBIRAS','211210',12,'0',''),
 (662,'TIMON','211220',12,'0',''),
 (663,'TRIZIDELA DO VALE','211223',12,'0',''),
 (664,'TUFILANDIA','211227',12,'0',''),
 (665,'TUNTUM','211230',12,'0',''),
 (666,'TURIACU','211240',12,'0',''),
 (667,'TURILANDIA','211245',12,'0',''),
 (668,'TUTOIA','211250',12,'0',''),
 (669,'URBANO SANTOS','211260',12,'0',''),
 (670,'VARGEM GRANDE','211270',12,'0',''),
 (671,'VIANA','211280',12,'0',''),
 (672,'VILA NOVA DOS MARTIRIOS','211285',12,'0',''),
 (673,'VITORIA DO MEARIM','211290',12,'0',''),
 (674,'VITORINO FREIRE','211300',12,'0',''),
 (675,'ZE DOCA','211400',12,'0',''),
 (676,'MUNICIPIO IGNORADO - PI','220000',13,'0',''),
 (677,'ACAUA','220005',13,'0',''),
 (678,'AGRICOLANDIA','220010',13,'0',''),
 (679,'AGUA BRANCA','220020',13,'0',''),
 (680,'ALAGOINHA DO PIAUI','220025',13,'0',''),
 (681,'ALEGRETE DO PIAUI','220027',13,'0',''),
 (682,'ALTO LONGA','220030',13,'0',''),
 (683,'ALTOS','220040',13,'0',''),
 (684,'ALVORADA DO GURGUEIA','220045',13,'0',''),
 (685,'AMARANTE','220050',13,'0',''),
 (686,'ANGICAL DO PIAUI','220060',13,'0',''),
 (687,'ANISIO DE ABREU','220070',13,'0',''),
 (688,'ANTONIO ALMEIDA','220080',13,'0',''),
 (689,'AROAZES','220090',13,'0',''),
 (690,'AROEIRAS DO ITAIM','220095',13,'0',''),
 (691,'ARRAIAL','220100',13,'0',''),
 (692,'ASSUNCAO DO PIAUI','220105',13,'0',''),
 (693,'AVELINO LOPES','220110',13,'0',''),
 (694,'BAIXA GRANDE DO RIBEIRO','220115',13,'0',''),
 (695,'BARRA D\'ALCANTARA','220117',13,'0',''),
 (696,'BARRAS','220120',13,'0',''),
 (697,'BARREIRAS DO PIAUI','220130',13,'0',''),
 (698,'BARRO DURO','220140',13,'0',''),
 (699,'BATALHA','220150',13,'0',''),
 (700,'BELA VISTA DO PIAUI','220155',13,'0',''),
 (701,'BELEM DO PIAUI','220157',13,'0',''),
 (702,'BENEDITINOS','220160',13,'0',''),
 (703,'BERTOLINIA','220170',13,'0',''),
 (704,'BETANIA DO PIAUI','220173',13,'0',''),
 (705,'BOA HORA','220177',13,'0',''),
 (706,'BOCAINA','220180',13,'0',''),
 (707,'BOM JESUS','220190',13,'0',''),
 (708,'BOM PRINCIPIO DO PIAUI','220191',13,'0',''),
 (709,'BONFIM DO PIAUI','220192',13,'0',''),
 (710,'BOQUEIRAO DO PIAUI','220194',13,'0',''),
 (711,'BRASILEIRA','220196',13,'0',''),
 (712,'BREJO DO PIAUI','220198',13,'0',''),
 (713,'BURITI DOS LOPES','220200',13,'0',''),
 (714,'BURITI DOS MONTES','220202',13,'0',''),
 (715,'CABECEIRAS DO PIAUI','220205',13,'0',''),
 (716,'CAJAZEIRAS DO PIAUI','220207',13,'0',''),
 (717,'CAJUEIRO DA PRAIA','220208',13,'0',''),
 (718,'CALDEIRAO GRANDE DO PIAUI','220209',13,'0',''),
 (719,'CAMPINAS DO PIAUI','220210',13,'0',''),
 (720,'CAMPO ALEGRE DO FIDALGO','220211',13,'0',''),
 (721,'CAMPO GRANDE DO PIAUI','220213',13,'0',''),
 (722,'CAMPO LARGO DO PIAUI','220217',13,'0',''),
 (723,'CAMPO MAIOR','220220',13,'0',''),
 (724,'CANAVIEIRA','220225',13,'0',''),
 (725,'CANTO DO BURITI','220230',13,'0',''),
 (726,'CAPITAO DE CAMPOS','220240',13,'0',''),
 (727,'CAPITAO GERVASIO OLIVEIRA','220245',13,'0',''),
 (728,'CARACOL','220250',13,'0',''),
 (729,'CARAUBAS DO PIAUI','220253',13,'0',''),
 (730,'CARIDADE DO PIAUI','220255',13,'0',''),
 (731,'CASTELO DO PIAUI','220260',13,'0',''),
 (732,'CAXINGO','220265',13,'0',''),
 (733,'COCAL','220270',13,'0',''),
 (734,'COCAL DE TELHA','220271',13,'0',''),
 (735,'COCAL DOS ALVES','220272',13,'0',''),
 (736,'COIVARAS','220273',13,'0',''),
 (737,'COLONIA DO GURGUEIA','220275',13,'0',''),
 (738,'COLONIA DO PIAUI','220277',13,'0',''),
 (739,'CONCEICAO DO CANINDE','220280',13,'0',''),
 (740,'CORONEL JOSE DIAS','220285',13,'0',''),
 (741,'CORRENTE','220290',13,'0',''),
 (742,'CRISTALANDIA DO PIAUI','220300',13,'0',''),
 (743,'CRISTINO CASTRO','220310',13,'0',''),
 (744,'CURIMATA','220320',13,'0',''),
 (745,'CURRAIS','220323',13,'0',''),
 (746,'CURRALINHOS','220325',13,'0',''),
 (747,'CURRAL NOVO DO PIAUI','220327',13,'0',''),
 (748,'DEMERVAL LOBAO','220330',13,'0',''),
 (749,'DIRCEU ARCOVERDE','220335',13,'0',''),
 (750,'DOM EXPEDITO LOPES','220340',13,'0',''),
 (751,'DOMINGOS MOURAO','220342',13,'0',''),
 (752,'DOM INOCENCIO','220345',13,'0',''),
 (753,'ELESBAO VELOSO','220350',13,'0',''),
 (754,'ELISEU MARTINS','220360',13,'0',''),
 (755,'ESPERANTINA','220370',13,'0',''),
 (756,'FARTURA DO PIAUI','220375',13,'0',''),
 (757,'FLORES DO PIAUI','220380',13,'0',''),
 (758,'FLORESTA DO PIAUI','220385',13,'0',''),
 (759,'FLORIANO','220390',13,'0',''),
 (760,'FRANCINOPOLIS','220400',13,'0',''),
 (761,'FRANCISCO AYRES','220410',13,'0',''),
 (762,'FRANCISCO MACEDO','220415',13,'0',''),
 (763,'FRANCISCO SANTOS','220420',13,'0',''),
 (764,'FRONTEIRAS','220430',13,'0',''),
 (765,'GEMINIANO','220435',13,'0',''),
 (766,'GILBUES','220440',13,'0',''),
 (767,'GUADALUPE','220450',13,'0',''),
 (768,'GUARIBAS','220455',13,'0',''),
 (769,'HUGO NAPOLEAO','220460',13,'0',''),
 (770,'ILHA GRANDE','220465',13,'0',''),
 (771,'INHUMA','220470',13,'0',''),
 (772,'IPIRANGA DO PIAUI','220480',13,'0',''),
 (773,'ISAIAS COELHO','220490',13,'0',''),
 (774,'ITAINOPOLIS','220500',13,'0',''),
 (775,'ITAUEIRA','220510',13,'0',''),
 (776,'JACOBINA DO PIAUI','220515',13,'0',''),
 (777,'JAICOS','220520',13,'0',''),
 (778,'JARDIM DO MULATO','220525',13,'0',''),
 (779,'JATOBA DO PIAUI','220527',13,'0',''),
 (780,'JERUMENHA','220530',13,'0',''),
 (781,'JOAO COSTA','220535',13,'0',''),
 (782,'JOAQUIM PIRES','220540',13,'0',''),
 (783,'JOCA MARQUES','220545',13,'0',''),
 (784,'JOSE DE FREITAS','220550',13,'0',''),
 (785,'JUAZEIRO DO PIAUI','220551',13,'0',''),
 (786,'JULIO BORGES','220552',13,'0',''),
 (787,'JUREMA','220553',13,'0',''),
 (788,'LAGOINHA DO PIAUI','220554',13,'0',''),
 (789,'LAGOA ALEGRE','220555',13,'0',''),
 (790,'LAGOA DO BARRO DO PIAUI','220556',13,'0',''),
 (791,'LAGOA DE SAO FRANCISCO','220557',13,'0',''),
 (792,'LAGOA DO PIAUI','220558',13,'0',''),
 (793,'LAGOA DO SITIO','220559',13,'0',''),
 (794,'LANDRI SALES','220560',13,'0',''),
 (795,'LUIS CORREIA','220570',13,'0',''),
 (796,'LUZILANDIA','220580',13,'0',''),
 (797,'MADEIRO','220585',13,'0',''),
 (798,'MANOEL EMIDIO','220590',13,'0',''),
 (799,'MARCOLANDIA','220595',13,'0',''),
 (800,'MARCOS PARENTE','220600',13,'0',''),
 (801,'MASSAPE DO PIAUI','220605',13,'0',''),
 (802,'MATIAS OLIMPIO','220610',13,'0',''),
 (803,'MIGUEL ALVES','220620',13,'0',''),
 (804,'MIGUEL LEAO','220630',13,'0',''),
 (805,'MILTON BRANDAO','220635',13,'0',''),
 (806,'MONSENHOR GIL','220640',13,'0',''),
 (807,'MONSENHOR HIPOLITO','220650',13,'0',''),
 (808,'MONTE ALEGRE DO PIAUI','220660',13,'0',''),
 (809,'MORRO CABECA NO TEMPO','220665',13,'0',''),
 (810,'MORRO DO CHAPEU DO PIAUI','220667',13,'0',''),
 (811,'MURICI DOS PORTELAS','220669',13,'0',''),
 (812,'NAZARE DO PIAUI','220670',13,'0',''),
 (813,'NAZARIA','220672',13,'0',''),
 (814,'NOSSA SENHORA DE NAZARE','220675',13,'0',''),
 (815,'NOSSA SENHORA DOS REMEDIOS','220680',13,'0',''),
 (816,'NOVO ORIENTE DO PIAUI','220690',13,'0',''),
 (817,'NOVO SANTO ANTONIO','220695',13,'0',''),
 (818,'OEIRAS','220700',13,'0',''),
 (819,'OLHO D\'AGUA DO PIAUI','220710',13,'0',''),
 (820,'PADRE MARCOS','220720',13,'0',''),
 (821,'PAES LANDIM','220730',13,'0',''),
 (822,'PAJEU DO PIAUI','220735',13,'0',''),
 (823,'PALMEIRA DO PIAUI','220740',13,'0',''),
 (824,'PALMEIRAIS','220750',13,'0',''),
 (825,'PAQUETA','220755',13,'0',''),
 (826,'PARNAGUA','220760',13,'0',''),
 (827,'PARNAIBA','220770',13,'0',''),
 (828,'PASSAGEM FRANCA DO PIAUI','220775',13,'0',''),
 (829,'PATOS DO PIAUI','220777',13,'0',''),
 (830,'PAU D\'ARCO DO PIAUI','220779',13,'0',''),
 (831,'PAULISTANA','220780',13,'0',''),
 (832,'PAVUSSU','220785',13,'0',''),
 (833,'PEDRO II','220790',13,'0',''),
 (834,'PEDRO LAURENTINO','220793',13,'0',''),
 (835,'NOVA SANTA RITA','220795',13,'0',''),
 (836,'PICOS','220800',13,'0',''),
 (837,'PIMENTEIRAS','220810',13,'0',''),
 (838,'PIO IX','220820',13,'0',''),
 (839,'PIRACURUCA','220830',13,'0',''),
 (840,'PIRIPIRI','220840',13,'0',''),
 (841,'PORTO','220850',13,'0',''),
 (842,'PORTO ALEGRE DO PIAUI','220855',13,'0',''),
 (843,'PRATA DO PIAUI','220860',13,'0',''),
 (844,'QUEIMADA NOVA','220865',13,'0',''),
 (845,'REDENCAO DO GURGUEIA','220870',13,'0',''),
 (846,'REGENERACAO','220880',13,'0',''),
 (847,'RIACHO FRIO','220885',13,'0',''),
 (848,'RIBEIRA DO PIAUI','220887',13,'0',''),
 (849,'RIBEIRO GONCALVES','220890',13,'0',''),
 (850,'RIO GRANDE DO PIAUI','220900',13,'0',''),
 (851,'SANTA CRUZ DO PIAUI','220910',13,'0',''),
 (852,'SANTA CRUZ DOS MILAGRES','220915',13,'0',''),
 (853,'SANTA FILOMENA','220920',13,'0',''),
 (854,'SANTA LUZ','220930',13,'0',''),
 (855,'SANTANA DO PIAUI','220935',13,'0',''),
 (856,'SANTA ROSA DO PIAUI','220937',13,'0',''),
 (857,'SANTO ANTONIO DE LISBOA','220940',13,'0',''),
 (858,'SANTO ANTONIO DOS MILAGRES','220945',13,'0',''),
 (859,'SANTO INACIO DO PIAUI','220950',13,'0',''),
 (860,'SAO BRAZ DO PIAUI','220955',13,'0',''),
 (861,'SAO FELIX DO PIAUI','220960',13,'0',''),
 (862,'SAO FRANCISCO DE ASSIS DO PIAUI','220965',13,'0',''),
 (863,'SAO FRANCISCO DO PIAUI','220970',13,'0',''),
 (864,'SAO GONCALO DO GURGUEIA','220975',13,'0',''),
 (865,'SAO GONCALO DO PIAUI','220980',13,'0',''),
 (866,'SAO JOAO DA CANABRAVA','220985',13,'0',''),
 (867,'SAO JOAO DA FRONTEIRA','220987',13,'0',''),
 (868,'SAO JOAO DA SERRA','220990',13,'0',''),
 (869,'SAO JOAO DA VARJOTA','220995',13,'0',''),
 (870,'SAO JOAO DO ARRAIAL','220997',13,'0',''),
 (871,'SAO JOAO DO PIAUI','221000',13,'0',''),
 (872,'SAO JOSE DO DIVINO','221005',13,'0',''),
 (873,'SAO JOSE DO PEIXE','221010',13,'0',''),
 (874,'SAO JOSE DO PIAUI','221020',13,'0',''),
 (875,'SAO JULIAO','221030',13,'0',''),
 (876,'SAO LOURENCO DO PIAUI','221035',13,'0',''),
 (877,'SAO LUIS DO PIAUI','221037',13,'0',''),
 (878,'SAO MIGUEL DA BAIXA GRANDE','221038',13,'0',''),
 (879,'SAO MIGUEL DO FIDALGO','221039',13,'0',''),
 (880,'SAO MIGUEL DO TAPUIO','221040',13,'0',''),
 (881,'SAO PEDRO DO PIAUI','221050',13,'0',''),
 (882,'SAO RAIMUNDO NONATO','221060',13,'0',''),
 (883,'SEBASTIAO BARROS','221062',13,'0',''),
 (884,'SEBASTIAO LEAL','221063',13,'0',''),
 (885,'SIGEFREDO PACHECO','221065',13,'0',''),
 (886,'SIM','221070',13,'0',''),
 (887,'SIMPLICIO MENDES','221080',13,'0',''),
 (888,'SOCORRO DO PIAUI','221090',13,'0',''),
 (889,'SUSSUAPARA','221093',13,'0',''),
 (890,'TAMBORIL DO PIAUI','221095',13,'0',''),
 (891,'TANQUE DO PIAUI','221097',13,'0',''),
 (892,'TERESINA','221100',13,'0',''),
 (893,'UNIAO','221110',13,'0',''),
 (894,'URUCUI','221120',13,'0',''),
 (895,'VALENCA DO PIAUI','221130',13,'0',''),
 (896,'VARZEA BRANCA','221135',13,'0',''),
 (897,'VARZEA GRANDE','221140',13,'0',''),
 (898,'VERA MENDES','221150',13,'0',''),
 (899,'VILA NOVA DO PIAUI','221160',13,'0',''),
 (900,'WALL FERRAZ','221170',13,'0',''),
 (901,'MUNICIPIO IGNORADO - CE','230000',14,'0',''),
 (902,'ABAIARA','230010',14,'0',''),
 (903,'ACARAPE','230015',14,'0',''),
 (904,'ACARAU','230020',14,'0',''),
 (905,'ACOPIARA','230030',14,'0',''),
 (906,'AIUABA','230040',14,'0',''),
 (907,'ALCANTARAS','230050',14,'0',''),
 (908,'ALTANEIRA','230060',14,'0',''),
 (909,'ALTO SANTO','230070',14,'0',''),
 (910,'AMONTADA','230075',14,'0',''),
 (911,'ANTONINA DO NORTE','230080',14,'0',''),
 (912,'APUIARES','230090',14,'0',''),
 (913,'AQUIRAZ','230100',14,'0',''),
 (914,'ARACATI','230110',14,'0',''),
 (915,'ARACOIABA','230120',14,'0',''),
 (916,'ARARENDA','230125',14,'0',''),
 (917,'ARARIPE','230130',14,'0',''),
 (918,'ARATUBA','230140',14,'0',''),
 (919,'ARNEIROZ','230150',14,'0',''),
 (920,'ASSARE','230160',14,'0',''),
 (921,'AURORA','230170',14,'0',''),
 (922,'BAIXIO','230180',14,'0',''),
 (923,'BANABUIU','230185',14,'0',''),
 (924,'BARBALHA','230190',14,'0',''),
 (925,'BARREIRA','230195',14,'0',''),
 (926,'BARRO','230200',14,'0',''),
 (927,'BARROQUINHA','230205',14,'0',''),
 (928,'BATURITE','230210',14,'0',''),
 (929,'BEBERIBE','230220',14,'0',''),
 (930,'BELA CRUZ','230230',14,'0',''),
 (931,'BOA VIAGEM','230240',14,'0',''),
 (932,'BREJO SANTO','230250',14,'0',''),
 (933,'CAMOCIM','230260',14,'0',''),
 (934,'CAMPOS SALES','230270',14,'0',''),
 (935,'CANINDE','230280',14,'0',''),
 (936,'CAPISTRANO','230290',14,'0',''),
 (937,'CARIDADE','230300',14,'0',''),
 (938,'CARIRE','230310',14,'0',''),
 (939,'CARIRIACU','230320',14,'0',''),
 (940,'CARIUS','230330',14,'0',''),
 (941,'CARNAUBAL','230340',14,'0',''),
 (942,'CASCAVEL','230350',14,'0',''),
 (943,'CATARINA','230360',14,'0',''),
 (944,'CATUNDA','230365',14,'0',''),
 (945,'CAUCAIA','230370',14,'0',''),
 (946,'CEDRO','230380',14,'0',''),
 (947,'CHAVAL','230390',14,'0',''),
 (948,'CHORO','230393',14,'0',''),
 (949,'CHOROZINHO','230395',14,'0',''),
 (950,'COREAU','230400',14,'0',''),
 (951,'CRATEUS','230410',14,'0',''),
 (952,'CRATO','230420',14,'0',''),
 (953,'CROATA','230423',14,'0',''),
 (954,'CRUZ','230425',14,'0',''),
 (955,'DEPUTADO IRAPUAN PINHEIRO','230426',14,'0',''),
 (956,'ERERE','230427',14,'0',''),
 (957,'EUSEBIO','230428',14,'0',''),
 (958,'FARIAS BRITO','230430',14,'0',''),
 (959,'FORQUILHA','230435',14,'0',''),
 (960,'FORTALEZA','230440',14,'0',''),
 (961,'FORTIM','230445',14,'0',''),
 (962,'FRECHEIRINHA','230450',14,'0',''),
 (963,'GENERAL SAMPAIO','230460',14,'0',''),
 (964,'GRACA','230465',14,'0',''),
 (965,'GRANJA','230470',14,'0',''),
 (966,'GRANJEIRO','230480',14,'0',''),
 (967,'GROAIRAS','230490',14,'0',''),
 (968,'GUAIUBA','230495',14,'0',''),
 (969,'GUARACIABA DO NORTE','230500',14,'0',''),
 (970,'GUARAMIRANGA','230510',14,'0',''),
 (971,'HIDROLANDIA','230520',14,'0',''),
 (972,'HORIZONTE','230523',14,'0',''),
 (973,'IBARETAMA','230526',14,'0',''),
 (974,'IBIAPINA','230530',14,'0',''),
 (975,'IBICUITINGA','230533',14,'0',''),
 (976,'ICAPUI','230535',14,'0',''),
 (977,'ICO','230540',14,'0',''),
 (978,'IGUATU','230550',14,'0',''),
 (979,'INDEPENDENCIA','230560',14,'0',''),
 (980,'IPAPORANGA','230565',14,'0',''),
 (981,'IPAUMIRIM','230570',14,'0',''),
 (982,'IPU','230580',14,'0',''),
 (983,'IPUEIRAS','230590',14,'0',''),
 (984,'IRACEMA','230600',14,'0',''),
 (985,'IRAUCUBA','230610',14,'0',''),
 (986,'ITAICABA','230620',14,'0',''),
 (987,'ITAITINGA','230625',14,'0',''),
 (988,'ITAPAGE','230630',14,'0',''),
 (989,'ITAPIPOCA','230640',14,'0',''),
 (990,'ITAPIUNA','230650',14,'0',''),
 (991,'ITAREMA','230655',14,'0',''),
 (992,'ITATIRA','230660',14,'0',''),
 (993,'JAGUARETAMA','230670',14,'0',''),
 (994,'JAGUARIBARA','230680',14,'0',''),
 (995,'JAGUARIBE','230690',14,'0',''),
 (996,'JAGUARUANA','230700',14,'0',''),
 (997,'JARDIM','230710',14,'0',''),
 (998,'JATI','230720',14,'0',''),
 (999,'JIJOCA DE JERICOACOARA','230725',14,'0',''),
 (1000,'JUAZEIRO DO NORTE','230730',14,'0',''),
 (1001,'JUCAS','230740',14,'0',''),
 (1002,'LAVRAS DA MANGABEIRA','230750',14,'0',''),
 (1003,'LIMOEIRO DO NORTE','230760',14,'0',''),
 (1004,'MADALENA','230763',14,'0',''),
 (1005,'MARACANAU','230765',14,'0',''),
 (1006,'MARANGUAPE','230770',14,'0',''),
 (1007,'MARCO','230780',14,'0',''),
 (1008,'MARTINOPOLE','230790',14,'0',''),
 (1009,'MASSAPE','230800',14,'0',''),
 (1010,'MAURITI','230810',14,'0',''),
 (1011,'MERUOCA','230820',14,'0',''),
 (1012,'MILAGRES','230830',14,'0',''),
 (1013,'MILHA','230835',14,'0',''),
 (1014,'MIRAIMA','230837',14,'0',''),
 (1015,'MISSAO VELHA','230840',14,'0',''),
 (1016,'MOMBACA','230850',14,'0',''),
 (1017,'MONSENHOR TABOSA','230860',14,'0',''),
 (1018,'MORADA NOVA','230870',14,'0',''),
 (1019,'MORAUJO','230880',14,'0',''),
 (1020,'MORRINHOS','230890',14,'0',''),
 (1021,'MUCAMBO','230900',14,'0',''),
 (1022,'MULUNGU','230910',14,'0',''),
 (1023,'NOVA OLINDA','230920',14,'0',''),
 (1024,'NOVA RUSSAS','230930',14,'0',''),
 (1025,'NOVO ORIENTE','230940',14,'0',''),
 (1026,'OCARA','230945',14,'0',''),
 (1027,'OROS','230950',14,'0',''),
 (1028,'PACAJUS','230960',14,'0',''),
 (1029,'PACATUBA','230970',14,'0',''),
 (1030,'PACOTI','230980',14,'0',''),
 (1031,'PACUJA','230990',14,'0',''),
 (1032,'PALHANO','231000',14,'0',''),
 (1033,'PALMACIA','231010',14,'0',''),
 (1034,'PARACURU','231020',14,'0',''),
 (1035,'PARAIPABA','231025',14,'0',''),
 (1036,'PARAMBU','231030',14,'0',''),
 (1037,'PARAMOTI','231040',14,'0',''),
 (1038,'PEDRA BRANCA','231050',14,'0',''),
 (1039,'PENAFORTE','231060',14,'0',''),
 (1040,'PENTECOSTE','231070',14,'0',''),
 (1041,'PEREIRO','231080',14,'0',''),
 (1042,'PINDORETAMA','231085',14,'0',''),
 (1043,'PIQUET CARNEIRO','231090',14,'0',''),
 (1044,'PIRES FERREIRA','231095',14,'0',''),
 (1045,'PORANGA','231100',14,'0',''),
 (1046,'PORTEIRAS','231110',14,'0',''),
 (1047,'POTENGI','231120',14,'0',''),
 (1048,'POTIRETAMA','231123',14,'0',''),
 (1049,'QUITERIANOPOLIS','231126',14,'0',''),
 (1050,'QUIXADA','231130',14,'0',''),
 (1051,'QUIXELO','231135',14,'0',''),
 (1052,'QUIXERAMOBIM','231140',14,'0',''),
 (1053,'QUIXERE','231150',14,'0',''),
 (1054,'REDENCAO','231160',14,'0',''),
 (1055,'RERIUTABA','231170',14,'0',''),
 (1056,'RUSSAS','231180',14,'0',''),
 (1057,'SABOEIRO','231190',14,'0',''),
 (1058,'SALITRE','231195',14,'0',''),
 (1059,'SANTANA DO ACARAU','231200',14,'0',''),
 (1060,'SANTANA DO CARIRI','231210',14,'0',''),
 (1061,'SANTA QUITERIA','231220',14,'0',''),
 (1062,'SAO BENEDITO','231230',14,'0',''),
 (1063,'SAO GONCALO DO AMARANTE','231240',14,'0',''),
 (1064,'SAO JOAO DO JAGUARIBE','231250',14,'0',''),
 (1065,'SAO LUIS DO CURU','231260',14,'0',''),
 (1066,'SENADOR POMPEU','231270',14,'0',''),
 (1067,'SENADOR SA','231280',14,'0',''),
 (1068,'SOBRAL','231290',14,'0',''),
 (1069,'SOLONOPOLE','231300',14,'0',''),
 (1070,'TABULEIRO DO NORTE','231310',14,'0',''),
 (1071,'TAMBORIL','231320',14,'0',''),
 (1072,'TARRAFAS','231325',14,'0',''),
 (1073,'TAUA','231330',14,'0',''),
 (1074,'TEJUCUOCA','231335',14,'0',''),
 (1075,'TIANGUA','231340',14,'0',''),
 (1076,'TRAIRI','231350',14,'0',''),
 (1077,'TURURU','231355',14,'0',''),
 (1078,'UBAJARA','231360',14,'0',''),
 (1079,'UMARI','231370',14,'0',''),
 (1080,'UMIRIM','231375',14,'0',''),
 (1081,'URUBURETAMA','231380',14,'0',''),
 (1082,'URUOCA','231390',14,'0',''),
 (1083,'VARJOTA','231395',14,'0',''),
 (1084,'VARZEA ALEGRE','231400',14,'0',''),
 (1085,'VICOSA DO CEARA','231410',14,'0',''),
 (1086,'MUNICIPIO IGNORADO - RN','240000',15,'0',''),
 (1087,'ACARI','240010',15,'0',''),
 (1088,'ACU','240020',15,'0',''),
 (1089,'AFONSO BEZERRA','240030',15,'0',''),
 (1090,'AGUA NOVA','240040',15,'0',''),
 (1091,'ALEXANDRIA','240050',15,'0',''),
 (1092,'ALMINO AFONSO','240060',15,'0',''),
 (1093,'ALTO DO RODRIGUES','240070',15,'0',''),
 (1094,'ANGICOS','240080',15,'0',''),
 (1095,'ANTONIO MARTINS','240090',15,'0',''),
 (1096,'APODI','240100',15,'0',''),
 (1097,'AREIA BRANCA','240110',15,'0',''),
 (1098,'ARES','240120',15,'0',''),
 (1099,'AUGUSTO SEVERO','240130',15,'0',''),
 (1100,'BAIA FORMOSA','240140',15,'0',''),
 (1101,'BARAUNA','240145',15,'0',''),
 (1102,'BARCELONA','240150',15,'0',''),
 (1103,'BENTO FERNANDES','240160',15,'0',''),
 (1104,'BODO','240165',15,'0',''),
 (1105,'BOM JESUS','240170',15,'0',''),
 (1106,'BREJINHO','240180',15,'0',''),
 (1107,'CAICARA DO NORTE','240185',15,'0',''),
 (1108,'CAICARA DO RIO DO VENTO','240190',15,'0',''),
 (1109,'CAICO','240200',15,'0',''),
 (1110,'CAMPO REDONDO','240210',15,'0',''),
 (1111,'CANGUARETAMA','240220',15,'0',''),
 (1112,'CARAUBAS','240230',15,'0',''),
 (1113,'CARNAUBA DOS DANTAS','240240',15,'0',''),
 (1114,'CARNAUBAIS','240250',15,'0',''),
 (1115,'CEARA-MIRIM','240260',15,'0',''),
 (1116,'CERRO CORA','240270',15,'0',''),
 (1117,'CORONEL EZEQUIEL','240280',15,'0',''),
 (1118,'CORONEL JOAO PESSOA','240290',15,'0',''),
 (1119,'CRUZETA','240300',15,'0',''),
 (1120,'CURRAIS NOVOS','240310',15,'0',''),
 (1121,'DOUTOR SEVERIANO','240320',15,'0',''),
 (1122,'PARNAMIRIM','240325',15,'0',''),
 (1123,'ENCANTO','240330',15,'0',''),
 (1124,'EQUADOR','240340',15,'0',''),
 (1125,'ESPIRITO SANTO','240350',15,'0',''),
 (1126,'EXTREMOZ','240360',15,'0',''),
 (1127,'FELIPE GUERRA','240370',15,'0',''),
 (1128,'FERNANDO PEDROZA','240375',15,'0',''),
 (1129,'FLORANIA','240380',15,'0',''),
 (1130,'FRANCISCO DANTAS','240390',15,'0',''),
 (1131,'FRUTUOSO GOMES','240400',15,'0',''),
 (1132,'GALINHOS','240410',15,'0',''),
 (1133,'GOIANINHA','240420',15,'0',''),
 (1134,'GOVERNADOR DIX-SEPT ROSADO','240430',15,'0',''),
 (1135,'GROSSOS','240440',15,'0',''),
 (1136,'GUAMARE','240450',15,'0',''),
 (1137,'IELMO MARINHO','240460',15,'0',''),
 (1138,'IPANGUACU','240470',15,'0',''),
 (1139,'IPUEIRA','240480',15,'0',''),
 (1140,'ITAJA','240485',15,'0',''),
 (1141,'ITAU','240490',15,'0',''),
 (1142,'JACANA','240500',15,'0',''),
 (1143,'JANDAIRA','240510',15,'0',''),
 (1144,'JANDUIS','240520',15,'0',''),
 (1145,'JANUARIO CICCO','240530',15,'0',''),
 (1146,'JAPI','240540',15,'0',''),
 (1147,'JARDIM DE ANGICOS','240550',15,'0',''),
 (1148,'JARDIM DE PIRANHAS','240560',15,'0',''),
 (1149,'JARDIM DO SERIDO','240570',15,'0',''),
 (1150,'JOAO CAMARA','240580',15,'0',''),
 (1151,'JOAO DIAS','240590',15,'0',''),
 (1152,'JOSE DA PENHA','240600',15,'0',''),
 (1153,'JUCURUTU','240610',15,'0',''),
 (1154,'JUNDIA','240615',15,'0',''),
 (1155,'LAGOA D\'ANTA','240620',15,'0',''),
 (1156,'LAGOA DE PEDRAS','240630',15,'0',''),
 (1157,'LAGOA DE VELHOS','240640',15,'0',''),
 (1158,'LAGOA NOVA','240650',15,'0',''),
 (1159,'LAGOA SALGADA','240660',15,'0',''),
 (1160,'LAJES','240670',15,'0',''),
 (1161,'LAJES PINTADAS','240680',15,'0',''),
 (1162,'LUCRECIA','240690',15,'0',''),
 (1163,'LUIS GOMES','240700',15,'0',''),
 (1164,'MACAIBA','240710',15,'0',''),
 (1165,'MACAU','240720',15,'0',''),
 (1166,'MAJOR SALES','240725',15,'0',''),
 (1167,'MARCELINO VIEIRA','240730',15,'0',''),
 (1168,'MARTINS','240740',15,'0',''),
 (1169,'MAXARANGUAPE','240750',15,'0',''),
 (1170,'MESSIAS TARGINO','240760',15,'0',''),
 (1171,'MONTANHAS','240770',15,'0',''),
 (1172,'MONTE ALEGRE','240780',15,'0',''),
 (1173,'MONTE DAS GAMELEIRAS','240790',15,'0',''),
 (1174,'MOSSORO','240800',15,'0',''),
 (1175,'NATAL','240810',15,'0',''),
 (1176,'NISIA FLORESTA','240820',15,'0',''),
 (1177,'NOVA CRUZ','240830',15,'0',''),
 (1178,'OLHO-D\'AGUA DO BORGES','240840',15,'0',''),
 (1179,'OURO BRANCO','240850',15,'0',''),
 (1180,'PARANA','240860',15,'0',''),
 (1181,'PARAU','240870',15,'0',''),
 (1182,'PARAZINHO','240880',15,'0',''),
 (1183,'PARELHAS','240890',15,'0',''),
 (1184,'RIO DO FOGO','240895',15,'0',''),
 (1185,'PASSA E FICA','240910',15,'0',''),
 (1186,'PASSAGEM','240920',15,'0',''),
 (1187,'PATU','240930',15,'0',''),
 (1188,'SANTA MARIA','240933',15,'0',''),
 (1189,'PAU DOS FERROS','240940',15,'0',''),
 (1190,'PEDRA GRANDE','240950',15,'0',''),
 (1191,'PEDRA PRETA','240960',15,'0',''),
 (1192,'PEDRO AVELINO','240970',15,'0',''),
 (1193,'PEDRO VELHO','240980',15,'0',''),
 (1194,'PENDENCIAS','240990',15,'0',''),
 (1195,'PIL','241000',15,'0',''),
 (1196,'POCO BRANCO','241010',15,'0',''),
 (1197,'PORTALEGRE','241020',15,'0',''),
 (1198,'PORTO DO MANGUE','241025',15,'0',''),
 (1199,'PRESIDENTE JUSCELINO','241030',15,'0',''),
 (1200,'PUREZA','241040',15,'0',''),
 (1201,'RAFAEL FERNANDES','241050',15,'0',''),
 (1202,'RAFAEL GODEIRO','241060',15,'0',''),
 (1203,'RIACHO DA CRUZ','241070',15,'0',''),
 (1204,'RIACHO DE SANTANA','241080',15,'0',''),
 (1205,'RIACHUELO','241090',15,'0',''),
 (1206,'RODOLFO FERNANDES','241100',15,'0',''),
 (1207,'TIBAU','241105',15,'0',''),
 (1208,'RUY BARBOSA','241110',15,'0',''),
 (1209,'SANTA CRUZ','241120',15,'0',''),
 (1210,'SANTANA DO MATOS','241140',15,'0',''),
 (1211,'SANTANA DO SERIDO','241142',15,'0',''),
 (1212,'SANTO ANTONIO','241150',15,'0',''),
 (1213,'SAO BENTO DO NORTE','241160',15,'0',''),
 (1214,'SAO BENTO DO TRAIRI','241170',15,'0',''),
 (1215,'SAO FERNANDO','241180',15,'0',''),
 (1216,'SAO FRANCISCO DO OESTE','241190',15,'0',''),
 (1217,'SAO GONCALO DO AMARANTE','241200',15,'0',''),
 (1218,'SAO JOAO DO SABUGI','241210',15,'0',''),
 (1219,'SAO JOSE DE MIPIBU','241220',15,'0',''),
 (1220,'SAO JOSE DO CAMPESTRE','241230',15,'0',''),
 (1221,'SAO JOSE DO SERIDO','241240',15,'0',''),
 (1222,'SAO MIGUEL','241250',15,'0',''),
 (1223,'SAO MIGUEL DO GOSTOSO','241255',15,'0',''),
 (1224,'SAO PAULO DO POTENGI','241260',15,'0',''),
 (1225,'SAO PEDRO','241270',15,'0',''),
 (1226,'SAO RAFAEL','241280',15,'0',''),
 (1227,'SAO TOME','241290',15,'0',''),
 (1228,'SAO VICENTE','241300',15,'0',''),
 (1229,'SENADOR ELOI DE SOUZA','241310',15,'0',''),
 (1230,'SENADOR GEORGINO AVELINO','241320',15,'0',''),
 (1231,'SERRA DE SAO BENTO','241330',15,'0',''),
 (1232,'SERRA DO MEL','241335',15,'0',''),
 (1233,'SERRA NEGRA DO NORTE','241340',15,'0',''),
 (1234,'SERRINHA','241350',15,'0',''),
 (1235,'SERRINHA DOS PINTOS','241355',15,'0',''),
 (1236,'SEVERIANO MELO','241360',15,'0',''),
 (1237,'SITIO NOVO','241370',15,'0',''),
 (1238,'TABOLEIRO GRANDE','241380',15,'0',''),
 (1239,'TAIPU','241390',15,'0',''),
 (1240,'TANGARA','241400',15,'0',''),
 (1241,'TENENTE ANANIAS','241410',15,'0',''),
 (1242,'TENENTE LAURENTINO CRUZ','241415',15,'0',''),
 (1243,'TIBAU DO SUL','241420',15,'0',''),
 (1244,'TIMBAUBA DOS BATISTAS','241430',15,'0',''),
 (1245,'TOUROS','241440',15,'0',''),
 (1246,'TRIUNFO POTIGUAR','241445',15,'0',''),
 (1247,'UMARIZAL','241450',15,'0',''),
 (1248,'UPANEMA','241460',15,'0',''),
 (1249,'VARZEA','241470',15,'0',''),
 (1250,'VENHA-VER','241475',15,'0',''),
 (1251,'VERA CRUZ','241480',15,'0',''),
 (1252,'VICOSA','241490',15,'0',''),
 (1253,'VILA FLOR','241500',15,'0',''),
 (1254,'MUNICIPIO IGNORADO - PB','250000',16,'0',''),
 (1255,'AGUA BRANCA','250010',16,'0',''),
 (1256,'AGUIAR','250020',16,'0',''),
 (1257,'ALAGOA GRANDE','250030',16,'0',''),
 (1258,'ALAGOA NOVA','250040',16,'0',''),
 (1259,'ALAGOINHA','250050',16,'0',''),
 (1260,'ALCANTIL','250053',16,'0',''),
 (1261,'ALGODAO DE JANDAIRA','250057',16,'0',''),
 (1262,'ALHANDRA','250060',16,'0',''),
 (1263,'SAO JOAO DO RIO DO PEIXE','250070',16,'0',''),
 (1264,'AMPARO','250073',16,'0',''),
 (1265,'APARECIDA','250077',16,'0',''),
 (1266,'ARACAGI','250080',16,'0',''),
 (1267,'ARARA','250090',16,'0',''),
 (1268,'ARARUNA','250100',16,'0',''),
 (1269,'AREIA','250110',16,'0',''),
 (1270,'AREIA DE BARAUNAS','250115',16,'0',''),
 (1271,'AREIAL','250120',16,'0',''),
 (1272,'AROEIRAS','250130',16,'0',''),
 (1273,'ASSUNCAO','250135',16,'0',''),
 (1274,'BAIA DA TRAICAO','250140',16,'0',''),
 (1275,'BANANEIRAS','250150',16,'0',''),
 (1276,'BARAUNA','250153',16,'0',''),
 (1277,'BARRA DE SANTANA','250157',16,'0',''),
 (1278,'BARRA DE SANTA ROSA','250160',16,'0',''),
 (1279,'BARRA DE SAO MIGUEL','250170',16,'0',''),
 (1280,'BAYEUX','250180',16,'0',''),
 (1281,'BELEM','250190',16,'0',''),
 (1282,'BELEM DO BREJO DO CRUZ','250200',16,'0',''),
 (1283,'BERNARDINO BATISTA','250205',16,'0',''),
 (1284,'BOA VENTURA','250210',16,'0',''),
 (1285,'BOA VISTA','250215',16,'0',''),
 (1286,'BOM JESUS','250220',16,'0',''),
 (1287,'BOM SUCESSO','250230',16,'0',''),
 (1288,'BONITO DE SANTA FE','250240',16,'0',''),
 (1289,'BOQUEIRAO','250250',16,'0',''),
 (1290,'IGARACY','250260',16,'0',''),
 (1291,'BORBOREMA','250270',16,'0',''),
 (1292,'BREJO DO CRUZ','250280',16,'0',''),
 (1293,'BREJO DOS SANTOS','250290',16,'0',''),
 (1294,'CAAPORA','250300',16,'0',''),
 (1295,'CABACEIRAS','250310',16,'0',''),
 (1296,'CABEDELO','250320',16,'0',''),
 (1297,'CACHOEIRA DOS ','250330',16,'0',''),
 (1298,'CACIMBA DE AREIA','250340',16,'0',''),
 (1299,'CACIMBA DE DENTRO','250350',16,'0',''),
 (1300,'CACIMBAS','250355',16,'0',''),
 (1301,'CAICARA','250360',16,'0',''),
 (1302,'CAJAZEIRAS','250370',16,'0',''),
 (1303,'CAJAZEIRINHAS','250375',16,'0',''),
 (1304,'CALDAS BRANDAO','250380',16,'0',''),
 (1305,'CAMALAU','250390',16,'0',''),
 (1306,'CAMPINA GRANDE','250400',16,'0',''),
 (1307,'CAPIM','250403',16,'0',''),
 (1308,'CARAUBAS','250407',16,'0',''),
 (1309,'CARRAPATEIRA','250410',16,'0',''),
 (1310,'CASSERENGUE','250415',16,'0',''),
 (1311,'CATINGUEIRA','250420',16,'0',''),
 (1312,'CATOLE DO ROCHA','250430',16,'0',''),
 (1313,'CATURITE','250435',16,'0',''),
 (1314,'CONCEICAO','250440',16,'0',''),
 (1315,'CONDADO','250450',16,'0',''),
 (1316,'CONDE','250460',16,'0',''),
 (1317,'CONGO','250470',16,'0',''),
 (1318,'COREMAS','250480',16,'0',''),
 (1319,'COXIXOLA','250485',16,'0',''),
 (1320,'CRUZ DO ESPIRITO SANTO','250490',16,'0',''),
 (1321,'CUBATI','250500',16,'0',''),
 (1322,'CUITE','250510',16,'0',''),
 (1323,'CUITEGI','250520',16,'0',''),
 (1324,'CUITE DE MAMANGUAPE','250523',16,'0',''),
 (1325,'CURRAL DE CIMA','250527',16,'0',''),
 (1326,'CURRAL VELHO','250530',16,'0',''),
 (1327,'DAMIAO','250535',16,'0',''),
 (1328,'DESTERRO','250540',16,'0',''),
 (1329,'VISTA SERRANA','250550',16,'0',''),
 (1330,'DIAMANTE','250560',16,'0',''),
 (1331,'DONA INES','250570',16,'0',''),
 (1332,'DUAS ESTRADAS','250580',16,'0',''),
 (1333,'EMAS','250590',16,'0',''),
 (1334,'ESPERANCA','250600',16,'0',''),
 (1335,'FAGUNDES','250610',16,'0',''),
 (1336,'FREI MARTINHO','250620',16,'0',''),
 (1337,'GADO BRAVO','250625',16,'0',''),
 (1338,'GUARABIRA','250630',16,'0',''),
 (1339,'GURINHEM','250640',16,'0',''),
 (1340,'GURJAO','250650',16,'0',''),
 (1341,'IBIARA','250660',16,'0',''),
 (1342,'IMACULADA','250670',16,'0',''),
 (1343,'INGA','250680',16,'0',''),
 (1344,'ITABAIANA','250690',16,'0',''),
 (1345,'ITAPORANGA','250700',16,'0',''),
 (1346,'ITAPOROROCA','250710',16,'0',''),
 (1347,'ITATUBA','250720',16,'0',''),
 (1348,'JACARAU','250730',16,'0',''),
 (1349,'JERICO','250740',16,'0',''),
 (1350,'JOAO PESSOA','250750',16,'0',''),
 (1351,'JUAREZ TAVORA','250760',16,'0',''),
 (1352,'JUAZEIRINHO','250770',16,'0',''),
 (1353,'JUNCO DO SERIDO','250780',16,'0',''),
 (1354,'JURIPIRANGA','250790',16,'0',''),
 (1355,'JURU','250800',16,'0',''),
 (1356,'LAGOA','250810',16,'0',''),
 (1357,'LAGOA DE DENTRO','250820',16,'0',''),
 (1358,'LAGOA SECA','250830',16,'0',''),
 (1359,'LASTRO','250840',16,'0',''),
 (1360,'LIVRAMENTO','250850',16,'0',''),
 (1361,'LOGRADOURO','250855',16,'0',''),
 (1362,'LUCENA','250860',16,'0',''),
 (1363,'MAE D\'AGUA','250870',16,'0',''),
 (1364,'MALTA','250880',16,'0',''),
 (1365,'MAMANGUAPE','250890',16,'0',''),
 (1366,'MANAIRA','250900',16,'0',''),
 (1367,'MARCACAO','250905',16,'0',''),
 (1368,'MARI','250910',16,'0',''),
 (1369,'MARIZOPOLIS','250915',16,'0',''),
 (1370,'MASSARANDUBA','250920',16,'0',''),
 (1371,'MATARACA','250930',16,'0',''),
 (1372,'MATINHAS','250933',16,'0',''),
 (1373,'MATO GROSSO','250937',16,'0',''),
 (1374,'MATUREIA','250939',16,'0',''),
 (1375,'MOGEIRO','250940',16,'0',''),
 (1376,'MONTADAS','250950',16,'0',''),
 (1377,'MONTE HOREBE','250960',16,'0',''),
 (1378,'MONTEIRO','250970',16,'0',''),
 (1379,'MULUNGU','250980',16,'0',''),
 (1380,'NATUBA','250990',16,'0',''),
 (1381,'NAZAREZINHO','251000',16,'0',''),
 (1382,'NOVA FLORESTA','251010',16,'0',''),
 (1383,'NOVA OLINDA','251020',16,'0',''),
 (1384,'NOVA PALMEIRA','251030',16,'0',''),
 (1385,'OLHO D\'AGUA','251040',16,'0',''),
 (1386,'OLIVEDOS','251050',16,'0',''),
 (1387,'OURO VELHO','251060',16,'0',''),
 (1388,'PARARI','251065',16,'0',''),
 (1389,'PASSAGEM','251070',16,'0',''),
 (1390,'PATOS','251080',16,'0',''),
 (1391,'PAULISTA','251090',16,'0',''),
 (1392,'PEDRA BRANCA','251100',16,'0',''),
 (1393,'PEDRA LAVRADA','251110',16,'0',''),
 (1394,'PEDRAS DE FOGO','251120',16,'0',''),
 (1395,'PIANCO','251130',16,'0',''),
 (1396,'PICUI','251140',16,'0',''),
 (1397,'PILAR','251150',16,'0',''),
 (1398,'PIL','251160',16,'0',''),
 (1399,'PIL','251170',16,'0',''),
 (1400,'PIRPIRITUBA','251180',16,'0',''),
 (1401,'PITIMBU','251190',16,'0',''),
 (1402,'POCINHOS','251200',16,'0',''),
 (1403,'POCO DANTAS','251203',16,'0',''),
 (1404,'POCO DE JOSE DE MOURA','251207',16,'0',''),
 (1405,'POMBAL','251210',16,'0',''),
 (1406,'PRATA','251220',16,'0',''),
 (1407,'PRINCESA ISABEL','251230',16,'0',''),
 (1408,'PUXINANA','251240',16,'0',''),
 (1409,'QUEIMADAS','251250',16,'0',''),
 (1410,'QUIXABA','251260',16,'0',''),
 (1411,'REMIGIO','251270',16,'0',''),
 (1412,'PEDRO REGIS','251272',16,'0',''),
 (1413,'RIACHAO','251274',16,'0',''),
 (1414,'RIACHAO DO BACAMARTE','251275',16,'0',''),
 (1415,'RIACHAO DO POCO','251276',16,'0',''),
 (1416,'RIACHO DE SANTO ANTONIO','251278',16,'0',''),
 (1417,'RIACHO DOS CAVALOS','251280',16,'0',''),
 (1418,'RIO TINTO','251290',16,'0',''),
 (1419,'SALGADINHO','251300',16,'0',''),
 (1420,'SALGADO DE SAO FELIX','251310',16,'0',''),
 (1421,'SANTA CECILIA','251315',16,'0',''),
 (1422,'SANTA CRUZ','251320',16,'0',''),
 (1423,'SANTA HELENA','251330',16,'0',''),
 (1424,'SANTA INES','251335',16,'0',''),
 (1425,'SANTA LUZIA','251340',16,'0',''),
 (1426,'SANTANA DE MANGUEIRA','251350',16,'0',''),
 (1427,'SANTANA DOS GARROTES','251360',16,'0',''),
 (1428,'SANTAREM','251365',16,'0',''),
 (1429,'SANTA RITA','251370',16,'0',''),
 (1430,'SANTA TERESINHA','251380',16,'0',''),
 (1431,'SANTO ANDRE','251385',16,'0',''),
 (1432,'SAO BENTO','251390',16,'0',''),
 (1433,'SAO BENTINHO','251392',16,'0',''),
 (1434,'SAO DOMINGOS DO CARIRI','251394',16,'0',''),
 (1435,'SAO DOMINGOS','251396',16,'0',''),
 (1436,'SAO FRANCISCO','251398',16,'0',''),
 (1437,'SAO JOAO DO CARIRI','251400',16,'0',''),
 (1438,'SAO JOAO DO TIGRE','251410',16,'0',''),
 (1439,'SAO JOSE DA LAGOA TAPADA','251420',16,'0',''),
 (1440,'SAO JOSE DE CAIANA','251430',16,'0',''),
 (1441,'SAO JOSE DE ESPINHARAS','251440',16,'0',''),
 (1442,'SAO JOSE DOS RAMOS','251445',16,'0',''),
 (1443,'SAO JOSE DE PIRANHAS','251450',16,'0',''),
 (1444,'SAO JOSE DE PRINCESA','251455',16,'0',''),
 (1445,'SAO JOSE DO BONFIM','251460',16,'0',''),
 (1446,'SAO JOSE DO BREJO DO CRUZ','251465',16,'0',''),
 (1447,'SAO JOSE DO SABUGI','251470',16,'0',''),
 (1448,'SAO JOSE DOS CORDEIROS','251480',16,'0',''),
 (1449,'SAO MAMEDE','251490',16,'0',''),
 (1450,'SAO MIGUEL DE TAIPU','251500',16,'0',''),
 (1451,'SAO SEBASTIAO DE LAGOA DE ROCA','251510',16,'0',''),
 (1452,'SAO SEBASTIAO DO UMBUZEIRO','251520',16,'0',''),
 (1453,'SAPE','251530',16,'0',''),
 (1454,'SERIDO','251540',16,'0',''),
 (1455,'SERRA BRANCA','251550',16,'0',''),
 (1456,'SERRA DA RAIZ','251560',16,'0',''),
 (1457,'SERRA GRANDE','251570',16,'0',''),
 (1458,'SERRA REDONDA','251580',16,'0',''),
 (1459,'SERRARIA','251590',16,'0',''),
 (1460,'SERTAOZINHO','251593',16,'0',''),
 (1461,'SOBRADO','251597',16,'0',''),
 (1462,'SOLANEA','251600',16,'0',''),
 (1463,'SOLEDADE','251610',16,'0',''),
 (1464,'SOSSEGO','251615',16,'0',''),
 (1465,'SOUSA','251620',16,'0',''),
 (1466,'SUME','251630',16,'0',''),
 (1467,'CAMPO DE SANTANA','251640',16,'0',''),
 (1468,'TAPEROA','251650',16,'0',''),
 (1469,'TAVARES','251660',16,'0',''),
 (1470,'TEIXEIRA','251670',16,'0',''),
 (1471,'TENORIO','251675',16,'0',''),
 (1472,'TRIUNFO','251680',16,'0',''),
 (1473,'UIRAUNA','251690',16,'0',''),
 (1474,'UMBUZEIRO','251700',16,'0',''),
 (1475,'VARZEA','251710',16,'0',''),
 (1476,'VIEIROPOLIS','251720',16,'0',''),
 (1477,'ZABELE','251740',16,'0',''),
 (1478,'MUNICIPIO IGNORADO - PE','260000',1,'0','26'),
 (1479,'ABREU E LIMA','260005',1,'0','26'),
 (1480,'AFOGADOS DA INGAZEIRA','260010',1,'0','26'),
 (1481,'AFRANIO','260020',1,'0','26'),
 (1482,'AGRESTINA','260030',1,'2604','26'),
 (1483,'AGUA PRETA','260040',1,'0','26'),
 (1484,'AGUAS BELAS','260050',1,'0','26'),
 (1485,'ALAGOINHA','260060',1,'2604','26'),
 (1486,'ALIANCA','260070',1,'0','26'),
 (1487,'ALTINHO','260080',1,'2604','26'),
 (1488,'AMARAJI','260090',1,'0','26'),
 (1489,'ANGELIM','260100',1,'0','26'),
 (1490,'ARACOIABA','260105',1,'0','26'),
 (1491,'ARARIPINA','260110',1,'0','26'),
 (1492,'ARCOVERDE','260120',1,'0','26'),
 (1493,'BARRA DE GUABIRABA','260130',1,'2604','26'),
 (1494,'BARREIROS','260140',1,'0','26'),
 (1495,'BELEM DE MARIA','260150',1,'0','26'),
 (1496,'BELEM DE SAO FRANCISCO','260160',1,'0','26'),
 (1497,'BELO JARDIM','260170',1,'2604','26'),
 (1498,'BETANIA','260180',1,'0','26'),
 (1499,'BEZERROS','260190',1,'2604','26'),
 (1500,'BODOCO','260200',1,'0','26'),
 (1501,'BOM CONSELHO','260210',1,'0','26'),
 (1502,'BOM JARDIM','260220',1,'0','26'),
 (1503,'BONITO','260230',1,'2604','26'),
 (1504,'BREJAO','260240',1,'0','26'),
 (1505,'BREJINHO','260250',1,'0','26'),
 (1506,'BREJO DA MADRE DE DEUS','260260',1,'2604','26'),
 (1507,'BUENOS AIRES','260270',1,'0','26'),
 (1508,'BUIQUE','260280',1,'0','26'),
 (1509,'CABO DE SANTO AGOSTINHO','260290',1,'0','26'),
 (1510,'CABROBO','260300',1,'0','26'),
 (1511,'CACHOEIRINHA','260310',1,'2604','26');
INSERT INTO `cidades` (`id`,`cidade_nome`,`cidade_codigo_ibge`,`cidade_id_estado`,`cidade_id_regional`,`cidade_codigo_estado_ibge`) VALUES 
 (1512,'CAETES','260320',1,'0','26'),
 (1513,'CALCADO','260330',1,'0','26'),
 (1514,'CALUMBI','260340',1,'0','26'),
 (1515,'CAMARAGIBE','260345',1,'0','26'),
 (1516,'CAMOCIM DE SAO FELIX','260350',1,'2604','26'),
 (1517,'CAMUTANGA','260360',1,'0','26'),
 (1518,'CANHOTINHO','260370',1,'0','26'),
 (1519,'CAPOEIRAS','260380',1,'0','26'),
 (1520,'CARNAIBA','260390',1,'0','26'),
 (1521,'CARNAUBEIRA DA PENHA','260392',1,'0','26'),
 (1522,'CARPINA','260400',1,'0','26'),
 (1523,'CARUARU','260410',1,'2604','26'),
 (1524,'CASINHAS','260415',1,'0','26'),
 (1525,'CATENDE','260420',1,'0','26'),
 (1526,'CEDRO','260430',1,'0','26'),
 (1527,'CHA DE ALEGRIA','260440',1,'0','26'),
 (1528,'CHA GRANDE','260450',1,'0','26'),
 (1529,'CONDADO','260460',1,'0','26'),
 (1530,'CORRENTES','260470',1,'0','26'),
 (1531,'CORTES','260480',1,'0','26'),
 (1532,'CUMARU','260490',1,'0','26'),
 (1533,'CUPIRA','260500',1,'2604','26'),
 (1534,'CUSTODIA','260510',1,'0','26'),
 (1535,'DORMENTES','260515',1,'0','26'),
 (1536,'ESCADA','260520',1,'0','26'),
 (1537,'EXU','260530',1,'0','26'),
 (1538,'FEIRA NOVA','260540',1,'0','26'),
 (1539,'FERNANDO DE NORONHA','260545',1,'0','26'),
 (1540,'FERREIROS','260550',1,'0','26'),
 (1541,'FLORES','260560',1,'0','26'),
 (1542,'FLORESTA','260570',1,'0','26'),
 (1543,'FREI MIGUELINHO','260580',1,'2604','26'),
 (1544,'GAMELEIRA','260590',1,'0','26'),
 (1545,'GARANHUNS','260600',1,'0','26'),
 (1546,'GLORIA DO GOITA','260610',1,'0','26'),
 (1547,'GOIANA','260620',1,'0','26'),
 (1548,'GRANITO','260630',1,'0','26'),
 (1549,'GRAVATA','260640',1,'2604','26'),
 (1550,'IATI','260650',1,'0','26'),
 (1551,'IBIMIRIM','260660',1,'0','26'),
 (1552,'IBIRAJUBA','260670',1,'2604','26'),
 (1553,'IGARASSU','260680',1,'0','26'),
 (1554,'IGUARACI','260690',1,'0','26'),
 (1555,'INAJA','260700',1,'0','26'),
 (1556,'INGAZEIRA','260710',1,'0','26'),
 (1557,'IPOJUCA','260720',1,'0','26'),
 (1558,'IPUBI','260730',1,'0','26'),
 (1559,'ITACURUBA','260740',1,'0','26'),
 (1560,'ITAIBA','260750',1,'0','26'),
 (1561,'ILHA DE ITAMARACA','260760',1,'0','26'),
 (1562,'ITAMBE','260765',1,'0','26'),
 (1563,'ITAPETIM','260770',1,'0','26'),
 (1564,'ITAPISSUMA','260775',1,'0','26'),
 (1565,'ITAQUITINGA','260780',1,'0','26'),
 (1566,'JABOATAO DOS GUARARAPES','260790',1,'0','26'),
 (1567,'JAQUEIRA','260795',1,'0','26'),
 (1568,'JATAUBA','260800',1,'2604','26'),
 (1569,'JATOBA','260805',1,'0','26'),
 (1570,'JOAO ALFREDO','260810',1,'0','26'),
 (1571,'JOAQUIM NABUCO','260820',1,'0','26'),
 (1572,'JUCATI','260825',1,'0','26'),
 (1573,'JUPI','260830',1,'0','26'),
 (1574,'JUREMA','260840',1,'2604','26'),
 (1575,'LAGOA DO CARRO','260845',1,'0','26'),
 (1576,'LAGOA DO ITAENGA','260850',1,'0','26'),
 (1577,'LAGOA DO OURO','260860',1,'0','26'),
 (1578,'LAGOA DOS GATOS','260870',1,'0','26'),
 (1579,'LAGOA GRANDE','260875',1,'0','26'),
 (1580,'LAJEDO','260880',1,'0','26'),
 (1581,'LIMOEIRO','260890',1,'0','26'),
 (1582,'MACAPARANA','260900',1,'0','26'),
 (1583,'MACHADOS','260910',1,'0','26'),
 (1584,'MANARI','260915',1,'0','26'),
 (1585,'MARAIAL','260920',1,'0','26'),
 (1586,'MIRANDIBA','260930',1,'0','26'),
 (1587,'MORENO','260940',1,'0','26'),
 (1588,'NAZARE DA MATA','260950',1,'0','26'),
 (1589,'OLINDA','260960',1,'0','26'),
 (1590,'OROBO','260970',1,'0','26'),
 (1591,'OROCO','260980',1,'0','26'),
 (1592,'OURICURI','260990',1,'0','26'),
 (1593,'PALMARES','261000',1,'0','26'),
 (1594,'PALMEIRINA','261010',1,'0','26'),
 (1595,'PANELAS','261020',1,'2604','26'),
 (1596,'PARANATAMA','261030',1,'0','26'),
 (1597,'PARNAMIRIM','261040',1,'0','26'),
 (1598,'PASSIRA','261050',1,'0','26'),
 (1599,'PAUDALHO','261060',1,'0','26'),
 (1600,'PAULISTA','261070',1,'0','26'),
 (1601,'PEDRA','261080',1,'0','26'),
 (1602,'PESQUEIRA','261090',1,'2604','26'),
 (1603,'PETROLANDIA','261100',1,'0','26'),
 (1604,'PETROLINA','261110',1,'0','26'),
 (1605,'POCAO','261120',1,'2604','26'),
 (1606,'POMBOS','261130',1,'0','26'),
 (1607,'PRIMAVERA','261140',1,'0','26'),
 (1608,'QUIPAPA','261150',1,'0','26'),
 (1609,'QUIXABA','261153',1,'0','26'),
 (1610,'RECIFE','261160',1,'0','26'),
 (1611,'RIACHO DAS ALMAS','261170',1,'2604','26'),
 (1612,'RIBEIRAO','261180',1,'0','26'),
 (1613,'RIO FORMOSO','261190',1,'0','26'),
 (1614,'SAIRE','261200',1,'2604','26'),
 (1615,'SALGADINHO','261210',1,'0','26'),
 (1616,'SALGUEIRO','261220',1,'0','26'),
 (1617,'SALOA','261230',1,'0','26'),
 (1618,'SANHARO','261240',1,'2604','26'),
 (1619,'SANTA CRUZ','261245',1,'0','26'),
 (1620,'SANTA CRUZ DA BAIXA VERDE','261247',1,'0','26'),
 (1621,'SANTA CRUZ DO CAPIBARIBE','261250',1,'2604','26'),
 (1622,'SANTA FILOMENA','261255',1,'0','26'),
 (1623,'SANTA MARIA DA BOA VISTA','261260',1,'0','26'),
 (1624,'SANTA MARIA DO CAMBUCA','261270',1,'2604','26'),
 (1625,'SANTA TEREZINHA','261280',1,'0','26'),
 (1626,'SAO BENEDITO DO SUL','261290',1,'0','26'),
 (1627,'SAO BENTO DO UNA','261300',1,'2604','26'),
 (1628,'SAO CAITANO','261310',1,'2604','26'),
 (1629,'SAO JOAO','261320',1,'0','26'),
 (1630,'SAO JOAQUIM DO MONTE','261330',1,'2604','26'),
 (1631,'SAO JOSE DA COROA GRANDE','261340',1,'0','26'),
 (1632,'SAO JOSE DO BELMONTE','261350',1,'0','26'),
 (1633,'SAO JOSE DO EGITO','261360',1,'0','26'),
 (1634,'SAO LOURENCO DA MATA','261370',1,'0','26'),
 (1635,'SAO VICENTE FERRER','261380',1,'0','26'),
 (1636,'SERRA TALHADA','261390',1,'0','26'),
 (1637,'SERRITA','261400',1,'0','26'),
 (1638,'SERTANIA','261410',1,'0','26'),
 (1639,'SIRINHAEM','261420',1,'0','26'),
 (1640,'MOREILANDIA','261430',1,'0','26'),
 (1641,'SOLIDAO','261440',1,'0','26'),
 (1642,'SURUBIM','261450',1,'0','26'),
 (1643,'TABIRA','261460',1,'0','26'),
 (1644,'TACAIMBO','261470',1,'2604','26'),
 (1645,'TACARATU','261480',1,'0','26'),
 (1646,'TAMANDARE','261485',1,'0','26'),
 (1647,'TAQUARITINGA DO NORTE','261500',1,'2604','26'),
 (1648,'TEREZINHA','261510',1,'0','26'),
 (1649,'TERRA NOVA','261520',1,'0','26'),
 (1650,'TIMBAUBA','261530',1,'0','26'),
 (1651,'TORITAMA','261540',1,'2604','26'),
 (1652,'TRACUNHAEM','261550',1,'0','26'),
 (1653,'TRINDADE','261560',1,'0','26'),
 (1654,'TRIUNFO','261570',1,'0','26'),
 (1655,'TUPANATINGA','261580',1,'0','26'),
 (1656,'TUPARETAMA','261590',1,'0','26'),
 (1657,'VENTUROSA','261600',1,'0','26'),
 (1658,'VERDEJANTE','261610',1,'0','26'),
 (1659,'VERTENTE DO LERIO','261618',1,'0','26'),
 (1660,'VERTENTES','261620',1,'2604','26'),
 (1661,'VICENCIA','261630',1,'0','26'),
 (1662,'VITORIA DE SANTO ANTAO','261640',1,'0','26'),
 (1663,'XEXEU','261650',1,'0','26'),
 (1664,'MUNICIPIO IGNORADO - AL','270000',2,'0',''),
 (1665,'AGUA BRANCA','270010',2,'0',''),
 (1666,'ANADIA','270020',2,'0',''),
 (1667,'ARAPIRACA','270030',2,'0',''),
 (1668,'ATALAIA','270040',2,'0',''),
 (1669,'BARRA DE SANTO ANTONIO','270050',2,'0',''),
 (1670,'BARRA DE SAO MIGUEL','270060',2,'0',''),
 (1671,'BATALHA','270070',2,'0',''),
 (1672,'BELEM','270080',2,'0',''),
 (1673,'BELO MONTE','270090',2,'0',''),
 (1674,'BOCA DA MATA','270100',2,'0',''),
 (1675,'BRANQUINHA','270110',2,'0',''),
 (1676,'CACIMBINHAS','270120',2,'0',''),
 (1677,'CAJUEIRO','270130',2,'0',''),
 (1678,'CAMPESTRE','270135',2,'0',''),
 (1679,'CAMPO ALEGRE','270140',2,'0',''),
 (1680,'CAMPO GRANDE','270150',2,'0',''),
 (1681,'CANAPI','270160',2,'0',''),
 (1682,'CAPELA','270170',2,'0',''),
 (1683,'CARNEIROS','270180',2,'0',''),
 (1684,'CHA PRETA','270190',2,'0',''),
 (1685,'COITE DO NOIA','270200',2,'0',''),
 (1686,'COLONIA LEOPOLDINA','270210',2,'0',''),
 (1687,'COQUEIRO SECO','270220',2,'0',''),
 (1688,'CORURIPE','270230',2,'0',''),
 (1689,'CRAIBAS','270235',2,'0',''),
 (1690,'DELMIRO GOUVEIA','270240',2,'0',''),
 (1691,'DOIS RIACHOS','270250',2,'0',''),
 (1692,'ESTRELA DE ALAGOAS','270255',2,'0',''),
 (1693,'FEIRA GRANDE','270260',2,'0',''),
 (1694,'FELIZ DESERTO','270270',2,'0',''),
 (1695,'FLEXEIRAS','270280',2,'0',''),
 (1696,'GIRAU DO PONCIANO','270290',2,'0',''),
 (1697,'IBATEGUARA','270300',2,'0',''),
 (1698,'IGACI','270310',2,'0',''),
 (1699,'IGREJA NOVA','270320',2,'0',''),
 (1700,'INHAPI','270330',2,'0',''),
 (1701,'JACARE DOS HOMENS','270340',2,'0',''),
 (1702,'JACUIPE','270350',2,'0',''),
 (1703,'JAPARATINGA','270360',2,'0',''),
 (1704,'JARAMATAIA','270370',2,'0',''),
 (1705,'JEQUIA DA PRAIA','270375',2,'0',''),
 (1706,'JOAQUIM GOMES','270380',2,'0',''),
 (1707,'JUNDIA','270390',2,'0',''),
 (1708,'JUNQUEIRO','270400',2,'0',''),
 (1709,'LAGOA DA CANOA','270410',2,'0',''),
 (1710,'LIMOEIRO DE ANADIA','270420',2,'0',''),
 (1711,'MACEIO','270430',2,'0',''),
 (1712,'MAJOR ISIDORO','270440',2,'0',''),
 (1713,'MARAGOGI','270450',2,'0',''),
 (1714,'MARAVILHA','270460',2,'0',''),
 (1715,'MARECHAL DEODORO','270470',2,'0',''),
 (1716,'MARIBONDO','270480',2,'0',''),
 (1717,'MAR VERMELHO','270490',2,'0',''),
 (1718,'MATA GRANDE','270500',2,'0',''),
 (1719,'MATRIZ DE CAMARAGIBE','270510',2,'0',''),
 (1720,'MESSIAS','270520',2,'0',''),
 (1721,'MINADOR DO NEGRAO','270530',2,'0',''),
 (1722,'MONTEIROPOLIS','270540',2,'0',''),
 (1723,'MURICI','270550',2,'0',''),
 (1724,'NOVO LINO','270560',2,'0',''),
 (1725,'OLHO D\'AGUA DAS FLORES','270570',2,'0',''),
 (1726,'OLHO D\'AGUA DO CASADO','270580',2,'0',''),
 (1727,'OLHO D\'AGUA GRANDE','270590',2,'0',''),
 (1728,'OLIVENCA','270600',2,'0',''),
 (1729,'OURO BRANCO','270610',2,'0',''),
 (1730,'PALESTINA','270620',2,'0',''),
 (1731,'PALMEIRA DOS ','270630',2,'0',''),
 (1732,'PAO DE ACUCAR','270640',2,'0',''),
 (1733,'PARICONHA','270642',2,'0',''),
 (1734,'PARIPUEIRA','270644',2,'0',''),
 (1735,'PASSO DE CAMARAGIBE','270650',2,'0',''),
 (1736,'PAULO JACINTO','270660',2,'0',''),
 (1737,'PENEDO','270670',2,'0',''),
 (1738,'PIACABUCU','270680',2,'0',''),
 (1739,'PILAR','270690',2,'0',''),
 (1740,'PINDOBA','270700',2,'0',''),
 (1741,'PIRANHAS','270710',2,'0',''),
 (1742,'POCO DAS TRINCHEIRAS','270720',2,'0',''),
 (1743,'PORTO CALVO','270730',2,'0',''),
 (1744,'PORTO DE PEDRAS','270740',2,'0',''),
 (1745,'PORTO REAL DO COLEGIO','270750',2,'0',''),
 (1746,'QUEBRANGULO','270760',2,'0',''),
 (1747,'RIO LARGO','270770',2,'0',''),
 (1748,'ROTEIRO','270780',2,'0',''),
 (1749,'SANTA LUZIA DO NORTE','270790',2,'0',''),
 (1750,'SANTANA DO IPANEMA','270800',2,'0',''),
 (1751,'SANTANA DO MUNDAU','270810',2,'0',''),
 (1752,'SAO BRAS','270820',2,'0',''),
 (1753,'SAO JOSE DA LAJE','270830',2,'0',''),
 (1754,'SAO JOSE DA TAPERA','270840',2,'0',''),
 (1755,'SAO LUIS DO QUITUNDE','270850',2,'0',''),
 (1756,'SAO MIGUEL DOS CAMPOS','270860',2,'0',''),
 (1757,'SAO MIGUEL DOS MILAGRES','270870',2,'0',''),
 (1758,'SAO SEBASTIAO','270880',2,'0',''),
 (1759,'SATUBA','270890',2,'0',''),
 (1760,'SENADOR RUI PALMEIRA','270895',2,'0',''),
 (1761,'TANQUE D\'ARCA','270900',2,'0',''),
 (1762,'TAQUARANA','270910',2,'0',''),
 (1763,'TEOTONIO VILELA','270915',2,'0',''),
 (1764,'TRAIPU','270920',2,'0',''),
 (1765,'UNIAO DOS PALMARES','270930',2,'0',''),
 (1766,'VICOSA','270940',2,'0',''),
 (1767,'MUNICIPIO IGNORADO - SE','280000',17,'0',''),
 (1768,'AMPARO DE SAO FRANCISCO','280010',17,'0',''),
 (1769,'AQUIDABA','280020',17,'0',''),
 (1770,'ARACAJU','280030',17,'0',''),
 (1771,'ARAUA','280040',17,'0',''),
 (1772,'AREIA BRANCA','280050',17,'0',''),
 (1773,'BARRA DOS COQUEIROS','280060',17,'0',''),
 (1774,'BOQUIM','280067',17,'0',''),
 (1775,'BREJO GRANDE','280070',17,'0',''),
 (1776,'CAMPO DO BRITO','280100',17,'0',''),
 (1777,'CANHOBA','280110',17,'0',''),
 (1778,'CANINDE DE SAO FRANCISCO','280120',17,'0',''),
 (1779,'CAPELA','280130',17,'0',''),
 (1780,'CARIRA','280140',17,'0',''),
 (1781,'CARMOPOLIS','280150',17,'0',''),
 (1782,'CEDRO DE SAO JOAO','280160',17,'0',''),
 (1783,'CRISTINAPOLIS','280170',17,'0',''),
 (1784,'CUMBE','280190',17,'0',''),
 (1785,'DIVINA PASTORA','280200',17,'0',''),
 (1786,'ESTANCIA','280210',17,'0',''),
 (1787,'FEIRA NOVA','280220',17,'0',''),
 (1788,'FREI PAULO','280230',17,'0',''),
 (1789,'GARARU','280240',17,'0',''),
 (1790,'GENERAL MAYNARD','280250',17,'0',''),
 (1791,'GRACHO CARDOSO','280260',17,'0',''),
 (1792,'ILHA DAS FLORES','280270',17,'0',''),
 (1793,'INDIAROBA','280280',17,'0',''),
 (1794,'ITABAIANA','280290',17,'0',''),
 (1795,'ITABAIANINHA','280300',17,'0',''),
 (1796,'ITABI','280310',17,'0',''),
 (1797,'ITAPORANGA D\'AJUDA','280320',17,'0',''),
 (1798,'JAPARATUBA','280330',17,'0',''),
 (1799,'JAPOATA','280340',17,'0',''),
 (1800,'LAGARTO','280350',17,'0',''),
 (1801,'LARANJEIRAS','280360',17,'0',''),
 (1802,'MACAMBIRA','280370',17,'0',''),
 (1803,'MALHADA DOS BOIS','280380',17,'0',''),
 (1804,'MALHADOR','280390',17,'0',''),
 (1805,'MARUIM','280400',17,'0',''),
 (1806,'MOITA BONITA','280410',17,'0',''),
 (1807,'MONTE ALEGRE DE SERGIPE','280420',17,'0',''),
 (1808,'MURIBECA','280430',17,'0',''),
 (1809,'NEOPOLIS','280440',17,'0',''),
 (1810,'NOSSA SENHORA APARECIDA','280445',17,'0',''),
 (1811,'NOSSA SENHORA DA GLORIA','280450',17,'0',''),
 (1812,'NOSSA SENHORA DAS DORES','280460',17,'0',''),
 (1813,'NOSSA SENHORA DE LOURDES','280470',17,'0',''),
 (1814,'NOSSA SENHORA DO SOCORRO','280480',17,'0',''),
 (1815,'PACATUBA','280490',17,'0',''),
 (1816,'PEDRA MOLE','280500',17,'0',''),
 (1817,'PEDRINHAS','280510',17,'0',''),
 (1818,'PINHAO','280520',17,'0',''),
 (1819,'PIRAMBU','280530',17,'0',''),
 (1820,'POCO REDONDO','280540',17,'0',''),
 (1821,'POCO VERDE','280550',17,'0',''),
 (1822,'PORTO DA FOLHA','280560',17,'0',''),
 (1823,'PROPRIA','280570',17,'0',''),
 (1824,'RIACHAO DO DANTAS','280580',17,'0',''),
 (1825,'RIACHUELO','280590',17,'0',''),
 (1826,'RIBEIROPOLIS','280600',17,'0',''),
 (1827,'ROSARIO DO CATETE','280610',17,'0',''),
 (1828,'SALGADO','280620',17,'0',''),
 (1829,'SANTA LUZIA DO ITANHY','280630',17,'0',''),
 (1830,'SANTANA DO SAO FRANCISCO','280640',17,'0',''),
 (1831,'SANTA ROSA DE LIMA','280650',17,'0',''),
 (1832,'SANTO AMARO DAS BROTAS','280660',17,'0',''),
 (1833,'SAO CRISTOVAO','280670',17,'0',''),
 (1834,'SAO DOMINGOS','280680',17,'0',''),
 (1835,'SAO FRANCISCO','280690',17,'0',''),
 (1836,'SAO MIGUEL DO ALEIXO','280700',17,'0',''),
 (1837,'SIMAO DIAS','280710',17,'0',''),
 (1838,'SIRIRI','280720',17,'0',''),
 (1839,'TELHA','280730',17,'0',''),
 (1840,'TOBIAS BARRETO','280740',17,'0',''),
 (1841,'TOMAR DO GERU','280750',17,'0',''),
 (1842,'UMBAUBA','280760',17,'0',''),
 (1843,'MUNICIPIO IGNORADO - BA','290000',18,'0',''),
 (1844,'ABAIRA','290010',18,'0',''),
 (1845,'ABARE','290020',18,'0',''),
 (1846,'ACAJUTIBA','290030',18,'0',''),
 (1847,'ADUSTINA','290035',18,'0',''),
 (1848,'AGUA FRIA','290040',18,'0',''),
 (1849,'ERICO CARDOSO','290050',18,'0',''),
 (1850,'AIQUARA','290060',18,'0',''),
 (1851,'ALAGOINHAS','290070',18,'0',''),
 (1852,'ALCOBACA','290080',18,'0',''),
 (1853,'ALMADINA','290090',18,'0',''),
 (1854,'AMARGOSA','290100',18,'0',''),
 (1855,'AMELIA RODRIGUES','290110',18,'0',''),
 (1856,'AMERICA DOURADA','290115',18,'0',''),
 (1857,'ANAGE','290120',18,'0',''),
 (1858,'ANDARAI','290130',18,'0',''),
 (1859,'ANDORINHA','290135',18,'0',''),
 (1860,'ANGICAL','290140',18,'0',''),
 (1861,'ANGUERA','290150',18,'0',''),
 (1862,'ANTAS','290160',18,'0',''),
 (1863,'ANTONIO CARDOSO','290170',18,'0',''),
 (1864,'ANTONIO GONCALVES','290180',18,'0',''),
 (1865,'APORA','290190',18,'0',''),
 (1866,'APUAREMA','290195',18,'0',''),
 (1867,'ARACATU','290200',18,'0',''),
 (1868,'ARACAS','290205',18,'0',''),
 (1869,'ARACI','290210',18,'0',''),
 (1870,'ARAMARI','290220',18,'0',''),
 (1871,'ARATACA','290225',18,'0',''),
 (1872,'ARATUIPE','290230',18,'0',''),
 (1873,'AURELINO LEAL','290240',18,'0',''),
 (1874,'BAIANOPOLIS','290250',18,'0',''),
 (1875,'BAIXA GRANDE','290260',18,'0',''),
 (1876,'BANZAE','290265',18,'0',''),
 (1877,'BARRA','290270',18,'0',''),
 (1878,'BARRA DA ESTIVA','290280',18,'0',''),
 (1879,'BARRA DO CHOCA','290290',18,'0',''),
 (1880,'BARRA DO MENDES','290300',18,'0',''),
 (1881,'BARRA DO ROCHA','290310',18,'0',''),
 (1882,'BARREIRAS','290320',18,'0',''),
 (1883,'BARRO ALTO','290323',18,'0',''),
 (1884,'BARROCAS','290327',18,'0',''),
 (1885,'BARRO PRETO','290330',18,'0',''),
 (1886,'BELMONTE','290340',18,'0',''),
 (1887,'BELO CAMPO','290350',18,'0',''),
 (1888,'BIRITINGA','290360',18,'0',''),
 (1889,'BOA NOVA','290370',18,'0',''),
 (1890,'BOA VISTA DO TUPIM','290380',18,'0',''),
 (1891,'BOM JESUS DA LAPA','290390',18,'0',''),
 (1892,'BOM JESUS DA SERRA','290395',18,'0',''),
 (1893,'BONINAL','290400',18,'0',''),
 (1894,'BONITO','290405',18,'0',''),
 (1895,'BOQUIRA','290410',18,'0',''),
 (1896,'BOTUPORA','290420',18,'0',''),
 (1897,'BREJ','290430',18,'0',''),
 (1898,'BREJOLANDIA','290440',18,'0',''),
 (1899,'BROTAS DE MACAUBAS','290450',18,'0',''),
 (1900,'BRUMADO','290460',18,'0',''),
 (1901,'BUERAREMA','290470',18,'0',''),
 (1902,'BURITIRAMA','290475',18,'0',''),
 (1903,'CAATIBA','290480',18,'0',''),
 (1904,'CABACEIRAS DO PARAGUACU','290485',18,'0',''),
 (1905,'CACHOEIRA','290490',18,'0',''),
 (1906,'CACULE','290500',18,'0',''),
 (1907,'CAEM','290510',18,'0',''),
 (1908,'CAETANOS','290515',18,'0',''),
 (1909,'CAETITE','290520',18,'0',''),
 (1910,'CAFARNAUM','290530',18,'0',''),
 (1911,'CAIRU','290540',18,'0',''),
 (1912,'CALDEIRAO GRANDE','290550',18,'0',''),
 (1913,'CAMACAN','290560',18,'0',''),
 (1914,'CAMACARI','290570',18,'0',''),
 (1915,'CAMAMU','290580',18,'0',''),
 (1916,'CAMPO ALEGRE DE LOURDES','290590',18,'0',''),
 (1917,'CAMPO FORMOSO','290600',18,'0',''),
 (1918,'CANAPOLIS','290610',18,'0',''),
 (1919,'CANARANA','290620',18,'0',''),
 (1920,'CANAVIEIRAS','290630',18,'0',''),
 (1921,'CANDEAL','290640',18,'0',''),
 (1922,'CANDEIAS','290650',18,'0',''),
 (1923,'CANDIBA','290660',18,'0',''),
 (1924,'CANDIDO SALES','290670',18,'0',''),
 (1925,'CANSANCAO','290680',18,'0',''),
 (1926,'CANUDOS','290682',18,'0',''),
 (1927,'CAPELA DO ALTO ALEGRE','290685',18,'0',''),
 (1928,'CAPIM GROSSO','290687',18,'0',''),
 (1929,'CARAIBAS','290689',18,'0',''),
 (1930,'CARAVELAS','290690',18,'0',''),
 (1931,'CARDEAL DA SILVA','290700',18,'0',''),
 (1932,'CARINHANHA','290710',18,'0',''),
 (1933,'CASA NOVA','290720',18,'0',''),
 (1934,'CASTRO ALVES','290730',18,'0',''),
 (1935,'CATOLANDIA','290740',18,'0',''),
 (1936,'CATU','290750',18,'0',''),
 (1937,'CATURAMA','290755',18,'0',''),
 (1938,'CENTRAL','290760',18,'0',''),
 (1939,'CHORROCHO','290770',18,'0',''),
 (1940,'CICERO DANTAS','290780',18,'0',''),
 (1941,'CIPO','290790',18,'0',''),
 (1942,'COARACI','290800',18,'0',''),
 (1943,'COCOS','290810',18,'0',''),
 (1944,'CONCEICAO DA FEIRA','290820',18,'0',''),
 (1945,'CONCEICAO DO ALMEIDA','290830',18,'0',''),
 (1946,'CONCEICAO DO COITE','290840',18,'0',''),
 (1947,'CONCEICAO DO JACUIPE','290850',18,'0',''),
 (1948,'CONDE','290860',18,'0',''),
 (1949,'CONDEUBA','290870',18,'0',''),
 (1950,'CONTENDAS DO SINCORA','290880',18,'0',''),
 (1951,'CORACAO DE MARIA','290890',18,'0',''),
 (1952,'CORDEIROS','290900',18,'0',''),
 (1953,'CORIBE','290910',18,'0',''),
 (1954,'CORONEL JOAO SA','290920',18,'0',''),
 (1955,'CORRENTINA','290930',18,'0',''),
 (1956,'COTEGIPE','290940',18,'0',''),
 (1957,'CRAVOLANDIA','290950',18,'0',''),
 (1958,'CRISOPOLIS','290960',18,'0',''),
 (1959,'CRISTOPOLIS','290970',18,'0',''),
 (1960,'CRUZ DAS ALMAS','290980',18,'0',''),
 (1961,'CURACA','290990',18,'0',''),
 (1962,'DARIO MEIRA','291000',18,'0',''),
 (1963,'DIAS D\'AVILA','291005',18,'0',''),
 (1964,'DOM BASILIO','291010',18,'0',''),
 (1965,'DOM MACEDO COSTA','291020',18,'0',''),
 (1966,'ELISIO MEDRADO','291030',18,'0',''),
 (1967,'ENCRUZILHADA','291040',18,'0',''),
 (1968,'ENTRE RIOS','291050',18,'0',''),
 (1969,'ESPLANADA','291060',18,'0',''),
 (1970,'EUCLIDES DA CUNHA','291070',18,'0',''),
 (1971,'EUNAPOLIS','291072',18,'0',''),
 (1972,'FATIMA','291075',18,'0',''),
 (1973,'FEIRA DA MATA','291077',18,'0',''),
 (1974,'FEIRA DE SANTANA','291080',18,'0',''),
 (1975,'FILADELFIA','291085',18,'0',''),
 (1976,'FIRMINO ALVES','291090',18,'0',''),
 (1977,'FLORESTA AZUL','291100',18,'0',''),
 (1978,'FORMOSA DO RIO PRETO','291110',18,'0',''),
 (1979,'GANDU','291120',18,'0',''),
 (1980,'GAVIAO','291125',18,'0',''),
 (1981,'GENTIO DO OURO','291130',18,'0',''),
 (1982,'GLORIA','291140',18,'0',''),
 (1983,'GONGOGI','291150',18,'0',''),
 (1984,'GOVERNADOR MANGABEIRA','291160',18,'0',''),
 (1985,'GUAJERU','291165',18,'0',''),
 (1986,'GUANAMBI','291170',18,'0',''),
 (1987,'GUARATINGA','291180',18,'0',''),
 (1988,'HELIOPOLIS','291185',18,'0',''),
 (1989,'IACU','291190',18,'0',''),
 (1990,'IBIASSUCE','291200',18,'0',''),
 (1991,'IBICARAI','291210',18,'0',''),
 (1992,'IBICOARA','291220',18,'0',''),
 (1993,'IBICUI','291230',18,'0',''),
 (1994,'IBIPEBA','291240',18,'0',''),
 (1995,'IBIPITANGA','291250',18,'0',''),
 (1996,'IBIQUERA','291260',18,'0',''),
 (1997,'IBIRAPITANGA','291270',18,'0',''),
 (1998,'IBIRAPUA','291280',18,'0',''),
 (1999,'IBIRATAIA','291290',18,'0',''),
 (2000,'IBITIARA','291300',18,'0',''),
 (2001,'IBITITA','291310',18,'0',''),
 (2002,'IBOTIRAMA','291320',18,'0',''),
 (2003,'ICHU','291330',18,'0',''),
 (2004,'IGAPORA','291340',18,'0',''),
 (2005,'IGRAPIUNA','291345',18,'0',''),
 (2006,'IGUAI','291350',18,'0',''),
 (2007,'ILHEUS','291360',18,'0',''),
 (2008,'INHAMBUPE','291370',18,'0',''),
 (2009,'IPECAETA','291380',18,'0',''),
 (2010,'IPIAU','291390',18,'0',''),
 (2011,'IPIRA','291400',18,'0',''),
 (2012,'IPUPIARA','291410',18,'0',''),
 (2013,'IRAJUBA','291420',18,'0',''),
 (2014,'IRAMAIA','291430',18,'0',''),
 (2015,'IRAQUARA','291440',18,'0',''),
 (2016,'IRARA','291450',18,'0',''),
 (2017,'IRECE','291460',18,'0',''),
 (2018,'ITABELA','291465',18,'0',''),
 (2019,'ITABERABA','291470',18,'0',''),
 (2020,'ITABUNA','291480',18,'0',''),
 (2021,'ITACARE','291490',18,'0',''),
 (2022,'ITAETE','291500',18,'0',''),
 (2023,'ITAGI','291510',18,'0',''),
 (2024,'ITAGIBA','291520',18,'0',''),
 (2025,'ITAGIMIRIM','291530',18,'0',''),
 (2026,'ITAGUACU DA BAHIA','291535',18,'0',''),
 (2027,'ITAJU DO COLONIA','291540',18,'0',''),
 (2028,'ITAJUIPE','291550',18,'0',''),
 (2029,'ITAMARAJU','291560',18,'0',''),
 (2030,'ITAMARI','291570',18,'0',''),
 (2031,'ITAMBE','291580',18,'0',''),
 (2032,'ITANAGRA','291590',18,'0',''),
 (2033,'ITANHEM','291600',18,'0',''),
 (2034,'ITAPARICA','291610',18,'0',''),
 (2035,'ITAPE','291620',18,'0',''),
 (2036,'ITAPEBI','291630',18,'0',''),
 (2037,'ITAPETINGA','291640',18,'0',''),
 (2038,'ITAPICURU','291650',18,'0',''),
 (2039,'ITAPITANGA','291660',18,'0',''),
 (2040,'ITAQUARA','291670',18,'0',''),
 (2041,'ITARANTIM','291680',18,'0',''),
 (2042,'ITATIM','291685',18,'0',''),
 (2043,'ITIRUCU','291690',18,'0',''),
 (2044,'ITIUBA','291700',18,'0',''),
 (2045,'ITORORO','291710',18,'0',''),
 (2046,'ITUACU','291720',18,'0',''),
 (2047,'ITUBERA','291730',18,'0',''),
 (2048,'IUIU','291733',18,'0',''),
 (2049,'JABORANDI','291735',18,'0',''),
 (2050,'JACARACI','291740',18,'0',''),
 (2051,'JACOBINA','291750',18,'0',''),
 (2052,'JAGUAQUARA','291760',18,'0',''),
 (2053,'JAGUARARI','291770',18,'0',''),
 (2054,'JAGUARIPE','291780',18,'0',''),
 (2055,'JANDAIRA','291790',18,'0',''),
 (2056,'JEQUIE','291800',18,'0',''),
 (2057,'JEREMOABO','291810',18,'0',''),
 (2058,'JIQUIRICA','291820',18,'0',''),
 (2059,'JITAUNA','291830',18,'0',''),
 (2060,'JOAO DOURADO','291835',18,'0',''),
 (2061,'JUAZEIRO','291840',18,'0',''),
 (2062,'JUCURUCU','291845',18,'0',''),
 (2063,'JUSSARA','291850',18,'0',''),
 (2064,'JUSSARI','291855',18,'0',''),
 (2065,'JUSSIAPE','291860',18,'0',''),
 (2066,'LAFAIETE COUTINHO','291870',18,'0',''),
 (2067,'LAGOA REAL','291875',18,'0',''),
 (2068,'LAJE','291880',18,'0',''),
 (2069,'LAJEDAO','291890',18,'0',''),
 (2070,'LAJEDINHO','291900',18,'0',''),
 (2071,'LAJEDO DO TABOCAL','291905',18,'0',''),
 (2072,'LAMARAO','291910',18,'0',''),
 (2073,'LAPAO','291915',18,'0',''),
 (2074,'LAURO DE FREITAS','291920',18,'0',''),
 (2075,'LENCOIS','291930',18,'0',''),
 (2076,'LICINIO DE ALMEIDA','291940',18,'0',''),
 (2077,'LIVRAMENTO DE NOSSA SENHORA','291950',18,'0',''),
 (2078,'LUIS EDUARDO MAGALHAES','291955',18,'0',''),
 (2079,'MACAJUBA','291960',18,'0',''),
 (2080,'MACARANI','291970',18,'0',''),
 (2081,'MACAUBAS','291980',18,'0',''),
 (2082,'MACURURE','291990',18,'0',''),
 (2083,'MADRE DE DEUS','291992',18,'0',''),
 (2084,'MAETINGA','291995',18,'0',''),
 (2085,'MAIQUINIQUE','292000',18,'0',''),
 (2086,'MAIRI','292010',18,'0',''),
 (2087,'MALHADA','292020',18,'0',''),
 (2088,'MALHADA DE PEDRAS','292030',18,'0',''),
 (2089,'MANOEL VITORINO','292040',18,'0',''),
 (2090,'MANSIDAO','292045',18,'0',''),
 (2091,'MARACAS','292050',18,'0',''),
 (2092,'MARAGOGIPE','292060',18,'0',''),
 (2093,'MARAU','292070',18,'0',''),
 (2094,'MARCIONILIO SOUZA','292080',18,'0',''),
 (2095,'MASCOTE','292090',18,'0',''),
 (2096,'MATA DE SAO JOAO','292100',18,'0',''),
 (2097,'MATINA','292105',18,'0',''),
 (2098,'MEDEIROS NETO','292110',18,'0',''),
 (2099,'MIGUEL CALMON','292120',18,'0',''),
 (2100,'MILAGRES','292130',18,'0',''),
 (2101,'MIRANGABA','292140',18,'0',''),
 (2102,'MIRANTE','292145',18,'0',''),
 (2103,'MONTE SANTO','292150',18,'0',''),
 (2104,'MORPARA','292160',18,'0',''),
 (2105,'MORRO DO CHAPEU','292170',18,'0',''),
 (2106,'MORTUGABA','292180',18,'0',''),
 (2107,'MUCUGE','292190',18,'0',''),
 (2108,'MUCURI','292200',18,'0',''),
 (2109,'MULUNGU DO MORRO','292205',18,'0',''),
 (2110,'MUNDO NOVO','292210',18,'0',''),
 (2111,'MUNIZ FERREIRA','292220',18,'0',''),
 (2112,'MUQUEM DE SAO FRANCISCO','292225',18,'0',''),
 (2113,'MURITIBA','292230',18,'0',''),
 (2114,'MUTUIPE','292240',18,'0',''),
 (2115,'NAZARE','292250',18,'0',''),
 (2116,'NILO PECANHA','292260',18,'0',''),
 (2117,'NORDESTINA','292265',18,'0',''),
 (2118,'NOVA CANAA','292270',18,'0',''),
 (2119,'NOVA FATIMA','292273',18,'0',''),
 (2120,'NOVA IBIA','292275',18,'0',''),
 (2121,'NOVA ITARANA','292280',18,'0',''),
 (2122,'NOVA REDENCAO','292285',18,'0',''),
 (2123,'NOVA SOURE','292290',18,'0',''),
 (2124,'NOVA VICOSA','292300',18,'0',''),
 (2125,'NOVO HORIZONTE','292303',18,'0',''),
 (2126,'NOVO TRIUNFO','292305',18,'0',''),
 (2127,'OLINDINA','292310',18,'0',''),
 (2128,'OLIVEIRA DOS BREJINHOS','292320',18,'0',''),
 (2129,'OURICANGAS','292330',18,'0',''),
 (2130,'OUROLANDIA','292335',18,'0',''),
 (2131,'PALMAS DE MONTE ALTO','292340',18,'0',''),
 (2132,'PALMEIRAS','292350',18,'0',''),
 (2133,'PARAMIRIM','292360',18,'0',''),
 (2134,'PARATINGA','292370',18,'0',''),
 (2135,'PARIPIRANGA','292380',18,'0',''),
 (2136,'PAU BRASIL','292390',18,'0',''),
 (2137,'PAULO AFONSO','292400',18,'0',''),
 (2138,'PE DE SERRA','292405',18,'0',''),
 (2139,'PEDRAO','292410',18,'0',''),
 (2140,'PEDRO ALEXANDRE','292420',18,'0',''),
 (2141,'PIATA','292430',18,'0',''),
 (2142,'PILAO ARCADO','292440',18,'0',''),
 (2143,'PINDAI','292450',18,'0',''),
 (2144,'PINDOBACU','292460',18,'0',''),
 (2145,'PINTADAS','292465',18,'0',''),
 (2146,'PIRAI DO NORTE','292467',18,'0',''),
 (2147,'PIRIPA','292470',18,'0',''),
 (2148,'PIRITIBA','292480',18,'0',''),
 (2149,'PLANALTINO','292490',18,'0',''),
 (2150,'PLANALTO','292500',18,'0',''),
 (2151,'POC','292510',18,'0',''),
 (2152,'POJUCA','292520',18,'0',''),
 (2153,'PONTO NOVO','292525',18,'0',''),
 (2154,'PORTO SEGURO','292530',18,'0',''),
 (2155,'POTIRAGUA','292540',18,'0',''),
 (2156,'PRADO','292550',18,'0',''),
 (2157,'PRESIDENTE DUTRA','292560',18,'0',''),
 (2158,'PRESIDENTE JANIO QUADROS','292570',18,'0',''),
 (2159,'PRESIDENTE TANCREDO NEVES','292575',18,'0',''),
 (2160,'QUEIMADAS','292580',18,'0',''),
 (2161,'QUIJINGUE','292590',18,'0',''),
 (2162,'QUIXABEIRA','292593',18,'0',''),
 (2163,'RAFAEL JAMBEIRO','292595',18,'0',''),
 (2164,'REMANSO','292600',18,'0',''),
 (2165,'RETIROLANDIA','292610',18,'0',''),
 (2166,'RIACHAO DAS NEVES','292620',18,'0',''),
 (2167,'RIACHAO DO JACUIPE','292630',18,'0',''),
 (2168,'RIACHO DE SANTANA','292640',18,'0',''),
 (2169,'RIBEIRA DO AMPARO','292650',18,'0',''),
 (2170,'RIBEIRA DO POMBAL','292660',18,'0',''),
 (2171,'RIBEIRAO DO LARGO','292665',18,'0',''),
 (2172,'RIO DE CONTAS','292670',18,'0',''),
 (2173,'RIO DO ANTONIO','292680',18,'0',''),
 (2174,'RIO DO PIRES','292690',18,'0',''),
 (2175,'RIO REAL','292700',18,'0',''),
 (2176,'RODELAS','292710',18,'0',''),
 (2177,'RUY BARBOSA','292720',18,'0',''),
 (2178,'SALINAS DA MARGARIDA','292730',18,'0',''),
 (2179,'SALVADOR','292740',18,'0',''),
 (2180,'SANTA BARBARA','292750',18,'0',''),
 (2181,'SANTA BRIGIDA','292760',18,'0',''),
 (2182,'SANTA CRUZ CABRALIA','292770',18,'0',''),
 (2183,'SANTA CRUZ DA VITORIA','292780',18,'0',''),
 (2184,'SANTA INES','292790',18,'0',''),
 (2185,'SANTALUZ','292800',18,'0',''),
 (2186,'SANTA LUZIA','292805',18,'0',''),
 (2187,'SANTA MARIA DA VITORIA','292810',18,'0',''),
 (2188,'SANTANA','292820',18,'0',''),
 (2189,'SANTANOPOLIS','292830',18,'0',''),
 (2190,'SANTA RITA DE CASSIA','292840',18,'0',''),
 (2191,'SANTA TERESINHA','292850',18,'0',''),
 (2192,'SANTO AMARO','292860',18,'0',''),
 (2193,'SANTO ANTONIO DE JESUS','292870',18,'0',''),
 (2194,'SANTO ESTEVAO','292880',18,'0',''),
 (2195,'SAO DESIDERIO','292890',18,'0',''),
 (2196,'SAO DOMINGOS','292895',18,'0',''),
 (2197,'SAO FELIX','292900',18,'0',''),
 (2198,'SAO FELIX DO CORIBE','292905',18,'0',''),
 (2199,'SAO FELIPE','292910',18,'0',''),
 (2200,'SAO FRANCISCO DO CONDE','292920',18,'0',''),
 (2201,'SAO GABRIEL','292925',18,'0',''),
 (2202,'SAO GONCALO DOS CAMPOS','292930',18,'0',''),
 (2203,'SAO JOSE DA VITORIA','292935',18,'0',''),
 (2204,'SAO JOSE DO JACUIPE','292937',18,'0',''),
 (2205,'SAO MIGUEL DAS MATAS','292940',18,'0',''),
 (2206,'SAO SEBASTIAO DO PASSE','292950',18,'0',''),
 (2207,'SAPEACU','292960',18,'0',''),
 (2208,'SATIRO DIAS','292970',18,'0',''),
 (2209,'SAUBARA','292975',18,'0',''),
 (2210,'SAUDE','292980',18,'0',''),
 (2211,'SEABRA','292990',18,'0',''),
 (2212,'SEBASTIAO LARANJEIRAS','293000',18,'0',''),
 (2213,'SENHOR DO BONFIM','293010',18,'0',''),
 (2214,'SERRA DO RAMALHO','293015',18,'0',''),
 (2215,'SENTO SE','293020',18,'0',''),
 (2216,'SERRA DOURADA','293030',18,'0',''),
 (2217,'SERRA PRETA','293040',18,'0',''),
 (2218,'SERRINHA','293050',18,'0',''),
 (2219,'SERROLANDIA','293060',18,'0',''),
 (2220,'SIM','293070',18,'0',''),
 (2221,'SITIO DO MATO','293075',18,'0',''),
 (2222,'SITIO DO QUINTO','293076',18,'0',''),
 (2223,'SOBRADINHO','293077',18,'0',''),
 (2224,'SOUTO SOARES','293080',18,'0',''),
 (2225,'TABOCAS DO BREJO VELHO','293090',18,'0',''),
 (2226,'TANHACU','293100',18,'0',''),
 (2227,'TANQUE NOVO','293105',18,'0',''),
 (2228,'TANQUINHO','293110',18,'0',''),
 (2229,'TAPEROA','293120',18,'0',''),
 (2230,'TAPIRAMUTA','293130',18,'0',''),
 (2231,'TEIXEIRA DE FREITAS','293135',18,'0',''),
 (2232,'TEODORO SAMPAIO','293140',18,'0',''),
 (2233,'TEOFILANDIA','293150',18,'0',''),
 (2234,'TEOLANDIA','293160',18,'0',''),
 (2235,'TERRA NOVA','293170',18,'0',''),
 (2236,'TREMEDAL','293180',18,'0',''),
 (2237,'TUCANO','293190',18,'0',''),
 (2238,'UAUA','293200',18,'0',''),
 (2239,'UBAIRA','293210',18,'0',''),
 (2240,'UBAITABA','293220',18,'0',''),
 (2241,'UBATA','293230',18,'0',''),
 (2242,'UIBAI','293240',18,'0',''),
 (2243,'UMBURANAS','293245',18,'0',''),
 (2244,'UNA','293250',18,'0',''),
 (2245,'URANDI','293260',18,'0',''),
 (2246,'URUCUCA','293270',18,'0',''),
 (2247,'UTINGA','293280',18,'0',''),
 (2248,'VALENCA','293290',18,'0',''),
 (2249,'VALENTE','293300',18,'0',''),
 (2250,'VARZEA DA ROCA','293305',18,'0',''),
 (2251,'VARZEA DO POCO','293310',18,'0',''),
 (2252,'VARZEA NOVA','293315',18,'0',''),
 (2253,'VARZEDO','293317',18,'0',''),
 (2254,'VERA CRUZ','293320',18,'0',''),
 (2255,'VEREDA','293325',18,'0',''),
 (2256,'VITORIA DA CONQUISTA','293330',18,'0',''),
 (2257,'WAGNER','293340',18,'0',''),
 (2258,'WANDERLEY','293345',18,'0',''),
 (2259,'WENCESLAU GUIMARAES','293350',18,'0',''),
 (2260,'XIQUE-XIQUE','293360',18,'0',''),
 (2261,'MUNICIPIO IGNORADO - MG','310000',19,'0',''),
 (2262,'ABADIA DOS DOURADOS','310010',19,'0',''),
 (2263,'ABAETE','310020',19,'0',''),
 (2264,'ABRE CAMPO','310030',19,'0',''),
 (2265,'ACAIACA','310040',19,'0',''),
 (2266,'ACUCENA','310050',19,'0',''),
 (2267,'AGUA BOA','310060',19,'0',''),
 (2268,'AGUA COMPRIDA','310070',19,'0',''),
 (2269,'AGUANIL','310080',19,'0',''),
 (2270,'AGUAS FORMOSAS','310090',19,'0',''),
 (2271,'AGUAS VERMELHAS','310100',19,'0',''),
 (2272,'AIMORES','310110',19,'0',''),
 (2273,'AIURUOCA','310120',19,'0',''),
 (2274,'ALAGOA','310130',19,'0',''),
 (2275,'ALBERTINA','310140',19,'0',''),
 (2276,'ALEM PARAIBA','310150',19,'0',''),
 (2277,'ALFENAS','310160',19,'0',''),
 (2278,'ALFREDO VASCONCELOS','310163',19,'0',''),
 (2279,'ALMENARA','310170',19,'0',''),
 (2280,'ALPERCATA','310180',19,'0',''),
 (2281,'ALPINOPOLIS','310190',19,'0',''),
 (2282,'ALTEROSA','310200',19,'0',''),
 (2283,'ALTO CAPARAO','310205',19,'0',''),
 (2284,'ALTO RIO DOCE','310210',19,'0',''),
 (2285,'ALVARENGA','310220',19,'0',''),
 (2286,'ALVINOPOLIS','310230',19,'0',''),
 (2287,'ALVORADA DE MINAS','310240',19,'0',''),
 (2288,'AMPARO DO SERRA','310250',19,'0',''),
 (2289,'ANDRADAS','310260',19,'0',''),
 (2290,'CACHOEIRA DE PAJEU','310270',19,'0',''),
 (2291,'ANDRELANDIA','310280',19,'0',''),
 (2292,'ANGELANDIA','310285',19,'0',''),
 (2293,'ANTONIO CARLOS','310290',19,'0',''),
 (2294,'ANTONIO DIAS','310300',19,'0',''),
 (2295,'ANTONIO PRADO DE MINAS','310310',19,'0',''),
 (2296,'ARACAI','310320',19,'0',''),
 (2297,'ARACITABA','310330',19,'0',''),
 (2298,'ARACUAI','310340',19,'0',''),
 (2299,'ARAGUARI','310350',19,'0',''),
 (2300,'ARANTINA','310360',19,'0',''),
 (2301,'ARAPONGA','310370',19,'0',''),
 (2302,'ARAPORA','310375',19,'0',''),
 (2303,'ARAPUA','310380',19,'0',''),
 (2304,'ARAUJOS','310390',19,'0',''),
 (2305,'ARAXA','310400',19,'0',''),
 (2306,'ARCEBURGO','310410',19,'0',''),
 (2307,'ARCOS','310420',19,'0',''),
 (2308,'AREADO','310430',19,'0',''),
 (2309,'ARGIRITA','310440',19,'0',''),
 (2310,'ARICANDUVA','310445',19,'0',''),
 (2311,'ARINOS','310450',19,'0',''),
 (2312,'ASTOLFO DUTRA','310460',19,'0',''),
 (2313,'ATALEIA','310470',19,'0',''),
 (2314,'AUGUSTO DE LIMA','310480',19,'0',''),
 (2315,'BAEPENDI','310490',19,'0',''),
 (2316,'BALDIM','310500',19,'0',''),
 (2317,'BAMBUI','310510',19,'0',''),
 (2318,'BANDEIRA','310520',19,'0',''),
 (2319,'BANDEIRA DO SUL','310530',19,'0',''),
 (2320,'BARAO DE COCAIS','310540',19,'0',''),
 (2321,'BARAO DE MONTE ALTO','310550',19,'0',''),
 (2322,'BARBACENA','310560',19,'0',''),
 (2323,'BARRA LONGA','310570',19,'0',''),
 (2324,'BARROSO','310590',19,'0',''),
 (2325,'BELA VISTA DE MINAS','310600',19,'0',''),
 (2326,'BELMIRO BRAGA','310610',19,'0',''),
 (2327,'BELO HORIZONTE','310620',19,'0',''),
 (2328,'BELO ORIENTE','310630',19,'0',''),
 (2329,'BELO VALE','310640',19,'0',''),
 (2330,'BERILO','310650',19,'0',''),
 (2331,'BERTOPOLIS','310660',19,'0',''),
 (2332,'BERIZAL','310665',19,'0',''),
 (2333,'BETIM','310670',19,'0',''),
 (2334,'BIAS FORTES','310680',19,'0',''),
 (2335,'BICAS','310690',19,'0',''),
 (2336,'BIQUINHAS','310700',19,'0',''),
 (2337,'BOA ESPERANCA','310710',19,'0',''),
 (2338,'BOCAINA DE MINAS','310720',19,'0',''),
 (2339,'BOCAIUVA','310730',19,'0',''),
 (2340,'BOM DESPACHO','310740',19,'0',''),
 (2341,'BOM JARDIM DE MINAS','310750',19,'0',''),
 (2342,'BOM JESUS DA PENHA','310760',19,'0',''),
 (2343,'BOM JESUS DO AMPARO','310770',19,'0',''),
 (2344,'BOM JESUS DO GALHO','310780',19,'0',''),
 (2345,'BOM REPOUSO','310790',19,'0',''),
 (2346,'BOM SUCESSO','310800',19,'0',''),
 (2347,'BONFIM','310810',19,'0',''),
 (2348,'BONFINOPOLIS DE MINAS','310820',19,'0',''),
 (2349,'BONITO DE MINAS','310825',19,'0',''),
 (2350,'BORDA DA MATA','310830',19,'0',''),
 (2351,'BOTELHOS','310840',19,'0',''),
 (2352,'BOTUMIRIM','310850',19,'0',''),
 (2353,'BRASILANDIA DE MINAS','310855',19,'0',''),
 (2354,'BRASILIA DE MINAS','310860',19,'0',''),
 (2355,'BRAS PIRES','310870',19,'0',''),
 (2356,'BRAUNAS','310880',19,'0',''),
 (2357,'BRASOPOLIS','310890',19,'0',''),
 (2358,'BRUMADINHO','310900',19,'0',''),
 (2359,'BUENO BRANDAO','310910',19,'0',''),
 (2360,'BUENOPOLIS','310920',19,'0',''),
 (2361,'BUGRE','310925',19,'0',''),
 (2362,'BURITIS','310930',19,'0',''),
 (2363,'BURITIZEIRO','310940',19,'0',''),
 (2364,'CABECEIRA GRANDE','310945',19,'0',''),
 (2365,'CABO VERDE','310950',19,'0',''),
 (2366,'CACHOEIRA DA PRATA','310960',19,'0',''),
 (2367,'CACHOEIRA DE MINAS','310970',19,'0',''),
 (2368,'CACHOEIRA DOURADA','310980',19,'0',''),
 (2369,'CAETANOPOLIS','310990',19,'0',''),
 (2370,'CAETE','311000',19,'0',''),
 (2371,'CAIANA','311010',19,'0',''),
 (2372,'CAJURI','311020',19,'0',''),
 (2373,'CALDAS','311030',19,'0',''),
 (2374,'CAMACHO','311040',19,'0',''),
 (2375,'CAMANDUCAIA','311050',19,'0',''),
 (2376,'CAMBUI','311060',19,'0',''),
 (2377,'CAMBUQUIRA','311070',19,'0',''),
 (2378,'CAMPANARIO','311080',19,'0',''),
 (2379,'CAMPANHA','311090',19,'0',''),
 (2380,'CAMPESTRE','311100',19,'0',''),
 (2381,'CAMPINA VERDE','311110',19,'0',''),
 (2382,'CAMPO AZUL','311115',19,'0',''),
 (2383,'CAMPO BELO','311120',19,'0',''),
 (2384,'CAMPO DO MEIO','311130',19,'0',''),
 (2385,'CAMPO FLORIDO','311140',19,'0',''),
 (2386,'CAMPOS ALTOS','311150',19,'0',''),
 (2387,'CAMPOS GERAIS','311160',19,'0',''),
 (2388,'CANAA','311170',19,'0',''),
 (2389,'CANAPOLIS','311180',19,'0',''),
 (2390,'CANA VERDE','311190',19,'0',''),
 (2391,'CANDEIAS','311200',19,'0',''),
 (2392,'CANTAGALO','311205',19,'0',''),
 (2393,'CAPARAO','311210',19,'0',''),
 (2394,'CAPELA NOVA','311220',19,'0',''),
 (2395,'CAPELINHA','311230',19,'0',''),
 (2396,'CAPETINGA','311240',19,'0',''),
 (2397,'CAPIM BRANCO','311250',19,'0',''),
 (2398,'CAPINOPOLIS','311260',19,'0',''),
 (2399,'CAPITAO ANDRADE','311265',19,'0',''),
 (2400,'CAPITAO ENEAS','311270',19,'0',''),
 (2401,'CAPITOLIO','311280',19,'0',''),
 (2402,'CAPUTIRA','311290',19,'0',''),
 (2403,'CARAI','311300',19,'0',''),
 (2404,'CARANAIBA','311310',19,'0',''),
 (2405,'CARANDAI','311320',19,'0',''),
 (2406,'CARANGOLA','311330',19,'0',''),
 (2407,'CARATINGA','311340',19,'0',''),
 (2408,'CARBONITA','311350',19,'0',''),
 (2409,'CAREACU','311360',19,'0',''),
 (2410,'CARLOS CHAGAS','311370',19,'0',''),
 (2411,'CARMESIA','311380',19,'0',''),
 (2412,'CARMO DA CACHOEIRA','311390',19,'0',''),
 (2413,'CARMO DA MATA','311400',19,'0',''),
 (2414,'CARMO DE MINAS','311410',19,'0',''),
 (2415,'CARMO DO CAJURU','311420',19,'0',''),
 (2416,'CARMO DO PARANAIBA','311430',19,'0',''),
 (2417,'CARMO DO RIO CLARO','311440',19,'0',''),
 (2418,'CARMOPOLIS DE MINAS','311450',19,'0',''),
 (2419,'CARNEIRINHO','311455',19,'0',''),
 (2420,'CARRANCAS','311460',19,'0',''),
 (2421,'CARVALHOPOLIS','311470',19,'0',''),
 (2422,'CARVALHOS','311480',19,'0',''),
 (2423,'CASA GRANDE','311490',19,'0',''),
 (2424,'CASCALHO RICO','311500',19,'0',''),
 (2425,'CASSIA','311510',19,'0',''),
 (2426,'CONCEICAO DA BARRA DE MINAS','311520',19,'0',''),
 (2427,'CATAGUASES','311530',19,'0',''),
 (2428,'CATAS ALTAS','311535',19,'0',''),
 (2429,'CATAS ALTAS DA NORUEGA','311540',19,'0',''),
 (2430,'CATUJI','311545',19,'0',''),
 (2431,'CATUTI','311547',19,'0',''),
 (2432,'CAXAMBU','311550',19,'0',''),
 (2433,'CEDRO DO ABAETE','311560',19,'0',''),
 (2434,'CENTRAL DE MINAS','311570',19,'0',''),
 (2435,'CENTRALINA','311580',19,'0',''),
 (2436,'CHACARA','311590',19,'0',''),
 (2437,'CHALE','311600',19,'0',''),
 (2438,'CHAPADA DO NORTE','311610',19,'0',''),
 (2439,'CHAPADA GAUCHA','311615',19,'0',''),
 (2440,'CHIADOR','311620',19,'0',''),
 (2441,'CIPOTANEA','311630',19,'0',''),
 (2442,'CLARAVAL','311640',19,'0',''),
 (2443,'CLARO DOS POC','311650',19,'0',''),
 (2444,'CLAUDIO','311660',19,'0',''),
 (2445,'COIMBRA','311670',19,'0',''),
 (2446,'COLUNA','311680',19,'0',''),
 (2447,'COMENDADOR GOMES','311690',19,'0',''),
 (2448,'COMERCINHO','311700',19,'0',''),
 (2449,'CONCEICAO DA APARECIDA','311710',19,'0',''),
 (2450,'CONCEICAO DAS PEDRAS','311720',19,'0',''),
 (2451,'CONCEICAO DAS ALAGOAS','311730',19,'0',''),
 (2452,'CONCEICAO DE IPANEMA','311740',19,'0',''),
 (2453,'CONCEICAO DO MATO DENTRO','311750',19,'0',''),
 (2454,'CONCEICAO DO PARA','311760',19,'0',''),
 (2455,'CONCEICAO DO RIO VERDE','311770',19,'0',''),
 (2456,'CONCEICAO DOS OUROS','311780',19,'0',''),
 (2457,'CONEGO MARINHO','311783',19,'0',''),
 (2458,'CONFINS','311787',19,'0',''),
 (2459,'CONGONHAL','311790',19,'0',''),
 (2460,'CONGONHAS','311800',19,'0',''),
 (2461,'CONGONHAS DO NORTE','311810',19,'0',''),
 (2462,'CONQUISTA','311820',19,'0',''),
 (2463,'CONSELHEIRO LAFAIETE','311830',19,'0',''),
 (2464,'CONSELHEIRO PENA','311840',19,'0',''),
 (2465,'CONSOLACAO','311850',19,'0',''),
 (2466,'CONTAGEM','311860',19,'0',''),
 (2467,'COQUEIRAL','311870',19,'0',''),
 (2468,'CORACAO DE JESUS','311880',19,'0',''),
 (2469,'CORDISBURGO','311890',19,'0',''),
 (2470,'CORDISLANDIA','311900',19,'0',''),
 (2471,'CORINTO','311910',19,'0',''),
 (2472,'COROACI','311920',19,'0',''),
 (2473,'COROMANDEL','311930',19,'0',''),
 (2474,'CORONEL FABRICIANO','311940',19,'0',''),
 (2475,'CORONEL MURTA','311950',19,'0',''),
 (2476,'CORONEL PACHECO','311960',19,'0',''),
 (2477,'CORONEL XAVIER CHAVES','311970',19,'0',''),
 (2478,'CORREGO DANTA','311980',19,'0',''),
 (2479,'CORREGO DO BOM JESUS','311990',19,'0',''),
 (2480,'CORREGO FUNDO','311995',19,'0',''),
 (2481,'CORREGO NOVO','312000',19,'0',''),
 (2482,'COUTO DE MAGALHAES DE MINAS','312010',19,'0',''),
 (2483,'CRISOLITA','312015',19,'0',''),
 (2484,'CRISTAIS','312020',19,'0',''),
 (2485,'CRISTALIA','312030',19,'0',''),
 (2486,'CRISTIANO OTONI','312040',19,'0',''),
 (2487,'CRISTINA','312050',19,'0',''),
 (2488,'CRUCILANDIA','312060',19,'0',''),
 (2489,'CRUZEIRO DA FORTALEZA','312070',19,'0',''),
 (2490,'CRUZILIA','312080',19,'0',''),
 (2491,'CUPARAQUE','312083',19,'0',''),
 (2492,'CURRAL DE DENTRO','312087',19,'0',''),
 (2493,'CURVELO','312090',19,'0',''),
 (2494,'DATAS','312100',19,'0',''),
 (2495,'DELFIM MOREIRA','312110',19,'0',''),
 (2496,'DELFINOPOLIS','312120',19,'0',''),
 (2497,'DELTA','312125',19,'0',''),
 (2498,'DESCOBERTO','312130',19,'0',''),
 (2499,'DESTERRO DE ENTRE RIOS','312140',19,'0',''),
 (2500,'DESTERRO DO MELO','312150',19,'0',''),
 (2501,'DIAMANTINA','312160',19,'0',''),
 (2502,'DIOGO DE VASCONCELOS','312170',19,'0',''),
 (2503,'DIONISIO','312180',19,'0',''),
 (2504,'DIVINESIA','312190',19,'0',''),
 (2505,'DIVINO','312200',19,'0',''),
 (2506,'DIVINO DAS LARANJEIRAS','312210',19,'0',''),
 (2507,'DIVINOLANDIA DE MINAS','312220',19,'0',''),
 (2508,'DIVINOPOLIS','312230',19,'0',''),
 (2509,'DIVISA ALEGRE','312235',19,'0',''),
 (2510,'DIVISA NOVA','312240',19,'0',''),
 (2511,'DIVISOPOLIS','312245',19,'0',''),
 (2512,'DOM BOSCO','312247',19,'0',''),
 (2513,'DOM CAVATI','312250',19,'0',''),
 (2514,'DOM JOAQUIM','312260',19,'0',''),
 (2515,'DOM SILVERIO','312270',19,'0',''),
 (2516,'DOM VICOSO','312280',19,'0',''),
 (2517,'DONA EUSEBIA','312290',19,'0',''),
 (2518,'DORES DE CAMPOS','312300',19,'0',''),
 (2519,'DORES DE GUANHAES','312310',19,'0',''),
 (2520,'DORES DO INDAIA','312320',19,'0',''),
 (2521,'DORES DO TURVO','312330',19,'0',''),
 (2522,'DORESOPOLIS','312340',19,'0',''),
 (2523,'DOURADOQUARA','312350',19,'0',''),
 (2524,'DURANDE','312352',19,'0',''),
 (2525,'ELOI MENDES','312360',19,'0',''),
 (2526,'ENGENHEIRO CALDAS','312370',19,'0',''),
 (2527,'ENGENHEIRO NAVARRO','312380',19,'0',''),
 (2528,'ENTRE FOLHAS','312385',19,'0',''),
 (2529,'ENTRE RIOS DE MINAS','312390',19,'0',''),
 (2530,'ERVALIA','312400',19,'0',''),
 (2531,'ESMERALDAS','312410',19,'0',''),
 (2532,'ESPERA FELIZ','312420',19,'0',''),
 (2533,'ESPINOSA','312430',19,'0',''),
 (2534,'ESPIRITO SANTO DO DOURADO','312440',19,'0',''),
 (2535,'ESTIVA','312450',19,'0',''),
 (2536,'ESTRELA DALVA','312460',19,'0',''),
 (2537,'ESTRELA DO INDAIA','312470',19,'0',''),
 (2538,'ESTRELA DO SUL','312480',19,'0',''),
 (2539,'EUGENOPOLIS','312490',19,'0',''),
 (2540,'EWBANK DA CAMARA','312500',19,'0',''),
 (2541,'EXTREMA','312510',19,'0',''),
 (2542,'FAMA','312520',19,'0',''),
 (2543,'FARIA LEMOS','312530',19,'0',''),
 (2544,'FELICIO DOS SANTOS','312540',19,'0',''),
 (2545,'SAO GONCALO DO RIO PRETO','312550',19,'0',''),
 (2546,'FELISBURGO','312560',19,'0',''),
 (2547,'FELIXLANDIA','312570',19,'0',''),
 (2548,'FERNANDES TOURINHO','312580',19,'0',''),
 (2549,'FERROS','312590',19,'0',''),
 (2550,'FERVEDOURO','312595',19,'0',''),
 (2551,'FLORESTAL','312600',19,'0',''),
 (2552,'FORMIGA','312610',19,'0',''),
 (2553,'FORMOSO','312620',19,'0',''),
 (2554,'FORTALEZA DE MINAS','312630',19,'0',''),
 (2555,'FORTUNA DE MINAS','312640',19,'0',''),
 (2556,'FRANCISCO BADARO','312650',19,'0',''),
 (2557,'FRANCISCO DUMONT','312660',19,'0',''),
 (2558,'FRANCISCO SA','312670',19,'0',''),
 (2559,'FRANCISCOPOLIS','312675',19,'0',''),
 (2560,'FREI GASPAR','312680',19,'0',''),
 (2561,'FREI INOCENCIO','312690',19,'0',''),
 (2562,'FREI LAGONEGRO','312695',19,'0',''),
 (2563,'FRONTEIRA','312700',19,'0',''),
 (2564,'FRONTEIRA DOS VALES','312705',19,'0',''),
 (2565,'FRUTA DE LEITE','312707',19,'0',''),
 (2566,'FRUTAL','312710',19,'0',''),
 (2567,'FUNILANDIA','312720',19,'0',''),
 (2568,'GALILEIA','312730',19,'0',''),
 (2569,'GAMELEIRAS','312733',19,'0',''),
 (2570,'GLAUCILANDIA','312735',19,'0',''),
 (2571,'GOIABEIRA','312737',19,'0',''),
 (2572,'GOIANA','312738',19,'0',''),
 (2573,'GONCALVES','312740',19,'0',''),
 (2574,'GONZAGA','312750',19,'0',''),
 (2575,'GOUVEIA','312760',19,'0',''),
 (2576,'GOVERNADOR VALADARES','312770',19,'0',''),
 (2577,'GRAO MOGOL','312780',19,'0',''),
 (2578,'GRUPIARA','312790',19,'0',''),
 (2579,'GUANHAES','312800',19,'0',''),
 (2580,'GUAPE','312810',19,'0',''),
 (2581,'GUARACIABA','312820',19,'0',''),
 (2582,'GUARACIAMA','312825',19,'0',''),
 (2583,'GUARANESIA','312830',19,'0',''),
 (2584,'GUARANI','312840',19,'0',''),
 (2585,'GUARARA','312850',19,'0',''),
 (2586,'GUARDA-MOR','312860',19,'0',''),
 (2587,'GUAXUPE','312870',19,'0',''),
 (2588,'GUIDOVAL','312880',19,'0',''),
 (2589,'GUIMARANIA','312890',19,'0',''),
 (2590,'GUIRICEMA','312900',19,'0',''),
 (2591,'GURINHATA','312910',19,'0',''),
 (2592,'HELIODORA','312920',19,'0',''),
 (2593,'IAPU','312930',19,'0',''),
 (2594,'IBERTIOGA','312940',19,'0',''),
 (2595,'IBIA','312950',19,'0',''),
 (2596,'IBIAI','312960',19,'0',''),
 (2597,'IBIRACATU','312965',19,'0',''),
 (2598,'IBIRACI','312970',19,'0',''),
 (2599,'IBIRITE','312980',19,'0',''),
 (2600,'IBITIURA DE MINAS','312990',19,'0',''),
 (2601,'IBITURUNA','313000',19,'0',''),
 (2602,'ICARAI DE MINAS','313005',19,'0',''),
 (2603,'IGARAPE','313010',19,'0',''),
 (2604,'IGARATINGA','313020',19,'0',''),
 (2605,'IGUATAMA','313030',19,'0',''),
 (2606,'IJACI','313040',19,'0',''),
 (2607,'ILICINEA','313050',19,'0',''),
 (2608,'IMBE DE MINAS','313055',19,'0',''),
 (2609,'INCONFIDENTES','313060',19,'0',''),
 (2610,'INDAIABIRA','313065',19,'0',''),
 (2611,'INDIANOPOLIS','313070',19,'0',''),
 (2612,'INGAI','313080',19,'0',''),
 (2613,'INHAPIM','313090',19,'0',''),
 (2614,'INHAUMA','313100',19,'0',''),
 (2615,'INIMUTABA','313110',19,'0',''),
 (2616,'IPABA','313115',19,'0',''),
 (2617,'IPANEMA','313120',19,'0',''),
 (2618,'IPATINGA','313130',19,'0',''),
 (2619,'IPIACU','313140',19,'0',''),
 (2620,'IPUIUNA','313150',19,'0',''),
 (2621,'IRAI DE MINAS','313160',19,'0',''),
 (2622,'ITABIRA','313170',19,'0',''),
 (2623,'ITABIRINHA','313180',19,'0',''),
 (2624,'ITABIRITO','313190',19,'0',''),
 (2625,'ITACAMBIRA','313200',19,'0',''),
 (2626,'ITACARAMBI','313210',19,'0',''),
 (2627,'ITAGUARA','313220',19,'0',''),
 (2628,'ITAIPE','313230',19,'0',''),
 (2629,'ITAJUBA','313240',19,'0',''),
 (2630,'ITAMARANDIBA','313250',19,'0',''),
 (2631,'ITAMARATI DE MINAS','313260',19,'0',''),
 (2632,'ITAMBACURI','313270',19,'0',''),
 (2633,'ITAMBE DO MATO DENTRO','313280',19,'0',''),
 (2634,'ITAMOGI','313290',19,'0',''),
 (2635,'ITAMONTE','313300',19,'0',''),
 (2636,'ITANHANDU','313310',19,'0',''),
 (2637,'ITANHOMI','313320',19,'0',''),
 (2638,'ITAOBIM','313330',19,'0',''),
 (2639,'ITAPAGIPE','313340',19,'0',''),
 (2640,'ITAPECERICA','313350',19,'0',''),
 (2641,'ITAPEVA','313360',19,'0',''),
 (2642,'ITATIAIUCU','313370',19,'0',''),
 (2643,'ITAU DE MINAS','313375',19,'0',''),
 (2644,'ITAUNA','313380',19,'0',''),
 (2645,'ITAVERAVA','313390',19,'0',''),
 (2646,'ITINGA','313400',19,'0',''),
 (2647,'ITUETA','313410',19,'0',''),
 (2648,'ITUIUTABA','313420',19,'0',''),
 (2649,'ITUMIRIM','313430',19,'0',''),
 (2650,'ITURAMA','313440',19,'0',''),
 (2651,'ITUTINGA','313450',19,'0',''),
 (2652,'JABOTICATUBAS','313460',19,'0',''),
 (2653,'JACINTO','313470',19,'0',''),
 (2654,'JACUI','313480',19,'0',''),
 (2655,'JACUTINGA','313490',19,'0',''),
 (2656,'JAGUARACU','313500',19,'0',''),
 (2657,'JAIBA','313505',19,'0',''),
 (2658,'JAMPRUCA','313507',19,'0',''),
 (2659,'JANAUBA','313510',19,'0',''),
 (2660,'JANUARIA','313520',19,'0',''),
 (2661,'JAPARAIBA','313530',19,'0',''),
 (2662,'JAPONVAR','313535',19,'0',''),
 (2663,'JECEABA','313540',19,'0',''),
 (2664,'JENIPAPO DE MINAS','313545',19,'0',''),
 (2665,'JEQUERI','313550',19,'0',''),
 (2666,'JEQUITAI','313560',19,'0',''),
 (2667,'JEQUITIBA','313570',19,'0',''),
 (2668,'JEQUITINHONHA','313580',19,'0',''),
 (2669,'JESUANIA','313590',19,'0',''),
 (2670,'JOAIMA','313600',19,'0',''),
 (2671,'JOANESIA','313610',19,'0',''),
 (2672,'JOAO MONLEVADE','313620',19,'0',''),
 (2673,'JOAO PINHEIRO','313630',19,'0',''),
 (2674,'JOAQUIM FELICIO','313640',19,'0',''),
 (2675,'JORDANIA','313650',19,'0',''),
 (2676,'JOSE GONCALVES DE MINAS','313652',19,'0',''),
 (2677,'JOSE RAYDAN','313655',19,'0',''),
 (2678,'JOSENOPOLIS','313657',19,'0',''),
 (2679,'NOVA UNIAO','313660',19,'0',''),
 (2680,'JUATUBA','313665',19,'0',''),
 (2681,'JUIZ DE FORA','313670',19,'0',''),
 (2682,'JURAMENTO','313680',19,'0',''),
 (2683,'JURUAIA','313690',19,'0',''),
 (2684,'JUVENILIA','313695',19,'0',''),
 (2685,'LADAINHA','313700',19,'0',''),
 (2686,'LAGAMAR','313710',19,'0',''),
 (2687,'LAGOA DA PRATA','313720',19,'0',''),
 (2688,'LAGOA DOS PATOS','313730',19,'0',''),
 (2689,'LAGOA DOURADA','313740',19,'0',''),
 (2690,'LAGOA FORMOSA','313750',19,'0',''),
 (2691,'LAGOA GRANDE','313753',19,'0',''),
 (2692,'LAGOA SANTA','313760',19,'0',''),
 (2693,'LAJINHA','313770',19,'0',''),
 (2694,'LAMBARI','313780',19,'0',''),
 (2695,'LAMIM','313790',19,'0',''),
 (2696,'LARANJAL','313800',19,'0',''),
 (2697,'LASSANCE','313810',19,'0',''),
 (2698,'LAVRAS','313820',19,'0',''),
 (2699,'LEANDRO FERREIRA','313830',19,'0',''),
 (2700,'LEME DO PRADO','313835',19,'0',''),
 (2701,'LEOPOLDINA','313840',19,'0',''),
 (2702,'LIBERDADE','313850',19,'0',''),
 (2703,'LIMA DUARTE','313860',19,'0',''),
 (2704,'LIMEIRA DO OESTE','313862',19,'0',''),
 (2705,'LONTRA','313865',19,'0',''),
 (2706,'LUISBURGO','313867',19,'0',''),
 (2707,'LUISLANDIA','313868',19,'0',''),
 (2708,'LUMINARIAS','313870',19,'0',''),
 (2709,'LUZ','313880',19,'0',''),
 (2710,'MACHACALIS','313890',19,'0',''),
 (2711,'MACHADO','313900',19,'0',''),
 (2712,'MADRE DE DEUS DE MINAS','313910',19,'0',''),
 (2713,'MALACACHETA','313920',19,'0',''),
 (2714,'MAMONAS','313925',19,'0',''),
 (2715,'MANGA','313930',19,'0',''),
 (2716,'MANHUACU','313940',19,'0',''),
 (2717,'MANHUMIRIM','313950',19,'0',''),
 (2718,'MANTENA','313960',19,'0',''),
 (2719,'MARAVILHAS','313970',19,'0',''),
 (2720,'MAR DE ESPANHA','313980',19,'0',''),
 (2721,'MARIA DA FE','313990',19,'0',''),
 (2722,'MARIANA','314000',19,'0',''),
 (2723,'MARILAC','314010',19,'0',''),
 (2724,'MARIO CAMPOS','314015',19,'0',''),
 (2725,'MARIPA DE MINAS','314020',19,'0',''),
 (2726,'MARLIERIA','314030',19,'0',''),
 (2727,'MARMELOPOLIS','314040',19,'0',''),
 (2728,'MARTINHO CAMPOS','314050',19,'0',''),
 (2729,'MARTINS SOARES','314053',19,'0',''),
 (2730,'MATA VERDE','314055',19,'0',''),
 (2731,'MATERLANDIA','314060',19,'0',''),
 (2732,'MATEUS LEME','314070',19,'0',''),
 (2733,'MATIAS BARBOSA','314080',19,'0',''),
 (2734,'MATIAS CARDOSO','314085',19,'0',''),
 (2735,'MATIPO','314090',19,'0',''),
 (2736,'MATO VERDE','314100',19,'0',''),
 (2737,'MATOZINHOS','314110',19,'0',''),
 (2738,'MATUTINA','314120',19,'0',''),
 (2739,'MEDEIROS','314130',19,'0',''),
 (2740,'MEDINA','314140',19,'0',''),
 (2741,'MENDES PIMENTEL','314150',19,'0',''),
 (2742,'MERCES','314160',19,'0',''),
 (2743,'MESQUITA','314170',19,'0',''),
 (2744,'MINAS NOVAS','314180',19,'0',''),
 (2745,'MINDURI','314190',19,'0',''),
 (2746,'MIRABELA','314200',19,'0',''),
 (2747,'MIRADOURO','314210',19,'0',''),
 (2748,'MIRAI','314220',19,'0',''),
 (2749,'MIRAVANIA','314225',19,'0',''),
 (2750,'MOEDA','314230',19,'0',''),
 (2751,'MOEMA','314240',19,'0',''),
 (2752,'MONJOLOS','314250',19,'0',''),
 (2753,'MONSENHOR PAULO','314260',19,'0',''),
 (2754,'MONTALVANIA','314270',19,'0',''),
 (2755,'MONTE ALEGRE DE MINAS','314280',19,'0',''),
 (2756,'MONTE AZUL','314290',19,'0',''),
 (2757,'MONTE BELO','314300',19,'0',''),
 (2758,'MONTE CARMELO','314310',19,'0',''),
 (2759,'MONTE FORMOSO','314315',19,'0',''),
 (2760,'MONTE SANTO DE MINAS','314320',19,'0',''),
 (2761,'MONTES CLAROS','314330',19,'0',''),
 (2762,'MONTE SIAO','314340',19,'0',''),
 (2763,'MONTEZUMA','314345',19,'0',''),
 (2764,'MORADA NOVA DE MINAS','314350',19,'0',''),
 (2765,'MORRO DA GARCA','314360',19,'0',''),
 (2766,'MORRO DO PILAR','314370',19,'0',''),
 (2767,'MUNHOZ','314380',19,'0',''),
 (2768,'MURIAE','314390',19,'0',''),
 (2769,'MUTUM','314400',19,'0',''),
 (2770,'MUZAMBINHO','314410',19,'0',''),
 (2771,'NACIP RAYDAN','314420',19,'0',''),
 (2772,'NANUQUE','314430',19,'0',''),
 (2773,'NAQUE','314435',19,'0',''),
 (2774,'NATALANDIA','314437',19,'0',''),
 (2775,'NATERCIA','314440',19,'0',''),
 (2776,'NAZARENO','314450',19,'0',''),
 (2777,'NEPOMUCENO','314460',19,'0',''),
 (2778,'NINHEIRA','314465',19,'0',''),
 (2779,'NOVA BELEM','314467',19,'0',''),
 (2780,'NOVA ERA','314470',19,'0',''),
 (2781,'NOVA LIMA','314480',19,'0',''),
 (2782,'NOVA MODICA','314490',19,'0',''),
 (2783,'NOVA PONTE','314500',19,'0',''),
 (2784,'NOVA PORTEIRINHA','314505',19,'0',''),
 (2785,'NOVA RESENDE','314510',19,'0',''),
 (2786,'NOVA SERRANA','314520',19,'0',''),
 (2787,'NOVO CRUZEIRO','314530',19,'0',''),
 (2788,'NOVO ORIENTE DE MINAS','314535',19,'0',''),
 (2789,'NOVORIZONTE','314537',19,'0',''),
 (2790,'OLARIA','314540',19,'0',''),
 (2791,'OLHOS-D\'AGUA','314545',19,'0',''),
 (2792,'OLIMPIO NORONHA','314550',19,'0',''),
 (2793,'OLIVEIRA','314560',19,'0',''),
 (2794,'OLIVEIRA FORTES','314570',19,'0',''),
 (2795,'ONCA DE PITANGUI','314580',19,'0',''),
 (2796,'ORATORIOS','314585',19,'0',''),
 (2797,'ORIZANIA','314587',19,'0',''),
 (2798,'OURO BRANCO','314590',19,'0',''),
 (2799,'OURO FINO','314600',19,'0',''),
 (2800,'OURO PRETO','314610',19,'0',''),
 (2801,'OURO VERDE DE MINAS','314620',19,'0',''),
 (2802,'PADRE CARVALHO','314625',19,'0',''),
 (2803,'PADRE PARAISO','314630',19,'0',''),
 (2804,'PAINEIRAS','314640',19,'0',''),
 (2805,'PAINS','314650',19,'0',''),
 (2806,'PAI PEDRO','314655',19,'0',''),
 (2807,'PAIVA','314660',19,'0',''),
 (2808,'PALMA','314670',19,'0',''),
 (2809,'PALMOPOLIS','314675',19,'0',''),
 (2810,'PAPAGAIOS','314690',19,'0',''),
 (2811,'PARACATU','314700',19,'0',''),
 (2812,'PARA DE MINAS','314710',19,'0',''),
 (2813,'PARAGUACU','314720',19,'0',''),
 (2814,'PARAISOPOLIS','314730',19,'0',''),
 (2815,'PARAOPEBA','314740',19,'0',''),
 (2816,'PASSABEM','314750',19,'0',''),
 (2817,'PASSA QUATRO','314760',19,'0',''),
 (2818,'PASSA TEMPO','314770',19,'0',''),
 (2819,'PASSA-VINTE','314780',19,'0',''),
 (2820,'PASSOS','314790',19,'0',''),
 (2821,'PATIS','314795',19,'0',''),
 (2822,'PATOS DE MINAS','314800',19,'0',''),
 (2823,'PATROCINIO','314810',19,'0',''),
 (2824,'PATROCINIO DO MURIAE','314820',19,'0',''),
 (2825,'PAULA CANDIDO','314830',19,'0',''),
 (2826,'PAULISTAS','314840',19,'0',''),
 (2827,'PAVAO','314850',19,'0',''),
 (2828,'PECANHA','314860',19,'0',''),
 (2829,'PEDRA AZUL','314870',19,'0',''),
 (2830,'PEDRA BONITA','314875',19,'0',''),
 (2831,'PEDRA DO ANTA','314880',19,'0',''),
 (2832,'PEDRA DO INDAIA','314890',19,'0',''),
 (2833,'PEDRA DOURADA','314900',19,'0',''),
 (2834,'PEDRALVA','314910',19,'0',''),
 (2835,'PEDRAS DE MARIA DA CRUZ','314915',19,'0',''),
 (2836,'PEDRINOPOLIS','314920',19,'0',''),
 (2837,'PEDRO LEOPOLDO','314930',19,'0',''),
 (2838,'PEDRO TEIXEIRA','314940',19,'0',''),
 (2839,'PEQUERI','314950',19,'0',''),
 (2840,'PEQUI','314960',19,'0',''),
 (2841,'PERDIGAO','314970',19,'0',''),
 (2842,'PERDIZES','314980',19,'0',''),
 (2843,'PERD','314990',19,'0',''),
 (2844,'PERIQUITO','314995',19,'0',''),
 (2845,'PESCADOR','315000',19,'0',''),
 (2846,'PIAU','315010',19,'0',''),
 (2847,'PIEDADE DE CARATINGA','315015',19,'0',''),
 (2848,'PIEDADE DE PONTE NOVA','315020',19,'0',''),
 (2849,'PIEDADE DO RIO GRANDE','315030',19,'0',''),
 (2850,'PIEDADE DOS GERAIS','315040',19,'0',''),
 (2851,'PIMENTA','315050',19,'0',''),
 (2852,'PINGO-D\'AGUA','315053',19,'0',''),
 (2853,'PINTOPOLIS','315057',19,'0',''),
 (2854,'PIRACEMA','315060',19,'0',''),
 (2855,'PIRAJUBA','315070',19,'0',''),
 (2856,'PIRANGA','315080',19,'0',''),
 (2857,'PIRANGUCU','315090',19,'0',''),
 (2858,'PIRANGUINHO','315100',19,'0',''),
 (2859,'PIRAPETINGA','315110',19,'0',''),
 (2860,'PIRAPORA','315120',19,'0',''),
 (2861,'PIRAUBA','315130',19,'0',''),
 (2862,'PITANGUI','315140',19,'0',''),
 (2863,'PIUMHI','315150',19,'0',''),
 (2864,'PLANURA','315160',19,'0',''),
 (2865,'POCO FUNDO','315170',19,'0',''),
 (2866,'POCOS DE CALDAS','315180',19,'0',''),
 (2867,'POCRANE','315190',19,'0',''),
 (2868,'POMPEU','315200',19,'0',''),
 (2869,'PONTE NOVA','315210',19,'0',''),
 (2870,'PONTO CHIQUE','315213',19,'0',''),
 (2871,'PONTO DOS VOLANTES','315217',19,'0',''),
 (2872,'PORTEIRINHA','315220',19,'0',''),
 (2873,'PORTO FIRME','315230',19,'0',''),
 (2874,'POTE','315240',19,'0',''),
 (2875,'POUSO ALEGRE','315250',19,'0',''),
 (2876,'POUSO ALTO','315260',19,'0',''),
 (2877,'PRADOS','315270',19,'0',''),
 (2878,'PRATA','315280',19,'0',''),
 (2879,'PRATAPOLIS','315290',19,'0',''),
 (2880,'PRATINHA','315300',19,'0',''),
 (2881,'PRESIDENTE BERNARDES','315310',19,'0',''),
 (2882,'PRESIDENTE JUSCELINO','315320',19,'0',''),
 (2883,'PRESIDENTE KUBITSCHEK','315330',19,'0',''),
 (2884,'PRESIDENTE OLEGARIO','315340',19,'0',''),
 (2885,'ALTO JEQUITIBA','315350',19,'0',''),
 (2886,'PRUDENTE DE MORAIS','315360',19,'0',''),
 (2887,'QUARTEL GERAL','315370',19,'0',''),
 (2888,'QUELUZITO','315380',19,'0',''),
 (2889,'RAPOSOS','315390',19,'0',''),
 (2890,'RAUL SOARES','315400',19,'0',''),
 (2891,'RECREIO','315410',19,'0',''),
 (2892,'REDUTO','315415',19,'0',''),
 (2893,'RESENDE COSTA','315420',19,'0',''),
 (2894,'RESPLENDOR','315430',19,'0',''),
 (2895,'RESSAQUINHA','315440',19,'0',''),
 (2896,'RIACHINHO','315445',19,'0',''),
 (2897,'RIACHO DOS MACHADOS','315450',19,'0',''),
 (2898,'RIBEIRAO DAS NEVES','315460',19,'0',''),
 (2899,'RIBEIRAO VERMELHO','315470',19,'0',''),
 (2900,'RIO ACIMA','315480',19,'0',''),
 (2901,'RIO CASCA','315490',19,'0',''),
 (2902,'RIO DOCE','315500',19,'0',''),
 (2903,'RIO DO PRADO','315510',19,'0',''),
 (2904,'RIO ESPERA','315520',19,'0',''),
 (2905,'RIO MANSO','315530',19,'0',''),
 (2906,'RIO NOVO','315540',19,'0',''),
 (2907,'RIO PARANAIBA','315550',19,'0',''),
 (2908,'RIO PARDO DE MINAS','315560',19,'0',''),
 (2909,'RIO PIRACICABA','315570',19,'0',''),
 (2910,'RIO POMBA','315580',19,'0',''),
 (2911,'RIO PRETO','315590',19,'0',''),
 (2912,'RIO VERMELHO','315600',19,'0',''),
 (2913,'RITAPOLIS','315610',19,'0',''),
 (2914,'ROCHEDO DE MINAS','315620',19,'0',''),
 (2915,'RODEIRO','315630',19,'0',''),
 (2916,'ROMARIA','315640',19,'0',''),
 (2917,'ROSARIO DA LIMEIRA','315645',19,'0',''),
 (2918,'RUBELITA','315650',19,'0',''),
 (2919,'RUBIM','315660',19,'0',''),
 (2920,'SABARA','315670',19,'0',''),
 (2921,'SABINOPOLIS','315680',19,'0',''),
 (2922,'SACRAMENTO','315690',19,'0',''),
 (2923,'SALINAS','315700',19,'0',''),
 (2924,'SALTO DA DIVISA','315710',19,'0',''),
 (2925,'SANTA BARBARA','315720',19,'0',''),
 (2926,'SANTA BARBARA DO LESTE','315725',19,'0',''),
 (2927,'SANTA BARBARA DO MONTE VERDE','315727',19,'0',''),
 (2928,'SANTA BARBARA DO TUGURIO','315730',19,'0',''),
 (2929,'SANTA CRUZ DE MINAS','315733',19,'0',''),
 (2930,'SANTA CRUZ DE SALINAS','315737',19,'0',''),
 (2931,'SANTA CRUZ DO ESCALVADO','315740',19,'0',''),
 (2932,'SANTA EFIGENIA DE MINAS','315750',19,'0',''),
 (2933,'SANTA FE DE MINAS','315760',19,'0',''),
 (2934,'SANTA HELENA DE MINAS','315765',19,'0',''),
 (2935,'SANTA JULIANA','315770',19,'0',''),
 (2936,'SANTA LUZIA','315780',19,'0',''),
 (2937,'SANTA MARGARIDA','315790',19,'0',''),
 (2938,'SANTA MARIA DE ITABIRA','315800',19,'0',''),
 (2939,'SANTA MARIA DO SALTO','315810',19,'0',''),
 (2940,'SANTA MARIA DO SUACUI','315820',19,'0',''),
 (2941,'SANTANA DA VARGEM','315830',19,'0',''),
 (2942,'SANTANA DE CATAGUASES','315840',19,'0',''),
 (2943,'SANTANA DE PIRAPAMA','315850',19,'0',''),
 (2944,'SANTANA DO DESERTO','315860',19,'0',''),
 (2945,'SANTANA DO GARAMBEU','315870',19,'0',''),
 (2946,'SANTANA DO JACARE','315880',19,'0',''),
 (2947,'SANTANA DO MANHUACU','315890',19,'0',''),
 (2948,'SANTANA DO PARAISO','315895',19,'0',''),
 (2949,'SANTANA DO RIACHO','315900',19,'0',''),
 (2950,'SANTANA DOS MONTES','315910',19,'0',''),
 (2951,'SANTA RITA DE CALDAS','315920',19,'0',''),
 (2952,'SANTA RITA DE JACUTINGA','315930',19,'0',''),
 (2953,'SANTA RITA DE MINAS','315935',19,'0',''),
 (2954,'SANTA RITA DE IBITIPOCA','315940',19,'0',''),
 (2955,'SANTA RITA DO ITUETO','315950',19,'0',''),
 (2956,'SANTA RITA DO SAPUCAI','315960',19,'0',''),
 (2957,'SANTA ROSA DA SERRA','315970',19,'0',''),
 (2958,'SANTA VITORIA','315980',19,'0',''),
 (2959,'SANTO ANTONIO DO AMPARO','315990',19,'0',''),
 (2960,'SANTO ANTONIO DO AVENTUREIRO','316000',19,'0',''),
 (2961,'SANTO ANTONIO DO GRAMA','316010',19,'0',''),
 (2962,'SANTO ANTONIO DO ITAMBE','316020',19,'0',''),
 (2963,'SANTO ANTONIO DO JACINTO','316030',19,'0',''),
 (2964,'SANTO ANTONIO DO MONTE','316040',19,'0',''),
 (2965,'SANTO ANTONIO DO RETIRO','316045',19,'0',''),
 (2966,'SANTO ANTONIO DO RIO ABAIXO','316050',19,'0',''),
 (2967,'SANTO HIPOLITO','316060',19,'0',''),
 (2968,'SANTOS DUMONT','316070',19,'0',''),
 (2969,'SAO BENTO ABADE','316080',19,'0',''),
 (2970,'SAO BRAS DO SUACUI','316090',19,'0',''),
 (2971,'SAO DOMINGOS DAS DORES','316095',19,'0',''),
 (2972,'SAO DOMINGOS DO PRATA','316100',19,'0',''),
 (2973,'SAO FELIX DE MINAS','316105',19,'0',''),
 (2974,'SAO FRANCISCO','316110',19,'0',''),
 (2975,'SAO FRANCISCO DE PAULA','316120',19,'0',''),
 (2976,'SAO FRANCISCO DE SALES','316130',19,'0',''),
 (2977,'SAO FRANCISCO DO GLORIA','316140',19,'0',''),
 (2978,'SAO GERALDO','316150',19,'0',''),
 (2979,'SAO GERALDO DA PIEDADE','316160',19,'0',''),
 (2980,'SAO GERALDO DO BAIXIO','316165',19,'0',''),
 (2981,'SAO GONCALO DO ABAETE','316170',19,'0',''),
 (2982,'SAO GONCALO DO PARA','316180',19,'0',''),
 (2983,'SAO GONCALO DO RIO ABAIXO','316190',19,'0',''),
 (2984,'SAO GONCALO DO SAPUCAI','316200',19,'0',''),
 (2985,'SAO GOTARDO','316210',19,'0',''),
 (2986,'SAO JOAO BATISTA DO GLORIA','316220',19,'0',''),
 (2987,'SAO JOAO DA LAGOA','316225',19,'0',''),
 (2988,'SAO JOAO DA MATA','316230',19,'0',''),
 (2989,'SAO JOAO DA PONTE','316240',19,'0',''),
 (2990,'SAO JOAO DAS MISS','316245',19,'0',''),
 (2991,'SAO JOAO DEL REI','316250',19,'0',''),
 (2992,'SAO JOAO DO MANHUACU','316255',19,'0',''),
 (2993,'SAO JOAO DO MANTENINHA','316257',19,'0',''),
 (2994,'SAO JOAO DO ORIENTE','316260',19,'0',''),
 (2995,'SAO JOAO DO PACUI','316265',19,'0',''),
 (2996,'SAO JOAO DO PARAISO','316270',19,'0',''),
 (2997,'SAO JOAO EVANGELISTA','316280',19,'0',''),
 (2998,'SAO JOAO NEPOMUCENO','316290',19,'0',''),
 (2999,'SAO JOAQUIM DE BICAS','316292',19,'0',''),
 (3000,'SAO JOSE DA BARRA','316294',19,'0',''),
 (3001,'SAO JOSE DA LAPA','316295',19,'0',''),
 (3002,'SAO JOSE DA SAFIRA','316300',19,'0',''),
 (3003,'SAO JOSE DA VARGINHA','316310',19,'0',''),
 (3004,'SAO JOSE DO ALEGRE','316320',19,'0',''),
 (3005,'SAO JOSE DO DIVINO','316330',19,'0',''),
 (3006,'SAO JOSE DO GOIABAL','316340',19,'0',''),
 (3007,'SAO JOSE DO JACURI','316350',19,'0',''),
 (3008,'SAO JOSE DO MANTIMENTO','316360',19,'0',''),
 (3009,'SAO LOURENCO','316370',19,'0',''),
 (3010,'SAO MIGUEL DO ANTA','316380',19,'0',''),
 (3011,'SAO PEDRO DA UNIAO','316390',19,'0',''),
 (3012,'SAO PEDRO DOS FERROS','316400',19,'0',''),
 (3013,'SAO PEDRO DO SUACUI','316410',19,'0',''),
 (3014,'SAO ROMAO','316420',19,'0',''),
 (3015,'SAO ROQUE DE MINAS','316430',19,'0',''),
 (3016,'SAO SEBASTIAO DA BELA VISTA','316440',19,'0',''),
 (3017,'SAO SEBASTIAO DA VARGEM ALEGRE','316443',19,'0',''),
 (3018,'SAO SEBASTIAO DO ANTA','316447',19,'0','');
INSERT INTO `cidades` (`id`,`cidade_nome`,`cidade_codigo_ibge`,`cidade_id_estado`,`cidade_id_regional`,`cidade_codigo_estado_ibge`) VALUES 
 (3019,'SAO SEBASTIAO DO MARANHAO','316450',19,'0',''),
 (3020,'SAO SEBASTIAO DO OESTE','316460',19,'0',''),
 (3021,'SAO SEBASTIAO DO PARAISO','316470',19,'0',''),
 (3022,'SAO SEBASTIAO DO RIO PRETO','316480',19,'0',''),
 (3023,'SAO SEBASTIAO DO RIO VERDE','316490',19,'0',''),
 (3024,'SAO TIAGO','316500',19,'0',''),
 (3025,'SAO TOMAS DE AQUINO','316510',19,'0',''),
 (3026,'SAO THOME DAS LETRAS','316520',19,'0',''),
 (3027,'SAO VICENTE DE MINAS','316530',19,'0',''),
 (3028,'SAPUCAI-MIRIM','316540',19,'0',''),
 (3029,'SARDOA','316550',19,'0',''),
 (3030,'SARZEDO','316553',19,'0',''),
 (3031,'SETUBINHA','316555',19,'0',''),
 (3032,'SEM-PEIXE','316556',19,'0',''),
 (3033,'SENADOR AMARAL','316557',19,'0',''),
 (3034,'SENADOR CORTES','316560',19,'0',''),
 (3035,'SENADOR FIRMINO','316570',19,'0',''),
 (3036,'SENADOR JOSE BENTO','316580',19,'0',''),
 (3037,'SENADOR MODESTINO GONCALVES','316590',19,'0',''),
 (3038,'SENHORA DE OLIVEIRA','316600',19,'0',''),
 (3039,'SENHORA DO PORTO','316610',19,'0',''),
 (3040,'SENHORA DOS REMEDIOS','316620',19,'0',''),
 (3041,'SERICITA','316630',19,'0',''),
 (3042,'SERITINGA','316640',19,'0',''),
 (3043,'SERRA AZUL DE MINAS','316650',19,'0',''),
 (3044,'SERRA DA SAUDADE','316660',19,'0',''),
 (3045,'SERRA DOS AIMORES','316670',19,'0',''),
 (3046,'SERRA DO SALITRE','316680',19,'0',''),
 (3047,'SERRANIA','316690',19,'0',''),
 (3048,'SERRANOPOLIS DE MINAS','316695',19,'0',''),
 (3049,'SERRANOS','316700',19,'0',''),
 (3050,'SERRO','316710',19,'0',''),
 (3051,'SETE LAGOAS','316720',19,'0',''),
 (3052,'SILVEIRANIA','316730',19,'0',''),
 (3053,'SILVIANOPOLIS','316740',19,'0',''),
 (3054,'SIMAO PEREIRA','316750',19,'0',''),
 (3055,'SIMONESIA','316760',19,'0',''),
 (3056,'SOBRALIA','316770',19,'0',''),
 (3057,'SOLEDADE DE MINAS','316780',19,'0',''),
 (3058,'TABULEIRO','316790',19,'0',''),
 (3059,'TAIOBEIRAS','316800',19,'0',''),
 (3060,'TAPARUBA','316805',19,'0',''),
 (3061,'TAPIRA','316810',19,'0',''),
 (3062,'TAPIRAI','316820',19,'0',''),
 (3063,'TAQUARACU DE MINAS','316830',19,'0',''),
 (3064,'TARUMIRIM','316840',19,'0',''),
 (3065,'TEIXEIRAS','316850',19,'0',''),
 (3066,'TEOFILO OTONI','316860',19,'0',''),
 (3067,'TIMOTEO','316870',19,'0',''),
 (3068,'TIRADENTES','316880',19,'0',''),
 (3069,'TIROS','316890',19,'0',''),
 (3070,'TOCANTINS','316900',19,'0',''),
 (3071,'TOCOS DO MOJI','316905',19,'0',''),
 (3072,'TOLEDO','316910',19,'0',''),
 (3073,'TOMBOS','316920',19,'0',''),
 (3074,'TRES CORAC','316930',19,'0',''),
 (3075,'TRES MARIAS','316935',19,'0',''),
 (3076,'TRES PONTAS','316940',19,'0',''),
 (3077,'TUMIRITINGA','316950',19,'0',''),
 (3078,'TUPACIGUARA','316960',19,'0',''),
 (3079,'TURMALINA','316970',19,'0',''),
 (3080,'TURVOLANDIA','316980',19,'0',''),
 (3081,'UBA','316990',19,'0',''),
 (3082,'UBAI','317000',19,'0',''),
 (3083,'UBAPORANGA','317005',19,'0',''),
 (3084,'UBERABA','317010',19,'0',''),
 (3085,'UBERLANDIA','317020',19,'0',''),
 (3086,'UMBURATIBA','317030',19,'0',''),
 (3087,'UNAI','317040',19,'0',''),
 (3088,'UNIAO DE MINAS','317043',19,'0',''),
 (3089,'URUANA DE MINAS','317047',19,'0',''),
 (3090,'URUCANIA','317050',19,'0',''),
 (3091,'URUCUIA','317052',19,'0',''),
 (3092,'VARGEM ALEGRE','317057',19,'0',''),
 (3093,'VARGEM BONITA','317060',19,'0',''),
 (3094,'VARGEM GRANDE DO RIO PARDO','317065',19,'0',''),
 (3095,'VARGINHA','317070',19,'0',''),
 (3096,'VARJAO DE MINAS','317075',19,'0',''),
 (3097,'VARZEA DA PALMA','317080',19,'0',''),
 (3098,'VARZELANDIA','317090',19,'0',''),
 (3099,'VAZANTE','317100',19,'0',''),
 (3100,'VERDELANDIA','317103',19,'0',''),
 (3101,'VEREDINHA','317107',19,'0',''),
 (3102,'VERISSIMO','317110',19,'0',''),
 (3103,'VERMELHO NOVO','317115',19,'0',''),
 (3104,'VESPASIANO','317120',19,'0',''),
 (3105,'VICOSA','317130',19,'0',''),
 (3106,'VIEIRAS','317140',19,'0',''),
 (3107,'MATHIAS LOBATO','317150',19,'0',''),
 (3108,'VIRGEM DA LAPA','317160',19,'0',''),
 (3109,'VIRGINIA','317170',19,'0',''),
 (3110,'VIRGINOPOLIS','317180',19,'0',''),
 (3111,'VIRGOLANDIA','317190',19,'0',''),
 (3112,'VISCONDE DO RIO BRANCO','317200',19,'0',''),
 (3113,'VOLTA GRANDE','317210',19,'0',''),
 (3114,'WENCESLAU BRAZ','317220',19,'0',''),
 (3115,'MUNICIPIO IGNORADO - ES','320000',20,'0',''),
 (3116,'AFONSO CLAUDIO','320010',20,'0',''),
 (3117,'AGUIA BRANCA','320013',20,'0',''),
 (3118,'AGUA DOCE DO NORTE','320016',20,'0',''),
 (3119,'ALEGRE','320020',20,'0',''),
 (3120,'ALFREDO CHAVES','320030',20,'0',''),
 (3121,'ALTO RIO NOVO','320035',20,'0',''),
 (3122,'ANCHIETA','320040',20,'0',''),
 (3123,'APIACA','320050',20,'0',''),
 (3124,'ARACRUZ','320060',20,'0',''),
 (3125,'ATILIO VIVACQUA','320070',20,'0',''),
 (3126,'BAIXO GUANDU','320080',20,'0',''),
 (3127,'BARRA DE SAO FRANCISCO','320090',20,'0',''),
 (3128,'BOA ESPERANCA','320100',20,'0',''),
 (3129,'BOM JESUS DO NORTE','320110',20,'0',''),
 (3130,'BREJETUBA','320115',20,'0',''),
 (3131,'CACHOEIRO DE ITAPEMIRIM','320120',20,'0',''),
 (3132,'CARIACICA','320130',20,'0',''),
 (3133,'CASTELO','320140',20,'0',''),
 (3134,'COLATINA','320150',20,'0',''),
 (3135,'CONCEICAO DA BARRA','320160',20,'0',''),
 (3136,'CONCEICAO DO CASTELO','320170',20,'0',''),
 (3137,'DIVINO DE SAO LOURENCO','320180',20,'0',''),
 (3138,'DOMINGOS MARTINS','320190',20,'0',''),
 (3139,'DORES DO RIO PRETO','320200',20,'0',''),
 (3140,'ECOPORANGA','320210',20,'0',''),
 (3141,'FUNDAO','320220',20,'0',''),
 (3142,'GOVERNADOR LINDENBERG','320225',20,'0',''),
 (3143,'GUACUI','320230',20,'0',''),
 (3144,'GUARAPARI','320240',20,'0',''),
 (3145,'IBATIBA','320245',20,'0',''),
 (3146,'IBIRACU','320250',20,'0',''),
 (3147,'IBITIRAMA','320255',20,'0',''),
 (3148,'ICONHA','320260',20,'0',''),
 (3149,'IRUPI','320265',20,'0',''),
 (3150,'ITAGUACU','320270',20,'0',''),
 (3151,'ITAPEMIRIM','320280',20,'0',''),
 (3152,'ITARANA','320290',20,'0',''),
 (3153,'IUNA','320300',20,'0',''),
 (3154,'JAGUARE','320305',20,'0',''),
 (3155,'JERONIMO MONTEIRO','320310',20,'0',''),
 (3156,'JOAO NEIVA','320313',20,'0',''),
 (3157,'LARANJA DA TERRA','320316',20,'0',''),
 (3158,'LINHARES','320320',20,'0',''),
 (3159,'MANTENOPOLIS','320330',20,'0',''),
 (3160,'MARATAIZES','320332',20,'0',''),
 (3161,'MARECHAL FLORIANO','320334',20,'0',''),
 (3162,'MARILANDIA','320335',20,'0',''),
 (3163,'MIMOSO DO SUL','320340',20,'0',''),
 (3164,'MONTANHA','320350',20,'0',''),
 (3165,'MUCURICI','320360',20,'0',''),
 (3166,'MUNIZ FREIRE','320370',20,'0',''),
 (3167,'MUQUI','320380',20,'0',''),
 (3168,'NOVA VENECIA','320390',20,'0',''),
 (3169,'PANCAS','320400',20,'0',''),
 (3170,'PEDRO CANARIO','320405',20,'0',''),
 (3171,'PINHEIROS','320410',20,'0',''),
 (3172,'PIUMA','320420',20,'0',''),
 (3173,'PONTO BELO','320425',20,'0',''),
 (3174,'PRESIDENTE KENNEDY','320430',20,'0',''),
 (3175,'RIO BANANAL','320435',20,'0',''),
 (3176,'RIO NOVO DO SUL','320440',20,'0',''),
 (3177,'SANTA LEOPOLDINA','320450',20,'0',''),
 (3178,'SANTA MARIA DE JETIBA','320455',20,'0',''),
 (3179,'SANTA TERESA','320460',20,'0',''),
 (3180,'SAO DOMINGOS DO NORTE','320465',20,'0',''),
 (3181,'SAO GABRIEL DA PALHA','320470',20,'0',''),
 (3182,'SAO JOSE DO CALCADO','320480',20,'0',''),
 (3183,'SAO MATEUS','320490',20,'0',''),
 (3184,'SAO ROQUE DO CANAA','320495',20,'0',''),
 (3185,'SERRA','320500',20,'0',''),
 (3186,'SOORETAMA','320501',20,'0',''),
 (3187,'VARGEM ALTA','320503',20,'0',''),
 (3188,'VENDA NOVA DO IMIGRANTE','320506',20,'0',''),
 (3189,'VIANA','320510',20,'0',''),
 (3190,'VILA PAVAO','320515',20,'0',''),
 (3191,'VILA VALERIO','320517',20,'0',''),
 (3192,'VILA VELHA','320520',20,'0',''),
 (3193,'VITORIA','320530',20,'0',''),
 (3194,'MUNICIPIO IGNORADO - RJ','330000',3,'0',''),
 (3195,'ANGRA DOS REIS','330010',3,'0',''),
 (3196,'APERIBE','330015',3,'0',''),
 (3197,'ARARUAMA','330020',3,'0',''),
 (3198,'AREAL','330022',3,'0',''),
 (3199,'ARMACAO DOS BUZIOS','330023',3,'0',''),
 (3200,'ARRAIAL DO CABO','330025',3,'0',''),
 (3201,'BARRA DO PIRAI','330030',3,'0',''),
 (3202,'BARRA MANSA','330040',3,'0',''),
 (3203,'BELFORD ROXO','330045',3,'0',''),
 (3204,'BOM JARDIM','330050',3,'0',''),
 (3205,'BOM JESUS DO ITABAPOANA','330060',3,'0',''),
 (3206,'CABO FRIO','330070',3,'0',''),
 (3207,'CACHOEIRAS DE MACACU','330080',3,'0',''),
 (3208,'CAMBUCI','330090',3,'0',''),
 (3209,'CARAPEBUS','330093',3,'0',''),
 (3210,'COMENDADOR LEVY GASPARIAN','330095',3,'0',''),
 (3211,'CAMPOS DOS GOYTACAZES','330100',3,'0',''),
 (3212,'CANTAGALO','330110',3,'0',''),
 (3213,'CARDOSO MOREIRA','330115',3,'0',''),
 (3214,'CARMO','330120',3,'0',''),
 (3215,'CASIMIRO DE ABREU','330130',3,'0',''),
 (3216,'CONCEICAO DE MACABU','330140',3,'0',''),
 (3217,'CORDEIRO','330150',3,'0',''),
 (3218,'DUAS BARRAS','330160',3,'0',''),
 (3219,'DUQUE DE CAXIAS','330170',3,'0',''),
 (3220,'ENGENHEIRO PAULO DE FRONTIN','330180',3,'0',''),
 (3221,'GUAPIMIRIM','330185',3,'0',''),
 (3222,'IGUABA GRANDE','330187',3,'0',''),
 (3223,'ITABORAI','330190',3,'0',''),
 (3224,'ITAGUAI','330200',3,'0',''),
 (3225,'ITALVA','330205',3,'0',''),
 (3226,'ITAOCARA','330210',3,'0',''),
 (3227,'ITAPERUNA','330220',3,'0',''),
 (3228,'ITATIAIA','330225',3,'0',''),
 (3229,'JAPERI','330227',3,'0',''),
 (3230,'LAJE DO MURIAE','330230',3,'0',''),
 (3231,'MACAE','330240',3,'0',''),
 (3232,'MACUCO','330245',3,'0',''),
 (3233,'MAGE','330250',3,'0',''),
 (3234,'MANGARATIBA','330260',3,'0',''),
 (3235,'MARICA','330270',3,'0',''),
 (3236,'MENDES','330280',3,'0',''),
 (3237,'MESQUITA','330285',3,'0',''),
 (3238,'MIGUEL PEREIRA','330290',3,'0',''),
 (3239,'MIRACEMA','330300',3,'0',''),
 (3240,'NATIVIDADE','330310',3,'0',''),
 (3241,'NILOPOLIS','330320',3,'0',''),
 (3242,'NITEROI','330330',3,'0',''),
 (3243,'NOVA FRIBURGO','330340',3,'0',''),
 (3244,'NOVA IGUACU','330350',3,'0',''),
 (3245,'PARACAMBI','330360',3,'0',''),
 (3246,'PARAIBA DO SUL','330370',3,'0',''),
 (3247,'PARATY','330380',3,'0',''),
 (3248,'PATY DO ALFERES','330385',3,'0',''),
 (3249,'PETROPOLIS','330390',3,'0',''),
 (3250,'PINHEIRAL','330395',3,'0',''),
 (3251,'PIRAI','330400',3,'0',''),
 (3252,'PORCIUNCULA','330410',3,'0',''),
 (3253,'PORTO REAL','330411',3,'0',''),
 (3254,'QUATIS','330412',3,'0',''),
 (3255,'QUEIMADOS','330414',3,'0',''),
 (3256,'QUISSAMA','330415',3,'0',''),
 (3257,'RESENDE','330420',3,'0',''),
 (3258,'RIO BONITO','330430',3,'0',''),
 (3259,'RIO CLARO','330440',3,'0',''),
 (3260,'RIO DAS FLORES','330450',3,'0',''),
 (3261,'RIO DAS OSTRAS','330452',3,'0',''),
 (3262,'RIO DE JANEIRO','330455',3,'0',''),
 (3263,'SANTA MARIA MADALENA','330460',3,'0',''),
 (3264,'SANTO ANTONIO DE PADUA','330470',3,'0',''),
 (3265,'SAO FRANCISCO DE ITABAPOANA','330475',3,'0',''),
 (3266,'SAO FIDELIS','330480',3,'0',''),
 (3267,'SAO GONCALO','330490',3,'0',''),
 (3268,'SAO JOAO DA BARRA','330500',3,'0',''),
 (3269,'SAO JOAO DE MERITI','330510',3,'0',''),
 (3270,'SAO JOSE DE UBA','330513',3,'0',''),
 (3271,'SAO JOSE DO VALE DO RIO PRETO','330515',3,'0',''),
 (3272,'SAO PEDRO DA ALDEIA','330520',3,'0',''),
 (3273,'SAO SEBASTIAO DO ALTO','330530',3,'0',''),
 (3274,'SAPUCAIA','330540',3,'0',''),
 (3275,'SAQUAREMA','330550',3,'0',''),
 (3276,'SEROPEDICA','330555',3,'0',''),
 (3277,'SILVA JARDIM','330560',3,'0',''),
 (3278,'SUMIDOURO','330570',3,'0',''),
 (3279,'TANGUA','330575',3,'0',''),
 (3280,'TERESOPOLIS','330580',3,'0',''),
 (3281,'TRAJANO DE MORAES','330590',3,'0',''),
 (3282,'TRES RIOS','330600',3,'0',''),
 (3283,'VALENCA','330610',3,'0',''),
 (3284,'VARRE-SAI','330615',3,'0',''),
 (3285,'VASSOURAS','330620',3,'0',''),
 (3286,'VOLTA REDONDA','330630',3,'0',''),
 (3287,'MUNICIPIO IGNORADO - SP','350000',4,'0',''),
 (3288,'ADAMANTINA','350010',4,'0',''),
 (3289,'ADOLFO','350020',4,'0',''),
 (3290,'AGUAI','350030',4,'0',''),
 (3291,'AGUAS DA PRATA','350040',4,'0',''),
 (3292,'AGUAS DE LINDOIA','350050',4,'0',''),
 (3293,'AGUAS DE SANTA BARBARA','350055',4,'0',''),
 (3294,'AGUAS DE SAO PEDRO','350060',4,'0',''),
 (3295,'AGUDOS','350070',4,'0',''),
 (3296,'ALAMBARI','350075',4,'0',''),
 (3297,'ALFREDO MARCONDES','350080',4,'0',''),
 (3298,'ALTAIR','350090',4,'0',''),
 (3299,'ALTINOPOLIS','350100',4,'0',''),
 (3300,'ALTO ALEGRE','350110',4,'0',''),
 (3301,'ALUMINIO','350115',4,'0',''),
 (3302,'ALVARES FLORENCE','350120',4,'0',''),
 (3303,'ALVARES MACHADO','350130',4,'0',''),
 (3304,'ALVARO DE CARVALHO','350140',4,'0',''),
 (3305,'ALVINLANDIA','350150',4,'0',''),
 (3306,'AMERICANA','350160',4,'0',''),
 (3307,'AMERICO BRASILIENSE','350170',4,'0',''),
 (3308,'AMERICO DE CAMPOS','350180',4,'0',''),
 (3309,'AMPARO','350190',4,'0',''),
 (3310,'ANALANDIA','350200',4,'0',''),
 (3311,'ANDRADINA','350210',4,'0',''),
 (3312,'ANGATUBA','350220',4,'0',''),
 (3313,'ANHEMBI','350230',4,'0',''),
 (3314,'ANHUMAS','350240',4,'0',''),
 (3315,'APARECIDA','350250',4,'0',''),
 (3316,'APARECIDA D\'OESTE','350260',4,'0',''),
 (3317,'APIAI','350270',4,'0',''),
 (3318,'ARACARIGUAMA','350275',4,'0',''),
 (3319,'ARACATUBA','350280',4,'0',''),
 (3320,'ARACOIABA DA SERRA','350290',4,'0',''),
 (3321,'ARAMINA','350300',4,'0',''),
 (3322,'ARANDU','350310',4,'0',''),
 (3323,'ARAPEI','350315',4,'0',''),
 (3324,'ARARAQUARA','350320',4,'0',''),
 (3325,'ARARAS','350330',4,'0',''),
 (3326,'ARCO-','350335',4,'0',''),
 (3327,'AREALVA','350340',4,'0',''),
 (3328,'AREIAS','350350',4,'0',''),
 (3329,'AREIOPOLIS','350360',4,'0',''),
 (3330,'ARIRANHA','350370',4,'0',''),
 (3331,'ARTUR NOGUEIRA','350380',4,'0',''),
 (3332,'ARUJA','350390',4,'0',''),
 (3333,'ASPASIA','350395',4,'0',''),
 (3334,'ASSIS','350400',4,'0',''),
 (3335,'ATIBAIA','350410',4,'0',''),
 (3336,'AURIFLAMA','350420',4,'0',''),
 (3337,'AVAI','350430',4,'0',''),
 (3338,'AVANHANDAVA','350440',4,'0',''),
 (3339,'AVARE','350450',4,'0',''),
 (3340,'BADY BASSITT','350460',4,'0',''),
 (3341,'BALBINOS','350470',4,'0',''),
 (3342,'BALSAMO','350480',4,'0',''),
 (3343,'BANANAL','350490',4,'0',''),
 (3344,'BARAO DE ANTONINA','350500',4,'0',''),
 (3345,'BARBOSA','350510',4,'0',''),
 (3346,'BARIRI','350520',4,'0',''),
 (3347,'BARRA BONITA','350530',4,'0',''),
 (3348,'BARRA DO CHAPEU','350535',4,'0',''),
 (3349,'BARRA DO TURVO','350540',4,'0',''),
 (3350,'BARRETOS','350550',4,'0',''),
 (3351,'BARRINHA','350560',4,'0',''),
 (3352,'BARUERI','350570',4,'0',''),
 (3353,'BASTOS','350580',4,'0',''),
 (3354,'BATATAIS','350590',4,'0',''),
 (3355,'BAURU','350600',4,'0',''),
 (3356,'BEBEDOURO','350610',4,'0',''),
 (3357,'BENTO DE ABREU','350620',4,'0',''),
 (3358,'BERNARDINO DE CAMPOS','350630',4,'0',''),
 (3359,'BERTIOGA','350635',4,'0',''),
 (3360,'BILAC','350640',4,'0',''),
 (3361,'BIRIGUI','350650',4,'0',''),
 (3362,'BIRITIBA-MIRIM','350660',4,'0',''),
 (3363,'BOA ESPERANCA DO SUL','350670',4,'0',''),
 (3364,'BOCAINA','350680',4,'0',''),
 (3365,'BOFETE','350690',4,'0',''),
 (3366,'BOITUVA','350700',4,'0',''),
 (3367,'BOM JESUS DOS PERD','350710',4,'0',''),
 (3368,'BOM SUCESSO DE ITARARE','350715',4,'0',''),
 (3369,'BORA','350720',4,'0',''),
 (3370,'BORACEIA','350730',4,'0',''),
 (3371,'BORBOREMA','350740',4,'0',''),
 (3372,'BOREBI','350745',4,'0',''),
 (3373,'BOTUCATU','350750',4,'0',''),
 (3374,'BRAGANCA PAULISTA','350760',4,'0',''),
 (3375,'BRAUNA','350770',4,'0',''),
 (3376,'BREJO ALEGRE','350775',4,'0',''),
 (3377,'BRODOWSKI','350780',4,'0',''),
 (3378,'BROTAS','350790',4,'0',''),
 (3379,'BURI','350800',4,'0',''),
 (3380,'BURITAMA','350810',4,'0',''),
 (3381,'BURITIZAL','350820',4,'0',''),
 (3382,'CABRALIA PAULISTA','350830',4,'0',''),
 (3383,'CABREUVA','350840',4,'0',''),
 (3384,'CACAPAVA','350850',4,'0',''),
 (3385,'CACHOEIRA PAULISTA','350860',4,'0',''),
 (3386,'CACONDE','350870',4,'0',''),
 (3387,'CAFELANDIA','350880',4,'0',''),
 (3388,'CAIABU','350890',4,'0',''),
 (3389,'CAIEIRAS','350900',4,'0',''),
 (3390,'CAIUA','350910',4,'0',''),
 (3391,'CAJAMAR','350920',4,'0',''),
 (3392,'CAJATI','350925',4,'0',''),
 (3393,'CAJOBI','350930',4,'0',''),
 (3394,'CAJURU','350940',4,'0',''),
 (3395,'CAMPINA DO MONTE ALEGRE','350945',4,'0',''),
 (3396,'CAMPINAS','350950',4,'0',''),
 (3397,'CAMPO LIMPO PAULISTA','350960',4,'0',''),
 (3398,'CAMPOS DO JORDAO','350970',4,'0',''),
 (3399,'CAMPOS NOVOS PAULISTA','350980',4,'0',''),
 (3400,'CANANEIA','350990',4,'0',''),
 (3401,'CANAS','350995',4,'0',''),
 (3402,'CANDIDO MOTA','351000',4,'0',''),
 (3403,'CANDIDO RODRIGUES','351010',4,'0',''),
 (3404,'CANITAR','351015',4,'0',''),
 (3405,'CAPAO BONITO','351020',4,'0',''),
 (3406,'CAPELA DO ALTO','351030',4,'0',''),
 (3407,'CAPIVARI','351040',4,'0',''),
 (3408,'CARAGUATATUBA','351050',4,'0',''),
 (3409,'CARAPICUIBA','351060',4,'0',''),
 (3410,'CARDOSO','351070',4,'0',''),
 (3411,'CASA BRANCA','351080',4,'0',''),
 (3412,'CASSIA DOS COQUEIROS','351090',4,'0',''),
 (3413,'CASTILHO','351100',4,'0',''),
 (3414,'CATANDUVA','351110',4,'0',''),
 (3415,'CATIGUA','351120',4,'0',''),
 (3416,'CEDRAL','351130',4,'0',''),
 (3417,'CERQUEIRA CESAR','351140',4,'0',''),
 (3418,'CERQUILHO','351150',4,'0',''),
 (3419,'CESARIO LANGE','351160',4,'0',''),
 (3420,'CHARQUEADA','351170',4,'0',''),
 (3421,'CLEMENTINA','351190',4,'0',''),
 (3422,'COLINA','351200',4,'0',''),
 (3423,'COLOMBIA','351210',4,'0',''),
 (3424,'CONCHAL','351220',4,'0',''),
 (3425,'CONCHAS','351230',4,'0',''),
 (3426,'CORDEIROPOLIS','351240',4,'0',''),
 (3427,'COROADOS','351250',4,'0',''),
 (3428,'CORONEL MACEDO','351260',4,'0',''),
 (3429,'CORUMBATAI','351270',4,'0',''),
 (3430,'COSMOPOLIS','351280',4,'0',''),
 (3431,'COSMORAMA','351290',4,'0',''),
 (3432,'COTIA','351300',4,'0',''),
 (3433,'CRAVINHOS','351310',4,'0',''),
 (3434,'CRISTAIS PAULISTA','351320',4,'0',''),
 (3435,'CRUZALIA','351330',4,'0',''),
 (3436,'CRUZEIRO','351340',4,'0',''),
 (3437,'CUBATAO','351350',4,'0',''),
 (3438,'CUNHA','351360',4,'0',''),
 (3439,'DESCALVADO','351370',4,'0',''),
 (3440,'DIADEMA','351380',4,'0',''),
 (3441,'DIRCE REIS','351385',4,'0',''),
 (3442,'DIVINOLANDIA','351390',4,'0',''),
 (3443,'DOBRADA','351400',4,'0',''),
 (3444,'DOIS CORREGOS','351410',4,'0',''),
 (3445,'DOLCINOPOLIS','351420',4,'0',''),
 (3446,'DOURADO','351430',4,'0',''),
 (3447,'DRACENA','351440',4,'0',''),
 (3448,'DUARTINA','351450',4,'0',''),
 (3449,'DUMONT','351460',4,'0',''),
 (3450,'ECHAPORA','351470',4,'0',''),
 (3451,'ELDORADO','351480',4,'0',''),
 (3452,'ELIAS FAUSTO','351490',4,'0',''),
 (3453,'ELISIARIO','351492',4,'0',''),
 (3454,'EMBAUBA','351495',4,'0',''),
 (3455,'EMBU','351500',4,'0',''),
 (3456,'EMBU-GUACU','351510',4,'0',''),
 (3457,'EMILIANOPOLIS','351512',4,'0',''),
 (3458,'ENGENHEIRO COELHO','351515',4,'0',''),
 (3459,'ESPIRITO SANTO DO PINHAL','351518',4,'0',''),
 (3460,'ESPIRITO SANTO DO TURVO','351519',4,'0',''),
 (3461,'ESTRELA D\'OESTE','351520',4,'0',''),
 (3462,'ESTRELA DO NORTE','351530',4,'0',''),
 (3463,'EUCLIDES DA CUNHA PAULISTA','351535',4,'0',''),
 (3464,'FARTURA','351540',4,'0',''),
 (3465,'FERNANDOPOLIS','351550',4,'0',''),
 (3466,'FERNANDO PRESTES','351560',4,'0',''),
 (3467,'FERNAO','351565',4,'0',''),
 (3468,'FERRAZ DE VASCONCELOS','351570',4,'0',''),
 (3469,'FLORA RICA','351580',4,'0',''),
 (3470,'FLOREAL','351590',4,'0',''),
 (3471,'FLORIDA PAULISTA','351600',4,'0',''),
 (3472,'FLORINIA','351610',4,'0',''),
 (3473,'FRANCA','351620',4,'0',''),
 (3474,'FRANCISCO MORATO','351630',4,'0',''),
 (3475,'FRANCO DA ROCHA','351640',4,'0',''),
 (3476,'GABRIEL MONTEIRO','351650',4,'0',''),
 (3477,'GALIA','351660',4,'0',''),
 (3478,'GARCA','351670',4,'0',''),
 (3479,'GASTAO VIDIGAL','351680',4,'0',''),
 (3480,'GAVIAO PEIXOTO','351685',4,'0',''),
 (3481,'GENERAL SALGADO','351690',4,'0',''),
 (3482,'GETULINA','351700',4,'0',''),
 (3483,'GLICERIO','351710',4,'0',''),
 (3484,'GUAICARA','351720',4,'0',''),
 (3485,'GUAIMBE','351730',4,'0',''),
 (3486,'GUAIRA','351740',4,'0',''),
 (3487,'GUAPIACU','351750',4,'0',''),
 (3488,'GUAPIARA','351760',4,'0',''),
 (3489,'GUARA','351770',4,'0',''),
 (3490,'GUARACAI','351780',4,'0',''),
 (3491,'GUARACI','351790',4,'0',''),
 (3492,'GUARANI D\'OESTE','351800',4,'0',''),
 (3493,'GUARANTA','351810',4,'0',''),
 (3494,'GUARARAPES','351820',4,'0',''),
 (3495,'GUARAREMA','351830',4,'0',''),
 (3496,'GUARATINGUETA','351840',4,'0',''),
 (3497,'GUAREI','351850',4,'0',''),
 (3498,'GUARIBA','351860',4,'0',''),
 (3499,'GUARUJA','351870',4,'0',''),
 (3500,'GUARULHOS','351880',4,'0',''),
 (3501,'GUATAPARA','351885',4,'0',''),
 (3502,'GUZOLANDIA','351890',4,'0',''),
 (3503,'HERCULANDIA','351900',4,'0',''),
 (3504,'HOLAMBRA','351905',4,'0',''),
 (3505,'HORTOLANDIA','351907',4,'0',''),
 (3506,'IACANGA','351910',4,'0',''),
 (3507,'IACRI','351920',4,'0',''),
 (3508,'IARAS','351925',4,'0',''),
 (3509,'IBATE','351930',4,'0',''),
 (3510,'IBIRA','351940',4,'0',''),
 (3511,'IBIRAREMA','351950',4,'0',''),
 (3512,'IBITINGA','351960',4,'0',''),
 (3513,'IBIUNA','351970',4,'0',''),
 (3514,'ICEM','351980',4,'0',''),
 (3515,'IEPE','351990',4,'0',''),
 (3516,'IGARACU DO TIETE','352000',4,'0',''),
 (3517,'IGARAPAVA','352010',4,'0',''),
 (3518,'IGARATA','352020',4,'0',''),
 (3519,'IGUAPE','352030',4,'0',''),
 (3520,'ILHABELA','352040',4,'0',''),
 (3521,'ILHA COMPRIDA','352042',4,'0',''),
 (3522,'ILHA SOLTEIRA','352044',4,'0',''),
 (3523,'INDAIATUBA','352050',4,'0',''),
 (3524,'INDIANA','352060',4,'0',''),
 (3525,'INDIAPORA','352070',4,'0',''),
 (3526,'INUBIA PAULISTA','352080',4,'0',''),
 (3527,'IPAUSSU','352090',4,'0',''),
 (3528,'IPERO','352100',4,'0',''),
 (3529,'IPEUNA','352110',4,'0',''),
 (3530,'IPIGUA','352115',4,'0',''),
 (3531,'IPORANGA','352120',4,'0',''),
 (3532,'IPUA','352130',4,'0',''),
 (3533,'IRACEMAPOLIS','352140',4,'0',''),
 (3534,'IRAPUA','352150',4,'0',''),
 (3535,'IRAPURU','352160',4,'0',''),
 (3536,'ITABERA','352170',4,'0',''),
 (3537,'ITAI','352180',4,'0',''),
 (3538,'ITAJOBI','352190',4,'0',''),
 (3539,'ITAJU','352200',4,'0',''),
 (3540,'ITANHAEM','352210',4,'0',''),
 (3541,'ITAOCA','352215',4,'0',''),
 (3542,'ITAPECERICA DA SERRA','352220',4,'0',''),
 (3543,'ITAPETININGA','352230',4,'0',''),
 (3544,'ITAPEVA','352240',4,'0',''),
 (3545,'ITAPEVI','352250',4,'0',''),
 (3546,'ITAPIRA','352260',4,'0',''),
 (3547,'ITAPIRAPUA PAULISTA','352265',4,'0',''),
 (3548,'ITAPOLIS','352270',4,'0',''),
 (3549,'ITAPORANGA','352280',4,'0',''),
 (3550,'ITAPUI','352290',4,'0',''),
 (3551,'ITAPURA','352300',4,'0',''),
 (3552,'ITAQUAQUECETUBA','352310',4,'0',''),
 (3553,'ITARARE','352320',4,'0',''),
 (3554,'ITARIRI','352330',4,'0',''),
 (3555,'ITATIBA','352340',4,'0',''),
 (3556,'ITATINGA','352350',4,'0',''),
 (3557,'ITIRAPINA','352360',4,'0',''),
 (3558,'ITIRAPUA','352370',4,'0',''),
 (3559,'ITOBI','352380',4,'0',''),
 (3560,'ITU','352390',4,'0',''),
 (3561,'ITUPEVA','352400',4,'0',''),
 (3562,'ITUVERAVA','352410',4,'0',''),
 (3563,'JABORANDI','352420',4,'0',''),
 (3564,'JABOTICABAL','352430',4,'0',''),
 (3565,'JACAREI','352440',4,'0',''),
 (3566,'JACI','352450',4,'0',''),
 (3567,'JACUPIRANGA','352460',4,'0',''),
 (3568,'JAGUARIUNA','352470',4,'0',''),
 (3569,'JALES','352480',4,'0',''),
 (3570,'JAMBEIRO','352490',4,'0',''),
 (3571,'JANDIRA','352500',4,'0',''),
 (3572,'JARDINOPOLIS','352510',4,'0',''),
 (3573,'JARINU','352520',4,'0',''),
 (3574,'JAU','352530',4,'0',''),
 (3575,'JERIQUARA','352540',4,'0',''),
 (3576,'JOANOPOLIS','352550',4,'0',''),
 (3577,'JOAO RAMALHO','352560',4,'0',''),
 (3578,'JOSE BONIFACIO','352570',4,'0',''),
 (3579,'JULIO MESQUITA','352580',4,'0',''),
 (3580,'JUMIRIM','352585',4,'0',''),
 (3581,'JUNDIAI','352590',4,'0',''),
 (3582,'JUNQUEIROPOLIS','352600',4,'0',''),
 (3583,'JUQUIA','352610',4,'0',''),
 (3584,'JUQUITIBA','352620',4,'0',''),
 (3585,'LAGOINHA','352630',4,'0',''),
 (3586,'LARANJAL PAULISTA','352640',4,'0',''),
 (3587,'LAVINIA','352650',4,'0',''),
 (3588,'LAVRINHAS','352660',4,'0',''),
 (3589,'LEME','352670',4,'0',''),
 (3590,'LENCOIS PAULISTA','352680',4,'0',''),
 (3591,'LIMEIRA','352690',4,'0',''),
 (3592,'LINDOIA','352700',4,'0',''),
 (3593,'LINS','352710',4,'0',''),
 (3594,'LORENA','352720',4,'0',''),
 (3595,'LOURDES','352725',4,'0',''),
 (3596,'LOUVEIRA','352730',4,'0',''),
 (3597,'LUCELIA','352740',4,'0',''),
 (3598,'LUCIANOPOLIS','352750',4,'0',''),
 (3599,'LUIS ANTONIO','352760',4,'0',''),
 (3600,'LUIZIANIA','352770',4,'0',''),
 (3601,'LUPERCIO','352780',4,'0',''),
 (3602,'LUTECIA','352790',4,'0',''),
 (3603,'MACATUBA','352800',4,'0',''),
 (3604,'MACAUBAL','352810',4,'0',''),
 (3605,'MACEDONIA','352820',4,'0',''),
 (3606,'MAGDA','352830',4,'0',''),
 (3607,'MAIRINQUE','352840',4,'0',''),
 (3608,'MAIRIPORA','352850',4,'0',''),
 (3609,'MANDURI','352860',4,'0',''),
 (3610,'MARABA PAULISTA','352870',4,'0',''),
 (3611,'MARACAI','352880',4,'0',''),
 (3612,'MARAPOAMA','352885',4,'0',''),
 (3613,'MARIAPOLIS','352890',4,'0',''),
 (3614,'MARILIA','352900',4,'0',''),
 (3615,'MARINOPOLIS','352910',4,'0',''),
 (3616,'MARTINOPOLIS','352920',4,'0',''),
 (3617,'MATAO','352930',4,'0',''),
 (3618,'MAUA','352940',4,'0',''),
 (3619,'MENDONCA','352950',4,'0',''),
 (3620,'MERIDIANO','352960',4,'0',''),
 (3621,'MESOPOLIS','352965',4,'0',''),
 (3622,'MIGUELOPOLIS','352970',4,'0',''),
 (3623,'MINEIROS DO TIETE','352980',4,'0',''),
 (3624,'MIRACATU','352990',4,'0',''),
 (3625,'MIRA ESTRELA','353000',4,'0',''),
 (3626,'MIRANDOPOLIS','353010',4,'0',''),
 (3627,'MIRANTE DO PARANAPANEMA','353020',4,'0',''),
 (3628,'MIRASSOL','353030',4,'0',''),
 (3629,'MIRASSOLANDIA','353040',4,'0',''),
 (3630,'MOCOCA','353050',4,'0',''),
 (3631,'MOGI DAS CRUZES','353060',4,'0',''),
 (3632,'MOGI GUACU','353070',4,'0',''),
 (3633,'MOJI MIRIM','353080',4,'0',''),
 (3634,'MOMBUCA','353090',4,'0',''),
 (3635,'MONC','353100',4,'0',''),
 (3636,'MONGAGUA','353110',4,'0',''),
 (3637,'MONTE ALEGRE DO SUL','353120',4,'0',''),
 (3638,'MONTE ALTO','353130',4,'0',''),
 (3639,'MONTE APRAZIVEL','353140',4,'0',''),
 (3640,'MONTE AZUL PAULISTA','353150',4,'0',''),
 (3641,'MONTE CASTELO','353160',4,'0',''),
 (3642,'MONTEIRO LOBATO','353170',4,'0',''),
 (3643,'MONTE MOR','353180',4,'0',''),
 (3644,'MORRO AGUDO','353190',4,'0',''),
 (3645,'MORUNGABA','353200',4,'0',''),
 (3646,'MOTUCA','353205',4,'0',''),
 (3647,'MURUTINGA DO SUL','353210',4,'0',''),
 (3648,'NANTES','353215',4,'0',''),
 (3649,'NARANDIBA','353220',4,'0',''),
 (3650,'NATIVIDADE DA SERRA','353230',4,'0',''),
 (3651,'NAZARE PAULISTA','353240',4,'0',''),
 (3652,'NEVES PAULISTA','353250',4,'0',''),
 (3653,'NHANDEARA','353260',4,'0',''),
 (3654,'NIPOA','353270',4,'0',''),
 (3655,'NOVA ALIANCA','353280',4,'0',''),
 (3656,'NOVA CAMPINA','353282',4,'0',''),
 (3657,'NOVA CANAA PAULISTA','353284',4,'0',''),
 (3658,'NOVA CASTILHO','353286',4,'0',''),
 (3659,'NOVA EUROPA','353290',4,'0',''),
 (3660,'NOVA GRANADA','353300',4,'0',''),
 (3661,'NOVA GUATAPORANGA','353310',4,'0',''),
 (3662,'NOVA INDEPENDENCIA','353320',4,'0',''),
 (3663,'NOVAIS','353325',4,'0',''),
 (3664,'NOVA LUZITANIA','353330',4,'0',''),
 (3665,'NOVA ODESSA','353340',4,'0',''),
 (3666,'NOVO HORIZONTE','353350',4,'0',''),
 (3667,'NUPORANGA','353360',4,'0',''),
 (3668,'OCAUCU','353370',4,'0',''),
 (3669,'','353380',4,'0',''),
 (3670,'OLIMPIA','353390',4,'0',''),
 (3671,'ONDA VERDE','353400',4,'0',''),
 (3672,'ORIENTE','353410',4,'0',''),
 (3673,'ORINDIUVA','353420',4,'0',''),
 (3674,'ORLANDIA','353430',4,'0',''),
 (3675,'OSASCO','353440',4,'0',''),
 (3676,'OSCAR BRESSANE','353450',4,'0',''),
 (3677,'OSVALDO CRUZ','353460',4,'0',''),
 (3678,'OURINHOS','353470',4,'0',''),
 (3679,'OUROESTE','353475',4,'0',''),
 (3680,'OURO VERDE','353480',4,'0',''),
 (3681,'PACAEMBU','353490',4,'0',''),
 (3682,'PALESTINA','353500',4,'0',''),
 (3683,'PALMARES PAULISTA','353510',4,'0',''),
 (3684,'PALMEIRA D\'OESTE','353520',4,'0',''),
 (3685,'PALMITAL','353530',4,'0',''),
 (3686,'PANORAMA','353540',4,'0',''),
 (3687,'PARAGUACU PAULISTA','353550',4,'0',''),
 (3688,'PARAIBUNA','353560',4,'0',''),
 (3689,'PARAISO','353570',4,'0',''),
 (3690,'PARANAPANEMA','353580',4,'0',''),
 (3691,'PARANAPUA','353590',4,'0',''),
 (3692,'PARAPUA','353600',4,'0',''),
 (3693,'PARDINHO','353610',4,'0',''),
 (3694,'PARIQUERA-ACU','353620',4,'0',''),
 (3695,'PARISI','353625',4,'0',''),
 (3696,'PATROCINIO PAULISTA','353630',4,'0',''),
 (3697,'PAULICEIA','353640',4,'0',''),
 (3698,'PAULINIA','353650',4,'0',''),
 (3699,'PAULISTANIA','353657',4,'0',''),
 (3700,'PAULO DE FARIA','353660',4,'0',''),
 (3701,'PEDERNEIRAS','353670',4,'0',''),
 (3702,'PEDRA BELA','353680',4,'0',''),
 (3703,'PEDRANOPOLIS','353690',4,'0',''),
 (3704,'PEDREGULHO','353700',4,'0',''),
 (3705,'PEDREIRA','353710',4,'0',''),
 (3706,'PEDRINHAS PAULISTA','353715',4,'0',''),
 (3707,'PEDRO DE TOLEDO','353720',4,'0',''),
 (3708,'PENAPOLIS','353730',4,'0',''),
 (3709,'PEREIRA BARRETO','353740',4,'0',''),
 (3710,'PEREIRAS','353750',4,'0',''),
 (3711,'PERUIBE','353760',4,'0',''),
 (3712,'PIACATU','353770',4,'0',''),
 (3713,'PIEDADE','353780',4,'0',''),
 (3714,'PILAR DO SUL','353790',4,'0',''),
 (3715,'PINDAMONHANGABA','353800',4,'0',''),
 (3716,'PINDORAMA','353810',4,'0',''),
 (3717,'PINHALZINHO','353820',4,'0',''),
 (3718,'PIQUEROBI','353830',4,'0',''),
 (3719,'PIQUETE','353850',4,'0',''),
 (3720,'PIRACAIA','353860',4,'0',''),
 (3721,'PIRACICABA','353870',4,'0',''),
 (3722,'PIRAJU','353880',4,'0',''),
 (3723,'PIRAJUI','353890',4,'0',''),
 (3724,'PIRANGI','353900',4,'0',''),
 (3725,'PIRAPORA DO BOM JESUS','353910',4,'0',''),
 (3726,'PIRAPOZINHO','353920',4,'0',''),
 (3727,'PIRASSUNUNGA','353930',4,'0',''),
 (3728,'PIRATININGA','353940',4,'0',''),
 (3729,'PITANGUEIRAS','353950',4,'0',''),
 (3730,'PLANALTO','353960',4,'0',''),
 (3731,'PLATINA','353970',4,'0',''),
 (3732,'POA','353980',4,'0',''),
 (3733,'POLONI','353990',4,'0',''),
 (3734,'POMPEIA','354000',4,'0',''),
 (3735,'PONGAI','354010',4,'0',''),
 (3736,'PONTAL','354020',4,'0',''),
 (3737,'PONTALINDA','354025',4,'0',''),
 (3738,'PONTES GESTAL','354030',4,'0',''),
 (3739,'POPULINA','354040',4,'0',''),
 (3740,'PORANGABA','354050',4,'0',''),
 (3741,'PORTO FELIZ','354060',4,'0',''),
 (3742,'PORTO FERREIRA','354070',4,'0',''),
 (3743,'POTIM','354075',4,'0',''),
 (3744,'POTIRENDABA','354080',4,'0',''),
 (3745,'PRACINHA','354085',4,'0',''),
 (3746,'PRADOPOLIS','354090',4,'0',''),
 (3747,'PRAIA GRANDE','354100',4,'0',''),
 (3748,'PRATANIA','354105',4,'0',''),
 (3749,'PRESIDENTE ALVES','354110',4,'0',''),
 (3750,'PRESIDENTE BERNARDES','354120',4,'0',''),
 (3751,'PRESIDENTE EPITACIO','354130',4,'0',''),
 (3752,'PRESIDENTE PRUDENTE','354140',4,'0',''),
 (3753,'PRESIDENTE VENCESLAU','354150',4,'0',''),
 (3754,'PROMISSAO','354160',4,'0',''),
 (3755,'QUADRA','354165',4,'0',''),
 (3756,'QUATA','354170',4,'0',''),
 (3757,'QUEIROZ','354180',4,'0',''),
 (3758,'QUELUZ','354190',4,'0',''),
 (3759,'QUINTANA','354200',4,'0',''),
 (3760,'RAFARD','354210',4,'0',''),
 (3761,'RANCHARIA','354220',4,'0',''),
 (3762,'REDENCAO DA SERRA','354230',4,'0',''),
 (3763,'REGENTE FEIJO','354240',4,'0',''),
 (3764,'REGINOPOLIS','354250',4,'0',''),
 (3765,'REGISTRO','354260',4,'0',''),
 (3766,'RESTINGA','354270',4,'0',''),
 (3767,'RIBEIRA','354280',4,'0',''),
 (3768,'RIBEIRAO BONITO','354290',4,'0',''),
 (3769,'RIBEIRAO BRANCO','354300',4,'0',''),
 (3770,'RIBEIRAO CORRENTE','354310',4,'0',''),
 (3771,'RIBEIRAO DO SUL','354320',4,'0',''),
 (3772,'RIBEIRAO DOS ','354323',4,'0',''),
 (3773,'RIBEIRAO GRANDE','354325',4,'0',''),
 (3774,'RIBEIRAO PIRES','354330',4,'0',''),
 (3775,'RIBEIRAO PRETO','354340',4,'0',''),
 (3776,'RIVERSUL','354350',4,'0',''),
 (3777,'RIFAINA','354360',4,'0',''),
 (3778,'RINCAO','354370',4,'0',''),
 (3779,'RINOPOLIS','354380',4,'0',''),
 (3780,'RIO CLARO','354390',4,'0',''),
 (3781,'RIO DAS PEDRAS','354400',4,'0',''),
 (3782,'RIO GRANDE DA SERRA','354410',4,'0',''),
 (3783,'RIOLANDIA','354420',4,'0',''),
 (3784,'ROSANA','354425',4,'0',''),
 (3785,'ROSEIRA','354430',4,'0',''),
 (3786,'RUBIACEA','354440',4,'0',''),
 (3787,'RUBINEIA','354450',4,'0',''),
 (3788,'SABINO','354460',4,'0',''),
 (3789,'SAGRES','354470',4,'0',''),
 (3790,'SALES','354480',4,'0',''),
 (3791,'SALES OLIVEIRA','354490',4,'0',''),
 (3792,'SALESOPOLIS','354500',4,'0',''),
 (3793,'SALMOURAO','354510',4,'0',''),
 (3794,'SALTINHO','354515',4,'0',''),
 (3795,'SALTO','354520',4,'0',''),
 (3796,'SALTO DE PIRAPORA','354530',4,'0',''),
 (3797,'SALTO GRANDE','354540',4,'0',''),
 (3798,'SANDOVALINA','354550',4,'0',''),
 (3799,'SANTA ADELIA','354560',4,'0',''),
 (3800,'SANTA ALBERTINA','354570',4,'0',''),
 (3801,'SANTA BARBARA D\'OESTE','354580',4,'0',''),
 (3802,'SANTA BRANCA','354600',4,'0',''),
 (3803,'SANTA CLARA D\'OESTE','354610',4,'0',''),
 (3804,'SANTA CRUZ DA CONCEICAO','354620',4,'0',''),
 (3805,'SANTA CRUZ DA ESPERANCA','354625',4,'0',''),
 (3806,'SANTA CRUZ DAS PALMEIRAS','354630',4,'0',''),
 (3807,'SANTA CRUZ DO RIO PARDO','354640',4,'0',''),
 (3808,'SANTA ERNESTINA','354650',4,'0',''),
 (3809,'SANTA FE DO SUL','354660',4,'0',''),
 (3810,'SANTA GERTRUDES','354670',4,'0',''),
 (3811,'SANTA ISABEL','354680',4,'0',''),
 (3812,'SANTA LUCIA','354690',4,'0',''),
 (3813,'SANTA MARIA DA SERRA','354700',4,'0',''),
 (3814,'SANTA MERCEDES','354710',4,'0',''),
 (3815,'SANTANA DA PONTE PENSA','354720',4,'0',''),
 (3816,'SANTANA DE PARNAIBA','354730',4,'0',''),
 (3817,'SANTA RITA D\'OESTE','354740',4,'0',''),
 (3818,'SANTA RITA DO PASSA QUATRO','354750',4,'0',''),
 (3819,'SANTA ROSA DE VITERBO','354760',4,'0',''),
 (3820,'SANTA SALETE','354765',4,'0',''),
 (3821,'SANTO ANASTACIO','354770',4,'0',''),
 (3822,'SANTO ANDRE','354780',4,'0',''),
 (3823,'SANTO ANTONIO DA ALEGRIA','354790',4,'0',''),
 (3824,'SANTO ANTONIO DE POSSE','354800',4,'0',''),
 (3825,'SANTO ANTONIO DO ARACANGUA','354805',4,'0',''),
 (3826,'SANTO ANTONIO DO JARDIM','354810',4,'0',''),
 (3827,'SANTO ANTONIO DO PINHAL','354820',4,'0',''),
 (3828,'SANTO EXPEDITO','354830',4,'0',''),
 (3829,'SANTOPOLIS DO AGUAPEI','354840',4,'0',''),
 (3830,'SANTOS','354850',4,'0',''),
 (3831,'SAO BENTO DO SAPUCAI','354860',4,'0',''),
 (3832,'SAO BERNARDO DO CAMPO','354870',4,'0',''),
 (3833,'SAO CAETANO DO SUL','354880',4,'0',''),
 (3834,'SAO CARLOS','354890',4,'0',''),
 (3835,'SAO FRANCISCO','354900',4,'0',''),
 (3836,'SAO JOAO DA BOA VISTA','354910',4,'0',''),
 (3837,'SAO JOAO DAS DUAS PONTES','354920',4,'0',''),
 (3838,'SAO JOAO DE IRACEMA','354925',4,'0',''),
 (3839,'SAO JOAO DO PAU D\'ALHO','354930',4,'0',''),
 (3840,'SAO JOAQUIM DA BARRA','354940',4,'0',''),
 (3841,'SAO JOSE DA BELA VISTA','354950',4,'0',''),
 (3842,'SAO JOSE DO BARREIRO','354960',4,'0',''),
 (3843,'SAO JOSE DO RIO PARDO','354970',4,'0',''),
 (3844,'SAO JOSE DO RIO PRETO','354980',4,'0',''),
 (3845,'SAO JOSE DOS CAMPOS','354990',4,'0',''),
 (3846,'SAO LOURENCO DA SERRA','354995',4,'0',''),
 (3847,'SAO LUIS DO PARAITINGA','355000',4,'0',''),
 (3848,'SAO MANUEL','355010',4,'0',''),
 (3849,'SAO MIGUEL ARCANJO','355020',4,'0',''),
 (3850,'SAO PAULO','355030',4,'0',''),
 (3851,'SAO PEDRO','355040',4,'0',''),
 (3852,'SAO PEDRO DO TURVO','355050',4,'0',''),
 (3853,'SAO ROQUE','355060',4,'0',''),
 (3854,'SAO SEBASTIAO','355070',4,'0',''),
 (3855,'SAO SEBASTIAO DA GRAMA','355080',4,'0',''),
 (3856,'SAO SIMAO','355090',4,'0',''),
 (3857,'SAO VICENTE','355100',4,'0',''),
 (3858,'SARAPUI','355110',4,'0',''),
 (3859,'SARUTAIA','355120',4,'0',''),
 (3860,'SEBASTIANOPOLIS DO SUL','355130',4,'0',''),
 (3861,'SERRA AZUL','355140',4,'0',''),
 (3862,'SERRANA','355150',4,'0',''),
 (3863,'SERRA NEGRA','355160',4,'0',''),
 (3864,'SERTAOZINHO','355170',4,'0',''),
 (3865,'SETE BARRAS','355180',4,'0',''),
 (3866,'SEVERINIA','355190',4,'0',''),
 (3867,'SILVEIRAS','355200',4,'0',''),
 (3868,'SOCORRO','355210',4,'0',''),
 (3869,'SOROCABA','355220',4,'0',''),
 (3870,'SUD MENNUCCI','355230',4,'0',''),
 (3871,'SUMARE','355240',4,'0',''),
 (3872,'SUZANO','355250',4,'0',''),
 (3873,'SUZANAPOLIS','355255',4,'0',''),
 (3874,'TABAPUA','355260',4,'0',''),
 (3875,'TABATINGA','355270',4,'0',''),
 (3876,'TABOAO DA SERRA','355280',4,'0',''),
 (3877,'TACIBA','355290',4,'0',''),
 (3878,'TAGUAI','355300',4,'0',''),
 (3879,'TAIACU','355310',4,'0',''),
 (3880,'TAIUVA','355320',4,'0',''),
 (3881,'TAMBAU','355330',4,'0',''),
 (3882,'TANABI','355340',4,'0',''),
 (3883,'TAPIRAI','355350',4,'0',''),
 (3884,'TAPIRATIBA','355360',4,'0',''),
 (3885,'TAQUARAL','355365',4,'0',''),
 (3886,'TAQUARITINGA','355370',4,'0',''),
 (3887,'TAQUARITUBA','355380',4,'0',''),
 (3888,'TAQUARIVAI','355385',4,'0',''),
 (3889,'TARABAI','355390',4,'0',''),
 (3890,'TARUMA','355395',4,'0',''),
 (3891,'TATUI','355400',4,'0',''),
 (3892,'TAUBATE','355410',4,'0',''),
 (3893,'TEJUPA','355420',4,'0',''),
 (3894,'TEODORO SAMPAIO','355430',4,'0',''),
 (3895,'TERRA ROXA','355440',4,'0',''),
 (3896,'TIETE','355450',4,'0',''),
 (3897,'TIMBURI','355460',4,'0',''),
 (3898,'TORRE DE PEDRA','355465',4,'0',''),
 (3899,'TORRINHA','355470',4,'0',''),
 (3900,'TRABIJU','355475',4,'0',''),
 (3901,'TREMEMBE','355480',4,'0',''),
 (3902,'TRES FRONTEIRAS','355490',4,'0',''),
 (3903,'TUIUTI','355495',4,'0',''),
 (3904,'TUPA','355500',4,'0',''),
 (3905,'TUPI PAULISTA','355510',4,'0',''),
 (3906,'TURIUBA','355520',4,'0',''),
 (3907,'TURMALINA','355530',4,'0',''),
 (3908,'UBARANA','355535',4,'0',''),
 (3909,'UBATUBA','355540',4,'0',''),
 (3910,'UBIRAJARA','355550',4,'0',''),
 (3911,'UCHOA','355560',4,'0',''),
 (3912,'UNIAO PAULISTA','355570',4,'0',''),
 (3913,'URANIA','355580',4,'0',''),
 (3914,'URU','355590',4,'0',''),
 (3915,'URUPES','355600',4,'0',''),
 (3916,'VALENTIM GENTIL','355610',4,'0',''),
 (3917,'VALINHOS','355620',4,'0',''),
 (3918,'VALPARAISO','355630',4,'0',''),
 (3919,'VARGEM','355635',4,'0',''),
 (3920,'VARGEM GRANDE DO SUL','355640',4,'0',''),
 (3921,'VARGEM GRANDE PAULISTA','355645',4,'0',''),
 (3922,'VARZEA PAULISTA','355650',4,'0',''),
 (3923,'VERA CRUZ','355660',4,'0',''),
 (3924,'VINHEDO','355670',4,'0',''),
 (3925,'VIRADOURO','355680',4,'0',''),
 (3926,'VISTA ALEGRE DO ALTO','355690',4,'0',''),
 (3927,'VITORIA BRASIL','355695',4,'0',''),
 (3928,'VOTORANTIM','355700',4,'0',''),
 (3929,'VOTUPORANGA','355710',4,'0',''),
 (3930,'ZACARIAS','355715',4,'0',''),
 (3931,'CHAVANTES','355720',4,'0',''),
 (3932,'ESTIVA GERBI','355730',4,'0',''),
 (3933,'MUNICIPIO IGNORADO - PR','410000',21,'0',''),
 (3934,'ABATIA','410010',21,'0',''),
 (3935,'ADRIANOPOLIS','410020',21,'0',''),
 (3936,'AGUDOS DO SUL','410030',21,'0',''),
 (3937,'ALMIRANTE TAMANDARE','410040',21,'0',''),
 (3938,'ALTAMIRA DO PARANA','410045',21,'0',''),
 (3939,'ALTONIA','410050',21,'0',''),
 (3940,'ALTO PARANA','410060',21,'0',''),
 (3941,'ALTO PIQUIRI','410070',21,'0',''),
 (3942,'ALVORADA DO SUL','410080',21,'0',''),
 (3943,'AMAPORA','410090',21,'0',''),
 (3944,'AMPERE','410100',21,'0',''),
 (3945,'ANAHY','410105',21,'0',''),
 (3946,'ANDIRA','410110',21,'0',''),
 (3947,'','410115',21,'0',''),
 (3948,'ANTONINA','410120',21,'0',''),
 (3949,'ANTONIO OLINTO','410130',21,'0',''),
 (3950,'APUCARANA','410140',21,'0',''),
 (3951,'ARAPONGAS','410150',21,'0',''),
 (3952,'ARAPOTI','410160',21,'0',''),
 (3953,'ARAPUA','410165',21,'0',''),
 (3954,'ARARUNA','410170',21,'0',''),
 (3955,'ARAUCARIA','410180',21,'0',''),
 (3956,'ARIRANHA DO IVAI','410185',21,'0',''),
 (3957,'ASSAI','410190',21,'0',''),
 (3958,'ASSIS CHATEAUBRIAND','410200',21,'0',''),
 (3959,'ASTORGA','410210',21,'0',''),
 (3960,'ATALAIA','410220',21,'0',''),
 (3961,'BALSA NOVA','410230',21,'0',''),
 (3962,'BANDEIRANTES','410240',21,'0',''),
 (3963,'BARBOSA FERRAZ','410250',21,'0',''),
 (3964,'BARRACAO','410260',21,'0',''),
 (3965,'BARRA DO JACARE','410270',21,'0',''),
 (3966,'BELA VISTA DA CAROBA','410275',21,'0',''),
 (3967,'BELA VISTA DO PARAISO','410280',21,'0',''),
 (3968,'BITURUNA','410290',21,'0',''),
 (3969,'BOA ESPERANCA','410300',21,'0',''),
 (3970,'BOA ESPERANCA DO IGUACU','410302',21,'0',''),
 (3971,'BOA VENTURA DE SAO ROQUE','410304',21,'0',''),
 (3972,'BOA VISTA DA APARECIDA','410305',21,'0',''),
 (3973,'BOCAIUVA DO SUL','410310',21,'0',''),
 (3974,'BOM JESUS DO SUL','410315',21,'0',''),
 (3975,'BOM SUCESSO','410320',21,'0',''),
 (3976,'BOM SUCESSO DO SUL','410322',21,'0',''),
 (3977,'BORRAZOPOLIS','410330',21,'0',''),
 (3978,'BRAGANEY','410335',21,'0',''),
 (3979,'BRASILANDIA DO SUL','410337',21,'0',''),
 (3980,'CAFEARA','410340',21,'0',''),
 (3981,'CAFELANDIA','410345',21,'0',''),
 (3982,'CAFEZAL DO SUL','410347',21,'0',''),
 (3983,'CALIFORNIA','410350',21,'0',''),
 (3984,'CAMBARA','410360',21,'0',''),
 (3985,'CAMBE','410370',21,'0',''),
 (3986,'CAMBIRA','410380',21,'0',''),
 (3987,'CAMPINA DA LAGOA','410390',21,'0',''),
 (3988,'CAMPINA DO SIMAO','410395',21,'0',''),
 (3989,'CAMPINA GRANDE DO SUL','410400',21,'0',''),
 (3990,'CAMPO BONITO','410405',21,'0',''),
 (3991,'CAMPO DO TENENTE','410410',21,'0',''),
 (3992,'CAMPO LARGO','410420',21,'0',''),
 (3993,'CAMPO MAGRO','410425',21,'0',''),
 (3994,'CAMPO MOURAO','410430',21,'0',''),
 (3995,'CANDIDO DE ABREU','410440',21,'0',''),
 (3996,'CANDOI','410442',21,'0',''),
 (3997,'CANTAGALO','410445',21,'0',''),
 (3998,'CAPANEMA','410450',21,'0',''),
 (3999,'CAPITAO LEONIDAS MARQUES','410460',21,'0',''),
 (4000,'CARAMBEI','410465',21,'0',''),
 (4001,'CARLOPOLIS','410470',21,'0',''),
 (4002,'CASCAVEL','410480',21,'0',''),
 (4003,'CASTRO','410490',21,'0',''),
 (4004,'CATANDUVAS','410500',21,'0',''),
 (4005,'CENTENARIO DO SUL','410510',21,'0',''),
 (4006,'CERRO AZUL','410520',21,'0',''),
 (4007,'CEU AZUL','410530',21,'0',''),
 (4008,'CHOPINZINHO','410540',21,'0',''),
 (4009,'CIANORTE','410550',21,'0',''),
 (4010,'CIDADE GAUCHA','410560',21,'0',''),
 (4011,'CLEVELANDIA','410570',21,'0',''),
 (4012,'COLOMBO','410580',21,'0',''),
 (4013,'COLORADO','410590',21,'0',''),
 (4014,'CONGONHINHAS','410600',21,'0',''),
 (4015,'CONSELHEIRO MAIRINCK','410610',21,'0',''),
 (4016,'CONTENDA','410620',21,'0',''),
 (4017,'CORBELIA','410630',21,'0',''),
 (4018,'CORNELIO PROCOPIO','410640',21,'0',''),
 (4019,'CORONEL DOMINGOS SOARES','410645',21,'0',''),
 (4020,'CORONEL VIVIDA','410650',21,'0',''),
 (4021,'CORUMBATAI DO SUL','410655',21,'0',''),
 (4022,'CRUZEIRO DO IGUACU','410657',21,'0',''),
 (4023,'CRUZEIRO DO OESTE','410660',21,'0',''),
 (4024,'CRUZEIRO DO SUL','410670',21,'0',''),
 (4025,'CRUZ MACHADO','410680',21,'0',''),
 (4026,'CRUZMALTINA','410685',21,'0',''),
 (4027,'CURITIBA','410690',21,'0',''),
 (4028,'CURIUVA','410700',21,'0',''),
 (4029,'DIAMANTE DO NORTE','410710',21,'0',''),
 (4030,'DIAMANTE DO SUL','410712',21,'0',''),
 (4031,'DIAMANTE D\'OESTE','410715',21,'0',''),
 (4032,'DOIS VIZINHOS','410720',21,'0',''),
 (4033,'DOURADINA','410725',21,'0',''),
 (4034,'DOUTOR CAMARGO','410730',21,'0',''),
 (4035,'ENEAS MARQUES','410740',21,'0',''),
 (4036,'ENGENHEIRO BELTRAO','410750',21,'0',''),
 (4037,'ESPERANCA NOVA','410752',21,'0',''),
 (4038,'ENTRE RIOS DO OESTE','410753',21,'0',''),
 (4039,'ESPIGAO ALTO DO IGUACU','410754',21,'0',''),
 (4040,'FAROL','410755',21,'0',''),
 (4041,'FAXINAL','410760',21,'0',''),
 (4042,'FAZENDA RIO GRANDE','410765',21,'0',''),
 (4043,'FENIX','410770',21,'0',''),
 (4044,'FERNANDES PINHEIRO','410773',21,'0',''),
 (4045,'FIGUEIRA','410775',21,'0',''),
 (4046,'FLORAI','410780',21,'0',''),
 (4047,'FLOR DA SERRA DO SUL','410785',21,'0',''),
 (4048,'FLORESTA','410790',21,'0',''),
 (4049,'FLORESTOPOLIS','410800',21,'0',''),
 (4050,'FLORIDA','410810',21,'0',''),
 (4051,'FORMOSA DO OESTE','410820',21,'0',''),
 (4052,'FOZ DO IGUACU','410830',21,'0',''),
 (4053,'FRANCISCO ALVES','410832',21,'0',''),
 (4054,'FRANCISCO BELTRAO','410840',21,'0',''),
 (4055,'FOZ DO JORDAO','410845',21,'0',''),
 (4056,'GENERAL CARNEIRO','410850',21,'0',''),
 (4057,'GODOY MOREIRA','410855',21,'0',''),
 (4058,'GOIOERE','410860',21,'0',''),
 (4059,'GOIOXIM','410865',21,'0',''),
 (4060,'GRANDES RIOS','410870',21,'0',''),
 (4061,'GUAIRA','410880',21,'0',''),
 (4062,'GUAIRACA','410890',21,'0',''),
 (4063,'GUAMIRANGA','410895',21,'0',''),
 (4064,'GUAPIRAMA','410900',21,'0',''),
 (4065,'GUAPOREMA','410910',21,'0',''),
 (4066,'GUARACI','410920',21,'0',''),
 (4067,'GUARANIACU','410930',21,'0',''),
 (4068,'GUARAPUAVA','410940',21,'0',''),
 (4069,'GUARAQUECABA','410950',21,'0',''),
 (4070,'GUARATUBA','410960',21,'0',''),
 (4071,'HONORIO SERPA','410965',21,'0',''),
 (4072,'IBAITI','410970',21,'0',''),
 (4073,'IBEMA','410975',21,'0',''),
 (4074,'IBIPORA','410980',21,'0',''),
 (4075,'ICARAIMA','410990',21,'0',''),
 (4076,'IGUARACU','411000',21,'0',''),
 (4077,'IGUATU','411005',21,'0',''),
 (4078,'IMBAU','411007',21,'0',''),
 (4079,'IMBITUVA','411010',21,'0',''),
 (4080,'INACIO MARTINS','411020',21,'0',''),
 (4081,'INAJA','411030',21,'0',''),
 (4082,'INDIANOPOLIS','411040',21,'0',''),
 (4083,'IPIRANGA','411050',21,'0',''),
 (4084,'IPORA','411060',21,'0',''),
 (4085,'IRACEMA DO OESTE','411065',21,'0',''),
 (4086,'IRATI','411070',21,'0',''),
 (4087,'IRETAMA','411080',21,'0',''),
 (4088,'ITAGUAJE','411090',21,'0',''),
 (4089,'ITAIPULANDIA','411095',21,'0',''),
 (4090,'ITAMBARACA','411100',21,'0',''),
 (4091,'ITAMBE','411110',21,'0',''),
 (4092,'ITAPEJARA D\'OESTE','411120',21,'0',''),
 (4093,'ITAPERUCU','411125',21,'0',''),
 (4094,'ITAUNA DO SUL','411130',21,'0',''),
 (4095,'IVAI','411140',21,'0',''),
 (4096,'IVAIPORA','411150',21,'0',''),
 (4097,'IVATE','411155',21,'0',''),
 (4098,'IVATUBA','411160',21,'0',''),
 (4099,'JABOTI','411170',21,'0',''),
 (4100,'JACAREZINHO','411180',21,'0',''),
 (4101,'JAGUAPITA','411190',21,'0',''),
 (4102,'JAGUARIAIVA','411200',21,'0',''),
 (4103,'JANDAIA DO SUL','411210',21,'0',''),
 (4104,'JANIOPOLIS','411220',21,'0',''),
 (4105,'JAPIRA','411230',21,'0',''),
 (4106,'JAPURA','411240',21,'0',''),
 (4107,'JARDIM ALEGRE','411250',21,'0',''),
 (4108,'JARDIM OLINDA','411260',21,'0',''),
 (4109,'JATAIZINHO','411270',21,'0',''),
 (4110,'JESUITAS','411275',21,'0',''),
 (4111,'JOAQUIM TAVORA','411280',21,'0',''),
 (4112,'JUNDIAI DO SUL','411290',21,'0',''),
 (4113,'JURANDA','411295',21,'0',''),
 (4114,'JUSSARA','411300',21,'0',''),
 (4115,'KALORE','411310',21,'0',''),
 (4116,'LAPA','411320',21,'0',''),
 (4117,'LARANJAL','411325',21,'0',''),
 (4118,'LARANJEIRAS DO SUL','411330',21,'0',''),
 (4119,'LEOPOLIS','411340',21,'0',''),
 (4120,'LIDIANOPOLIS','411342',21,'0',''),
 (4121,'LINDOESTE','411345',21,'0',''),
 (4122,'LOANDA','411350',21,'0',''),
 (4123,'LOBATO','411360',21,'0',''),
 (4124,'LONDRINA','411370',21,'0',''),
 (4125,'LUIZIANA','411373',21,'0',''),
 (4126,'LUNARDELLI','411375',21,'0',''),
 (4127,'LUPIONOPOLIS','411380',21,'0',''),
 (4128,'MALLET','411390',21,'0',''),
 (4129,'MAMBORE','411400',21,'0',''),
 (4130,'MANDAGUACU','411410',21,'0',''),
 (4131,'MANDAGUARI','411420',21,'0',''),
 (4132,'MANDIRITUBA','411430',21,'0',''),
 (4133,'MANFRINOPOLIS','411435',21,'0',''),
 (4134,'MANGUEIRINHA','411440',21,'0',''),
 (4135,'MANOEL RIBAS','411450',21,'0',''),
 (4136,'MARECHAL CANDIDO RONDON','411460',21,'0',''),
 (4137,'MARIA HELENA','411470',21,'0',''),
 (4138,'MARIALVA','411480',21,'0',''),
 (4139,'MARILANDIA DO SUL','411490',21,'0',''),
 (4140,'MARILENA','411500',21,'0',''),
 (4141,'MARILUZ','411510',21,'0',''),
 (4142,'MARINGA','411520',21,'0',''),
 (4143,'MARIOPOLIS','411530',21,'0',''),
 (4144,'MARIPA','411535',21,'0',''),
 (4145,'MARMELEIRO','411540',21,'0',''),
 (4146,'MARQUINHO','411545',21,'0',''),
 (4147,'MARUMBI','411550',21,'0',''),
 (4148,'MATELANDIA','411560',21,'0',''),
 (4149,'MATINHOS','411570',21,'0',''),
 (4150,'MATO RICO','411573',21,'0',''),
 (4151,'MAUA DA SERRA','411575',21,'0',''),
 (4152,'MEDIANEIRA','411580',21,'0',''),
 (4153,'MERCEDES','411585',21,'0',''),
 (4154,'MIRADOR','411590',21,'0',''),
 (4155,'MIRASELVA','411600',21,'0',''),
 (4156,'MISSAL','411605',21,'0',''),
 (4157,'MOREIRA SALES','411610',21,'0',''),
 (4158,'MORRETES','411620',21,'0',''),
 (4159,'MUNHOZ DE MELO','411630',21,'0',''),
 (4160,'NOSSA SENHORA DAS GRACAS','411640',21,'0',''),
 (4161,'NOVA ALIANCA DO IVAI','411650',21,'0',''),
 (4162,'NOVA AMERICA DA COLINA','411660',21,'0',''),
 (4163,'NOVA AURORA','411670',21,'0',''),
 (4164,'NOVA CANTU','411680',21,'0',''),
 (4165,'NOVA ESPERANCA','411690',21,'0',''),
 (4166,'NOVA ESPERANCA DO SUDOESTE','411695',21,'0',''),
 (4167,'NOVA FATIMA','411700',21,'0',''),
 (4168,'NOVA LARANJEIRAS','411705',21,'0',''),
 (4169,'NOVA LONDRINA','411710',21,'0',''),
 (4170,'NOVA OLIMPIA','411720',21,'0',''),
 (4171,'NOVA SANTA BARBARA','411721',21,'0',''),
 (4172,'NOVA SANTA ROSA','411722',21,'0',''),
 (4173,'NOVA PRATA DO IGUACU','411725',21,'0',''),
 (4174,'NOVA TEBAS','411727',21,'0',''),
 (4175,'NOVO ITACOLOMI','411729',21,'0',''),
 (4176,'ORTIGUEIRA','411730',21,'0',''),
 (4177,'OURIZONA','411740',21,'0',''),
 (4178,'OURO VERDE DO OESTE','411745',21,'0',''),
 (4179,'PAICANDU','411750',21,'0',''),
 (4180,'PALMAS','411760',21,'0',''),
 (4181,'PALMEIRA','411770',21,'0',''),
 (4182,'PALMITAL','411780',21,'0',''),
 (4183,'PALOTINA','411790',21,'0',''),
 (4184,'PARAISO DO NORTE','411800',21,'0',''),
 (4185,'PARANACITY','411810',21,'0',''),
 (4186,'PARANAGUA','411820',21,'0',''),
 (4187,'PARANAPOEMA','411830',21,'0',''),
 (4188,'PARANAVAI','411840',21,'0',''),
 (4189,'PATO BRAGADO','411845',21,'0',''),
 (4190,'PATO BRANCO','411850',21,'0',''),
 (4191,'PAULA FREITAS','411860',21,'0',''),
 (4192,'PAULO FRONTIN','411870',21,'0',''),
 (4193,'PEABIRU','411880',21,'0',''),
 (4194,'PEROBAL','411885',21,'0',''),
 (4195,'PEROLA','411890',21,'0',''),
 (4196,'PEROLA D\'OESTE','411900',21,'0',''),
 (4197,'PIEN','411910',21,'0',''),
 (4198,'PINHAIS','411915',21,'0',''),
 (4199,'PINHALAO','411920',21,'0',''),
 (4200,'PINHAL DE SAO BENTO','411925',21,'0',''),
 (4201,'PINHAO','411930',21,'0',''),
 (4202,'PIRAI DO SUL','411940',21,'0',''),
 (4203,'PIRAQUARA','411950',21,'0',''),
 (4204,'PITANGA','411960',21,'0',''),
 (4205,'PITANGUEIRAS','411965',21,'0',''),
 (4206,'PLANALTINA DO PARANA','411970',21,'0',''),
 (4207,'PLANALTO','411980',21,'0',''),
 (4208,'PONTA GROSSA','411990',21,'0',''),
 (4209,'PONTAL DO PARANA','411995',21,'0',''),
 (4210,'PORECATU','412000',21,'0',''),
 (4211,'PORTO AMAZONAS','412010',21,'0',''),
 (4212,'PORTO BARREIRO','412015',21,'0',''),
 (4213,'PORTO RICO','412020',21,'0',''),
 (4214,'PORTO VITORIA','412030',21,'0',''),
 (4215,'PRADO FERREIRA','412033',21,'0',''),
 (4216,'PRANCHITA','412035',21,'0',''),
 (4217,'PRESIDENTE CASTELO BRANCO','412040',21,'0',''),
 (4218,'PRIMEIRO DE MAIO','412050',21,'0',''),
 (4219,'PRUDENTOPOLIS','412060',21,'0',''),
 (4220,'QUARTO CENTENARIO','412065',21,'0',''),
 (4221,'QUATIGUA','412070',21,'0',''),
 (4222,'QUATRO BARRAS','412080',21,'0',''),
 (4223,'QUATRO PONTES','412085',21,'0',''),
 (4224,'QUEDAS DO IGUACU','412090',21,'0',''),
 (4225,'QUERENCIA DO NORTE','412100',21,'0',''),
 (4226,'QUINTA DO SOL','412110',21,'0',''),
 (4227,'QUITANDINHA','412120',21,'0',''),
 (4228,'RAMILANDIA','412125',21,'0',''),
 (4229,'RANCHO ALEGRE','412130',21,'0',''),
 (4230,'RANCHO ALEGRE D\'OESTE','412135',21,'0',''),
 (4231,'REALEZA','412140',21,'0',''),
 (4232,'REBOUCAS','412150',21,'0',''),
 (4233,'RENASCENCA','412160',21,'0',''),
 (4234,'RESERVA','412170',21,'0',''),
 (4235,'RESERVA DO IGUACU','412175',21,'0',''),
 (4236,'RIBEIRAO CLARO','412180',21,'0',''),
 (4237,'RIBEIRAO DO PINHAL','412190',21,'0',''),
 (4238,'RIO AZUL','412200',21,'0',''),
 (4239,'RIO BOM','412210',21,'0',''),
 (4240,'RIO BONITO DO IGUACU','412215',21,'0',''),
 (4241,'RIO BRANCO DO IVAI','412217',21,'0',''),
 (4242,'RIO BRANCO DO SUL','412220',21,'0',''),
 (4243,'RIO NEGRO','412230',21,'0',''),
 (4244,'ROLANDIA','412240',21,'0',''),
 (4245,'RONCADOR','412250',21,'0',''),
 (4246,'RONDON','412260',21,'0',''),
 (4247,'ROSARIO DO IVAI','412265',21,'0',''),
 (4248,'SABAUDIA','412270',21,'0',''),
 (4249,'SALGADO FILHO','412280',21,'0',''),
 (4250,'SALTO DO ITARARE','412290',21,'0',''),
 (4251,'SALTO DO LONTRA','412300',21,'0',''),
 (4252,'SANTA AMELIA','412310',21,'0',''),
 (4253,'SANTA CECILIA DO PAVAO','412320',21,'0',''),
 (4254,'SANTA CRUZ DE MONTE CASTELO','412330',21,'0',''),
 (4255,'SANTA FE','412340',21,'0',''),
 (4256,'SANTA HELENA','412350',21,'0',''),
 (4257,'SANTA INES','412360',21,'0',''),
 (4258,'SANTA ISABEL DO IVAI','412370',21,'0',''),
 (4259,'SANTA IZABEL DO OESTE','412380',21,'0',''),
 (4260,'SANTA LUCIA','412382',21,'0',''),
 (4261,'SANTA MARIA DO OESTE','412385',21,'0',''),
 (4262,'SANTA MARIANA','412390',21,'0',''),
 (4263,'SANTA MONICA','412395',21,'0',''),
 (4264,'SANTANA DO ITARARE','412400',21,'0',''),
 (4265,'SANTA TEREZA DO OESTE','412402',21,'0',''),
 (4266,'SANTA TEREZINHA DE ITAIPU','412405',21,'0',''),
 (4267,'SANTO ANTONIO DA PLATINA','412410',21,'0',''),
 (4268,'SANTO ANTONIO DO CAIUA','412420',21,'0',''),
 (4269,'SANTO ANTONIO DO PARAISO','412430',21,'0',''),
 (4270,'SANTO ANTONIO DO SUDOESTE','412440',21,'0',''),
 (4271,'SANTO INACIO','412450',21,'0',''),
 (4272,'SAO CARLOS DO IVAI','412460',21,'0',''),
 (4273,'SAO JERONIMO DA SERRA','412470',21,'0',''),
 (4274,'SAO JOAO','412480',21,'0',''),
 (4275,'SAO JOAO DO CAIUA','412490',21,'0',''),
 (4276,'SAO JOAO DO IVAI','412500',21,'0',''),
 (4277,'SAO JOAO DO TRIUNFO','412510',21,'0',''),
 (4278,'SAO JORGE D\'OESTE','412520',21,'0',''),
 (4279,'SAO JORGE DO IVAI','412530',21,'0',''),
 (4280,'SAO JORGE DO PATROCINIO','412535',21,'0',''),
 (4281,'SAO JOSE DA BOA VISTA','412540',21,'0',''),
 (4282,'SAO JOSE DAS PALMEIRAS','412545',21,'0',''),
 (4283,'SAO JOSE DOS PINHAIS','412550',21,'0',''),
 (4284,'SAO MANOEL DO PARANA','412555',21,'0',''),
 (4285,'SAO MATEUS DO SUL','412560',21,'0',''),
 (4286,'SAO MIGUEL DO IGUACU','412570',21,'0',''),
 (4287,'SAO PEDRO DO IGUACU','412575',21,'0',''),
 (4288,'SAO PEDRO DO IVAI','412580',21,'0',''),
 (4289,'SAO PEDRO DO PARANA','412590',21,'0',''),
 (4290,'SAO SEBASTIAO DA AMOREIRA','412600',21,'0',''),
 (4291,'SAO TOME','412610',21,'0',''),
 (4292,'SAPOPEMA','412620',21,'0',''),
 (4293,'SARANDI','412625',21,'0',''),
 (4294,'SAUDADE DO IGUACU','412627',21,'0',''),
 (4295,'SENGES','412630',21,'0',''),
 (4296,'SERRANOPOLIS DO IGUACU','412635',21,'0',''),
 (4297,'SERTANEJA','412640',21,'0',''),
 (4298,'SERTANOPOLIS','412650',21,'0',''),
 (4299,'SIQUEIRA CAMPOS','412660',21,'0',''),
 (4300,'SULINA','412665',21,'0',''),
 (4301,'TAMARANA','412667',21,'0',''),
 (4302,'TAMBOARA','412670',21,'0',''),
 (4303,'TAPEJARA','412680',21,'0',''),
 (4304,'TAPIRA','412690',21,'0',''),
 (4305,'TEIXEIRA SOARES','412700',21,'0',''),
 (4306,'TELEMACO BORBA','412710',21,'0',''),
 (4307,'TERRA BOA','412720',21,'0',''),
 (4308,'TERRA RICA','412730',21,'0',''),
 (4309,'TERRA ROXA','412740',21,'0',''),
 (4310,'TIBAGI','412750',21,'0',''),
 (4311,'TIJUCAS DO SUL','412760',21,'0',''),
 (4312,'TOLEDO','412770',21,'0',''),
 (4313,'TOMAZINA','412780',21,'0',''),
 (4314,'TRES BARRAS DO PARANA','412785',21,'0',''),
 (4315,'TUNAS DO PARANA','412788',21,'0',''),
 (4316,'TUNEIRAS DO OESTE','412790',21,'0',''),
 (4317,'TUPASSI','412795',21,'0',''),
 (4318,'TURVO','412796',21,'0',''),
 (4319,'UBIRATA','412800',21,'0',''),
 (4320,'UMUARAMA','412810',21,'0',''),
 (4321,'UNIAO DA VITORIA','412820',21,'0',''),
 (4322,'UNIFLOR','412830',21,'0',''),
 (4323,'URAI','412840',21,'0',''),
 (4324,'WENCESLAU BRAZ','412850',21,'0',''),
 (4325,'VENTANIA','412853',21,'0',''),
 (4326,'VERA CRUZ DO OESTE','412855',21,'0',''),
 (4327,'VERE','412860',21,'0',''),
 (4328,'ALTO PARAISO','412862',21,'0',''),
 (4329,'DOUTOR ULYSSES','412863',21,'0',''),
 (4330,'VIRMOND','412865',21,'0',''),
 (4331,'VITORINO','412870',21,'0',''),
 (4332,'XAMBRE','412880',21,'0',''),
 (4333,'MUNICIPIO IGNORADO - SC','420000',22,'0',''),
 (4334,'ABDON BATISTA','420005',22,'0',''),
 (4335,'ABELARDO LUZ','420010',22,'0',''),
 (4336,'AGROLANDIA','420020',22,'0',''),
 (4337,'AGRONOMICA','420030',22,'0',''),
 (4338,'AGUA DOCE','420040',22,'0',''),
 (4339,'AGUAS DE CHAPECO','420050',22,'0',''),
 (4340,'AGUAS FRIAS','420055',22,'0',''),
 (4341,'AGUAS MORNAS','420060',22,'0',''),
 (4342,'ALFREDO WAGNER','420070',22,'0',''),
 (4343,'ALTO BELA VISTA','420075',22,'0',''),
 (4344,'ANCHIETA','420080',22,'0',''),
 (4345,'ANGELINA','420090',22,'0',''),
 (4346,'ANITA GARIBALDI','420100',22,'0',''),
 (4347,'ANITAPOLIS','420110',22,'0',''),
 (4348,'ANTONIO CARLOS','420120',22,'0',''),
 (4349,'APIUNA','420125',22,'0',''),
 (4350,'ARABUTA','420127',22,'0',''),
 (4351,'ARAQUARI','420130',22,'0',''),
 (4352,'ARARANGUA','420140',22,'0',''),
 (4353,'ARMAZEM','420150',22,'0',''),
 (4354,'ARROIO TRINTA','420160',22,'0',''),
 (4355,'ARVOREDO','420165',22,'0',''),
 (4356,'ASCURRA','420170',22,'0',''),
 (4357,'ATALANTA','420180',22,'0',''),
 (4358,'AURORA','420190',22,'0',''),
 (4359,'BALNEARIO ARROIO DO SILVA','420195',22,'0',''),
 (4360,'BALNEARIO CAMBORIU','420200',22,'0',''),
 (4361,'BALNEARIO BARRA DO SUL','420205',22,'0',''),
 (4362,'BALNEARIO GAIVOTA','420207',22,'0',''),
 (4363,'BANDEIRANTE','420208',22,'0',''),
 (4364,'BARRA BONITA','420209',22,'0',''),
 (4365,'BARRA VELHA','420210',22,'0',''),
 (4366,'BELA VISTA DO TOLDO','420213',22,'0',''),
 (4367,'BELMONTE','420215',22,'0',''),
 (4368,'BENEDITO NOVO','420220',22,'0',''),
 (4369,'BIGUACU','420230',22,'0',''),
 (4370,'BLUMENAU','420240',22,'0',''),
 (4371,'BOCAINA DO SUL','420243',22,'0',''),
 (4372,'BOMBINHAS','420245',22,'0',''),
 (4373,'BOM JARDIM DA SERRA','420250',22,'0',''),
 (4374,'BOM JESUS','420253',22,'0',''),
 (4375,'BOM JESUS DO OESTE','420257',22,'0',''),
 (4376,'BOM RETIRO','420260',22,'0',''),
 (4377,'BOTUVERA','420270',22,'0',''),
 (4378,'BRACO DO NORTE','420280',22,'0',''),
 (4379,'BRACO DO TROMBUDO','420285',22,'0',''),
 (4380,'BRUNOPOLIS','420287',22,'0',''),
 (4381,'BRUSQUE','420290',22,'0',''),
 (4382,'CACADOR','420300',22,'0',''),
 (4383,'CAIBI','420310',22,'0',''),
 (4384,'CALMON','420315',22,'0',''),
 (4385,'CAMBORIU','420320',22,'0',''),
 (4386,'CAPAO ALTO','420325',22,'0',''),
 (4387,'CAMPO ALEGRE','420330',22,'0',''),
 (4388,'CAMPO BELO DO SUL','420340',22,'0',''),
 (4389,'CAMPO ERE','420350',22,'0',''),
 (4390,'CAMPOS NOVOS','420360',22,'0',''),
 (4391,'CANELINHA','420370',22,'0',''),
 (4392,'CANOINHAS','420380',22,'0',''),
 (4393,'CAPINZAL','420390',22,'0',''),
 (4394,'CAPIVARI DE BAIXO','420395',22,'0',''),
 (4395,'CATANDUVAS','420400',22,'0',''),
 (4396,'CAXAMBU DO SUL','420410',22,'0',''),
 (4397,'CELSO RAMOS','420415',22,'0',''),
 (4398,'CERRO NEGRO','420417',22,'0',''),
 (4399,'CHAPADAO DO LAGEADO','420419',22,'0',''),
 (4400,'CHAPECO','420420',22,'0',''),
 (4401,'COCAL DO SUL','420425',22,'0',''),
 (4402,'CONCORDIA','420430',22,'0',''),
 (4403,'CORDILHEIRA ALTA','420435',22,'0',''),
 (4404,'CORONEL FREITAS','420440',22,'0',''),
 (4405,'CORONEL MARTINS','420445',22,'0',''),
 (4406,'CORUPA','420450',22,'0',''),
 (4407,'CORREIA PINTO','420455',22,'0',''),
 (4408,'CRICIUMA','420460',22,'0',''),
 (4409,'CUNHA PORA','420470',22,'0',''),
 (4410,'CUNHATAI','420475',22,'0',''),
 (4411,'CURITIBANOS','420480',22,'0',''),
 (4412,'DESCANSO','420490',22,'0',''),
 (4413,'DIONISIO CERQUEIRA','420500',22,'0',''),
 (4414,'DONA EMMA','420510',22,'0',''),
 (4415,'DOUTOR PEDRINHO','420515',22,'0',''),
 (4416,'ENTRE RIOS','420517',22,'0',''),
 (4417,'ERMO','420519',22,'0',''),
 (4418,'ERVAL VELHO','420520',22,'0',''),
 (4419,'FAXINAL DOS GUEDES','420530',22,'0',''),
 (4420,'FLOR DO SERTAO','420535',22,'0',''),
 (4421,'FLORIANOPOLIS','420540',22,'0',''),
 (4422,'FORMOSA DO SUL','420543',22,'0',''),
 (4423,'FORQUILHINHA','420545',22,'0',''),
 (4424,'FRAIBURGO','420550',22,'0',''),
 (4425,'FREI ROGERIO','420555',22,'0',''),
 (4426,'GALVAO','420560',22,'0',''),
 (4427,'GAROPABA','420570',22,'0',''),
 (4428,'GARUVA','420580',22,'0',''),
 (4429,'GASPAR','420590',22,'0',''),
 (4430,'GOVERNADOR CELSO RAMOS','420600',22,'0',''),
 (4431,'GRAO PARA','420610',22,'0',''),
 (4432,'GRAVATAL','420620',22,'0',''),
 (4433,'GUABIRUBA','420630',22,'0',''),
 (4434,'GUARACIABA','420640',22,'0',''),
 (4435,'GUARAMIRIM','420650',22,'0',''),
 (4436,'GUARUJA DO SUL','420660',22,'0',''),
 (4437,'GUATAMBU','420665',22,'0',''),
 (4438,'HERVAL D\'OESTE','420670',22,'0',''),
 (4439,'IBIAM','420675',22,'0',''),
 (4440,'IBICARE','420680',22,'0',''),
 (4441,'IBIRAMA','420690',22,'0',''),
 (4442,'ICARA','420700',22,'0',''),
 (4443,'ILHOTA','420710',22,'0',''),
 (4444,'IMARUI','420720',22,'0',''),
 (4445,'IMBITUBA','420730',22,'0',''),
 (4446,'IMBUIA','420740',22,'0',''),
 (4447,'INDAIAL','420750',22,'0',''),
 (4448,'IOMERE','420757',22,'0',''),
 (4449,'IPIRA','420760',22,'0',''),
 (4450,'IPORA DO OESTE','420765',22,'0',''),
 (4451,'IPUACU','420768',22,'0',''),
 (4452,'IPUMIRIM','420770',22,'0',''),
 (4453,'IRACEMINHA','420775',22,'0',''),
 (4454,'IRANI','420780',22,'0',''),
 (4455,'IRATI','420785',22,'0',''),
 (4456,'IRINEOPOLIS','420790',22,'0',''),
 (4457,'ITA','420800',22,'0',''),
 (4458,'ITAIOPOLIS','420810',22,'0',''),
 (4459,'ITAJAI','420820',22,'0',''),
 (4460,'ITAPEMA','420830',22,'0',''),
 (4461,'ITAPIRANGA','420840',22,'0',''),
 (4462,'ITAPOA','420845',22,'0',''),
 (4463,'ITUPORANGA','420850',22,'0',''),
 (4464,'JABORA','420860',22,'0',''),
 (4465,'JACINTO MACHADO','420870',22,'0',''),
 (4466,'JAGUARUNA','420880',22,'0',''),
 (4467,'JARAGUA DO SUL','420890',22,'0',''),
 (4468,'JARDINOPOLIS','420895',22,'0',''),
 (4469,'JOACABA','420900',22,'0',''),
 (4470,'JOINVILLE','420910',22,'0',''),
 (4471,'JOSE BOITEUX','420915',22,'0',''),
 (4472,'JUPIA','420917',22,'0',''),
 (4473,'LACERDOPOLIS','420920',22,'0',''),
 (4474,'LAGES','420930',22,'0',''),
 (4475,'LAGUNA','420940',22,'0',''),
 (4476,'LAJEADO GRANDE','420945',22,'0',''),
 (4477,'LAURENTINO','420950',22,'0',''),
 (4478,'LAURO MULLER','420960',22,'0',''),
 (4479,'LEBON REGIS','420970',22,'0',''),
 (4480,'LEOBERTO LEAL','420980',22,'0',''),
 (4481,'LINDOIA DO SUL','420985',22,'0',''),
 (4482,'LONTRAS','420990',22,'0',''),
 (4483,'LUIZ ALVES','421000',22,'0',''),
 (4484,'LUZERNA','421003',22,'0',''),
 (4485,'MACIEIRA','421005',22,'0',''),
 (4486,'MAFRA','421010',22,'0',''),
 (4487,'MAJOR GERCINO','421020',22,'0',''),
 (4488,'MAJOR VIEIRA','421030',22,'0',''),
 (4489,'MARACAJA','421040',22,'0',''),
 (4490,'MARAVILHA','421050',22,'0',''),
 (4491,'MAREMA','421055',22,'0',''),
 (4492,'MASSARANDUBA','421060',22,'0',''),
 (4493,'MATOS COSTA','421070',22,'0',''),
 (4494,'MELEIRO','421080',22,'0',''),
 (4495,'MIRIM DOCE','421085',22,'0',''),
 (4496,'MODELO','421090',22,'0',''),
 (4497,'MONDAI','421100',22,'0',''),
 (4498,'MONTE CARLO','421105',22,'0',''),
 (4499,'MONTE CASTELO','421110',22,'0',''),
 (4500,'MORRO DA FUMACA','421120',22,'0',''),
 (4501,'MORRO GRANDE','421125',22,'0',''),
 (4502,'NAVEGANTES','421130',22,'0',''),
 (4503,'NOVA ERECHIM','421140',22,'0',''),
 (4504,'NOVA ITABERABA','421145',22,'0',''),
 (4505,'NOVA TRENTO','421150',22,'0',''),
 (4506,'NOVA VENEZA','421160',22,'0',''),
 (4507,'NOVO HORIZONTE','421165',22,'0',''),
 (4508,'ORLEANS','421170',22,'0',''),
 (4509,'OTACILIO COSTA','421175',22,'0',''),
 (4510,'OURO','421180',22,'0',''),
 (4511,'OURO VERDE','421185',22,'0',''),
 (4512,'PAIAL','421187',22,'0',''),
 (4513,'PAINEL','421189',22,'0',''),
 (4514,'PALHOCA','421190',22,'0',''),
 (4515,'PALMA SOLA','421200',22,'0',''),
 (4516,'PALMEIRA','421205',22,'0',''),
 (4517,'PALMITOS','421210',22,'0',''),
 (4518,'PAPANDUVA','421220',22,'0',''),
 (4519,'PARAISO','421223',22,'0',''),
 (4520,'PASSO DE TORRES','421225',22,'0',''),
 (4521,'PASSOS MAIA','421227',22,'0',''),
 (4522,'PAULO LOPES','421230',22,'0',''),
 (4523,'PEDRAS GRANDES','421240',22,'0',''),
 (4524,'PENHA','421250',22,'0',''),
 (4525,'PERITIBA','421260',22,'0',''),
 (4526,'PETROLANDIA','421270',22,'0',''),
 (4527,'BALNEARIO PICARRAS','421280',22,'0',''),
 (4528,'PINHALZINHO','421290',22,'0',''),
 (4529,'PINHEIRO PRETO','421300',22,'0',''),
 (4530,'PIRATUBA','421310',22,'0',''),
 (4531,'PLANALTO ALEGRE','421315',22,'0',''),
 (4532,'POMERODE','421320',22,'0',''),
 (4533,'PONTE ALTA','421330',22,'0',''),
 (4534,'PONTE ALTA DO NORTE','421335',22,'0',''),
 (4535,'PONTE SERRADA','421340',22,'0',''),
 (4536,'PORTO BELO','421350',22,'0',''),
 (4537,'PORTO UNIAO','421360',22,'0',''),
 (4538,'POUSO REDONDO','421370',22,'0',''),
 (4539,'PRAIA GRANDE','421380',22,'0',''),
 (4540,'PRESIDENTE CASTELLO BRANCO','421390',22,'0',''),
 (4541,'PRESIDENTE GETULIO','421400',22,'0',''),
 (4542,'PRESIDENTE NEREU','421410',22,'0',''),
 (4543,'PRINCESA','421415',22,'0',''),
 (4544,'QUILOMBO','421420',22,'0',''),
 (4545,'RANCHO QUEIMADO','421430',22,'0',''),
 (4546,'RIO DAS ANTAS','421440',22,'0',''),
 (4547,'RIO DO CAMPO','421450',22,'0',''),
 (4548,'RIO DO OESTE','421460',22,'0',''),
 (4549,'RIO DOS CEDROS','421470',22,'0',''),
 (4550,'RIO DO SUL','421480',22,'0','');
INSERT INTO `cidades` (`id`,`cidade_nome`,`cidade_codigo_ibge`,`cidade_id_estado`,`cidade_id_regional`,`cidade_codigo_estado_ibge`) VALUES 
 (4551,'RIO FORTUNA','421490',22,'0',''),
 (4552,'RIO NEGRINHO','421500',22,'0',''),
 (4553,'RIO RUFINO','421505',22,'0',''),
 (4554,'RIQUEZA','421507',22,'0',''),
 (4555,'RODEIO','421510',22,'0',''),
 (4556,'ROMELANDIA','421520',22,'0',''),
 (4557,'SALETE','421530',22,'0',''),
 (4558,'SALTINHO','421535',22,'0',''),
 (4559,'SALTO VELOSO','421540',22,'0',''),
 (4560,'SANGAO','421545',22,'0',''),
 (4561,'SANTA CECILIA','421550',22,'0',''),
 (4562,'SANTA HELENA','421555',22,'0',''),
 (4563,'SANTA ROSA DE LIMA','421560',22,'0',''),
 (4564,'SANTA ROSA DO SUL','421565',22,'0',''),
 (4565,'SANTA TEREZINHA','421567',22,'0',''),
 (4566,'SANTA TEREZINHA DO PROGRESSO','421568',22,'0',''),
 (4567,'SANTIAGO DO SUL','421569',22,'0',''),
 (4568,'SANTO AMARO DA IMPERATRIZ','421570',22,'0',''),
 (4569,'SAO BERNARDINO','421575',22,'0',''),
 (4570,'SAO BENTO DO SUL','421580',22,'0',''),
 (4571,'SAO BONIFACIO','421590',22,'0',''),
 (4572,'SAO CARLOS','421600',22,'0',''),
 (4573,'SAO CRISTOVAO DO SUL','421605',22,'0',''),
 (4574,'SAO DOMINGOS','421610',22,'0',''),
 (4575,'SAO FRANCISCO DO SUL','421620',22,'0',''),
 (4576,'SAO JOAO DO OESTE','421625',22,'0',''),
 (4577,'SAO JOAO BATISTA','421630',22,'0',''),
 (4578,'SAO JOAO DO ITAPERIU','421635',22,'0',''),
 (4579,'SAO JOAO DO SUL','421640',22,'0',''),
 (4580,'SAO JOAQUIM','421650',22,'0',''),
 (4581,'SAO JOSE','421660',22,'0',''),
 (4582,'SAO JOSE DO CEDRO','421670',22,'0',''),
 (4583,'SAO JOSE DO CERRITO','421680',22,'0',''),
 (4584,'SAO LOURENCO DO OESTE','421690',22,'0',''),
 (4585,'SAO LUDGERO','421700',22,'0',''),
 (4586,'SAO MARTINHO','421710',22,'0',''),
 (4587,'SAO MIGUEL DA BOA VISTA','421715',22,'0',''),
 (4588,'SAO MIGUEL DO OESTE','421720',22,'0',''),
 (4589,'SAO PEDRO DE ALCANTARA','421725',22,'0',''),
 (4590,'SAUDADES','421730',22,'0',''),
 (4591,'SCHROEDER','421740',22,'0',''),
 (4592,'SEARA','421750',22,'0',''),
 (4593,'SERRA ALTA','421755',22,'0',''),
 (4594,'SIDEROPOLIS','421760',22,'0',''),
 (4595,'SOMBRIO','421770',22,'0',''),
 (4596,'SUL BRASIL','421775',22,'0',''),
 (4597,'TAIO','421780',22,'0',''),
 (4598,'TANGARA','421790',22,'0',''),
 (4599,'TIGRINHOS','421795',22,'0',''),
 (4600,'TIJUCAS','421800',22,'0',''),
 (4601,'TIMBE DO SUL','421810',22,'0',''),
 (4602,'TIMBO','421820',22,'0',''),
 (4603,'TIMBO GRANDE','421825',22,'0',''),
 (4604,'TRES BARRAS','421830',22,'0',''),
 (4605,'TREVISO','421835',22,'0',''),
 (4606,'TREZE DE MAIO','421840',22,'0',''),
 (4607,'TREZE TILIAS','421850',22,'0',''),
 (4608,'TROMBUDO CENTRAL','421860',22,'0',''),
 (4609,'TUBARAO','421870',22,'0',''),
 (4610,'TUNAPOLIS','421875',22,'0',''),
 (4611,'TURVO','421880',22,'0',''),
 (4612,'UNIAO DO OESTE','421885',22,'0',''),
 (4613,'URUBICI','421890',22,'0',''),
 (4614,'URUPEMA','421895',22,'0',''),
 (4615,'URUSSANGA','421900',22,'0',''),
 (4616,'VARGEAO','421910',22,'0',''),
 (4617,'VARGEM','421915',22,'0',''),
 (4618,'VARGEM BONITA','421917',22,'0',''),
 (4619,'VIDAL RAMOS','421920',22,'0',''),
 (4620,'VIDEIRA','421930',22,'0',''),
 (4621,'VITOR MEIRELES','421935',22,'0',''),
 (4622,'WITMARSUM','421940',22,'0',''),
 (4623,'XANXERE','421950',22,'0',''),
 (4624,'XAVANTINA','421960',22,'0',''),
 (4625,'XAXIM','421970',22,'0',''),
 (4626,'ZORTEA','421985',22,'0',''),
 (4627,'MUNICIPIO IGNORADO - RS','430000',23,'0',''),
 (4628,'ACEGUA','430003',23,'0',''),
 (4629,'AGUA SANTA','430005',23,'0',''),
 (4630,'AGUDO','430010',23,'0',''),
 (4631,'AJURICABA','430020',23,'0',''),
 (4632,'ALECRIM','430030',23,'0',''),
 (4633,'ALEGRETE','430040',23,'0',''),
 (4634,'ALEGRIA','430045',23,'0',''),
 (4635,'ALMIRANTE TAMANDARE DO SUL','430047',23,'0',''),
 (4636,'ALPESTRE','430050',23,'0',''),
 (4637,'ALTO ALEGRE','430055',23,'0',''),
 (4638,'ALTO FELIZ','430057',23,'0',''),
 (4639,'ALVORADA','430060',23,'0',''),
 (4640,'AMARAL FERRADOR','430063',23,'0',''),
 (4641,'AMETISTA DO SUL','430064',23,'0',''),
 (4642,'ANDRE DA ROCHA','430066',23,'0',''),
 (4643,'ANTA GORDA','430070',23,'0',''),
 (4644,'ANTONIO PRADO','430080',23,'0',''),
 (4645,'ARAMBARE','430085',23,'0',''),
 (4646,'ARARICA','430087',23,'0',''),
 (4647,'ARATIBA','430090',23,'0',''),
 (4648,'ARROIO DO MEIO','430100',23,'0',''),
 (4649,'ARROIO DO SAL','430105',23,'0',''),
 (4650,'ARROIO DO PADRE','430107',23,'0',''),
 (4651,'ARROIO DOS RATOS','430110',23,'0',''),
 (4652,'ARROIO DO TIGRE','430120',23,'0',''),
 (4653,'ARROIO GRANDE','430130',23,'0',''),
 (4654,'ARVOREZINHA','430140',23,'0',''),
 (4655,'AUGUSTO PESTANA','430150',23,'0',''),
 (4656,'AUREA','430155',23,'0',''),
 (4657,'BAGE','430160',23,'0',''),
 (4658,'BALNEARIO PINHAL','430163',23,'0',''),
 (4659,'BARAO','430165',23,'0',''),
 (4660,'BARAO DE COTEGIPE','430170',23,'0',''),
 (4661,'BARAO DO TRIUNFO','430175',23,'0',''),
 (4662,'BARRACAO','430180',23,'0',''),
 (4663,'BARRA DO GUARITA','430185',23,'0',''),
 (4664,'BARRA DO QUARAI','430187',23,'0',''),
 (4665,'BARRA DO RIBEIRO','430190',23,'0',''),
 (4666,'BARRA DO RIO AZUL','430192',23,'0',''),
 (4667,'BARRA FUNDA','430195',23,'0',''),
 (4668,'BARROS CASSAL','430200',23,'0',''),
 (4669,'BENJAMIN CONSTANT DO SUL','430205',23,'0',''),
 (4670,'BENTO GONCALVES','430210',23,'0',''),
 (4671,'BOA VISTA DAS MISS','430215',23,'0',''),
 (4672,'BOA VISTA DO BURICA','430220',23,'0',''),
 (4673,'BOA VISTA DO CADEADO','430222',23,'0',''),
 (4674,'BOA VISTA DO INCRA','430223',23,'0',''),
 (4675,'BOA VISTA DO SUL','430225',23,'0',''),
 (4676,'BOM JESUS','430230',23,'0',''),
 (4677,'BOM PRINCIPIO','430235',23,'0',''),
 (4678,'BOM PROGRESSO','430237',23,'0',''),
 (4679,'BOM RETIRO DO SUL','430240',23,'0',''),
 (4680,'BOQUEIRAO DO LEAO','430245',23,'0',''),
 (4681,'BOSSOROCA','430250',23,'0',''),
 (4682,'BOZANO','430258',23,'0',''),
 (4683,'BRAGA','430260',23,'0',''),
 (4684,'BROCHIER','430265',23,'0',''),
 (4685,'BUTIA','430270',23,'0',''),
 (4686,'CACAPAVA DO SUL','430280',23,'0',''),
 (4687,'CACEQUI','430290',23,'0',''),
 (4688,'CACHOEIRA DO SUL','430300',23,'0',''),
 (4689,'CACHOEIRINHA','430310',23,'0',''),
 (4690,'CACIQUE DOBLE','430320',23,'0',''),
 (4691,'CAIBATE','430330',23,'0',''),
 (4692,'CAICARA','430340',23,'0',''),
 (4693,'CAMAQUA','430350',23,'0',''),
 (4694,'CAMARGO','430355',23,'0',''),
 (4695,'CAMBARA DO SUL','430360',23,'0',''),
 (4696,'CAMPESTRE DA SERRA','430367',23,'0',''),
 (4697,'CAMPINA DAS MISS','430370',23,'0',''),
 (4698,'CAMPINAS DO SUL','430380',23,'0',''),
 (4699,'CAMPO BOM','430390',23,'0',''),
 (4700,'CAMPO NOVO','430400',23,'0',''),
 (4701,'CAMPOS BORGES','430410',23,'0',''),
 (4702,'CANDELARIA','430420',23,'0',''),
 (4703,'CANDIDO GODOI','430430',23,'0',''),
 (4704,'CANDIOTA','430435',23,'0',''),
 (4705,'CANELA','430440',23,'0',''),
 (4706,'CANGUCU','430450',23,'0',''),
 (4707,'CANOAS','430460',23,'0',''),
 (4708,'CANUDOS DO VALE','430461',23,'0',''),
 (4709,'CAPAO BONITO DO SUL','430462',23,'0',''),
 (4710,'CAPAO DA CANOA','430463',23,'0',''),
 (4711,'CAPAO DO CIPO','430465',23,'0',''),
 (4712,'CAPAO DO LEAO','430466',23,'0',''),
 (4713,'CAPIVARI DO SUL','430467',23,'0',''),
 (4714,'CAPELA DE SANTANA','430468',23,'0',''),
 (4715,'CAPITAO','430469',23,'0',''),
 (4716,'CARAZINHO','430470',23,'0',''),
 (4717,'CARAA','430471',23,'0',''),
 (4718,'CARLOS BARBOSA','430480',23,'0',''),
 (4719,'CARLOS GOMES','430485',23,'0',''),
 (4720,'CASCA','430490',23,'0',''),
 (4721,'CASEIROS','430495',23,'0',''),
 (4722,'CATUIPE','430500',23,'0',''),
 (4723,'CAXIAS DO SUL','430510',23,'0',''),
 (4724,'CENTENARIO','430511',23,'0',''),
 (4725,'CERRITO','430512',23,'0',''),
 (4726,'CERRO BRANCO','430513',23,'0',''),
 (4727,'CERRO GRANDE','430515',23,'0',''),
 (4728,'CERRO GRANDE DO SUL','430517',23,'0',''),
 (4729,'CERRO LARGO','430520',23,'0',''),
 (4730,'CHAPADA','430530',23,'0',''),
 (4731,'CHARQUEADAS','430535',23,'0',''),
 (4732,'CHARRUA','430537',23,'0',''),
 (4733,'CHIAPETTA','430540',23,'0',''),
 (4734,'CHUI','430543',23,'0',''),
 (4735,'CHUVISCA','430544',23,'0',''),
 (4736,'CIDREIRA','430545',23,'0',''),
 (4737,'CIRIACO','430550',23,'0',''),
 (4738,'COLINAS','430558',23,'0',''),
 (4739,'COLORADO','430560',23,'0',''),
 (4740,'CONDOR','430570',23,'0',''),
 (4741,'CONSTANTINA','430580',23,'0',''),
 (4742,'COQUEIRO BAIXO','430583',23,'0',''),
 (4743,'COQUEIROS DO SUL','430585',23,'0',''),
 (4744,'CORONEL BARROS','430587',23,'0',''),
 (4745,'CORONEL BICACO','430590',23,'0',''),
 (4746,'CORONEL PILAR','430593',23,'0',''),
 (4747,'COTIPORA','430595',23,'0',''),
 (4748,'COXILHA','430597',23,'0',''),
 (4749,'CRISSIUMAL','430600',23,'0',''),
 (4750,'CRISTAL','430605',23,'0',''),
 (4751,'CRISTAL DO SUL','430607',23,'0',''),
 (4752,'CRUZ ALTA','430610',23,'0',''),
 (4753,'CRUZALTENSE','430613',23,'0',''),
 (4754,'CRUZEIRO DO SUL','430620',23,'0',''),
 (4755,'DAVID CANABARRO','430630',23,'0',''),
 (4756,'DERRUBADAS','430632',23,'0',''),
 (4757,'DEZESSEIS DE NOVEMBRO','430635',23,'0',''),
 (4758,'DILERMANDO DE AGUIAR','430637',23,'0',''),
 (4759,'DOIS IRMAOS','430640',23,'0',''),
 (4760,'DOIS IRMAOS DAS MISS','430642',23,'0',''),
 (4761,'DOIS LAJEADOS','430645',23,'0',''),
 (4762,'DOM FELICIANO','430650',23,'0',''),
 (4763,'DOM PEDRO DE ALCANTARA','430655',23,'0',''),
 (4764,'DOM PEDRITO','430660',23,'0',''),
 (4765,'DONA FRANCISCA','430670',23,'0',''),
 (4766,'DOUTOR MAURICIO CARDOSO','430673',23,'0',''),
 (4767,'DOUTOR RICARDO','430675',23,'0',''),
 (4768,'ELDORADO DO SUL','430676',23,'0',''),
 (4769,'ENCANTADO','430680',23,'0',''),
 (4770,'ENCRUZILHADA DO SUL','430690',23,'0',''),
 (4771,'ENGENHO VELHO','430692',23,'0',''),
 (4772,'ENTRE-IJUIS','430693',23,'0',''),
 (4773,'ENTRE RIOS DO SUL','430695',23,'0',''),
 (4774,'EREBANGO','430697',23,'0',''),
 (4775,'ERECHIM','430700',23,'0',''),
 (4776,'ERNESTINA','430705',23,'0',''),
 (4777,'HERVAL','430710',23,'0',''),
 (4778,'ERVAL GRANDE','430720',23,'0',''),
 (4779,'ERVAL SECO','430730',23,'0',''),
 (4780,'ESMERALDA','430740',23,'0',''),
 (4781,'ESPERANCA DO SUL','430745',23,'0',''),
 (4782,'ESPUMOSO','430750',23,'0',''),
 (4783,'ESTACAO','430755',23,'0',''),
 (4784,'ESTANCIA VELHA','430760',23,'0',''),
 (4785,'ESTEIO','430770',23,'0',''),
 (4786,'ESTRELA','430780',23,'0',''),
 (4787,'ESTRELA VELHA','430781',23,'0',''),
 (4788,'EUGENIO DE CASTRO','430783',23,'0',''),
 (4789,'FAGUNDES VARELA','430786',23,'0',''),
 (4790,'FARROUPILHA','430790',23,'0',''),
 (4791,'FAXINAL DO SOTURNO','430800',23,'0',''),
 (4792,'FAXINALZINHO','430805',23,'0',''),
 (4793,'FAZENDA VILANOVA','430807',23,'0',''),
 (4794,'FELIZ','430810',23,'0',''),
 (4795,'FLORES DA CUNHA','430820',23,'0',''),
 (4796,'FLORIANO PEIXOTO','430825',23,'0',''),
 (4797,'FONTOURA XAVIER','430830',23,'0',''),
 (4798,'FORMIGUEIRO','430840',23,'0',''),
 (4799,'FORQUETINHA','430843',23,'0',''),
 (4800,'FORTALEZA DOS VALOS','430845',23,'0',''),
 (4801,'FREDERICO WESTPHALEN','430850',23,'0',''),
 (4802,'GARIBALDI','430860',23,'0',''),
 (4803,'GARRUCHOS','430865',23,'0',''),
 (4804,'GAURAMA','430870',23,'0',''),
 (4805,'GENERAL CAMARA','430880',23,'0',''),
 (4806,'GENTIL','430885',23,'0',''),
 (4807,'GETULIO VARGAS','430890',23,'0',''),
 (4808,'GIRUA','430900',23,'0',''),
 (4809,'GLORINHA','430905',23,'0',''),
 (4810,'GRAMADO','430910',23,'0',''),
 (4811,'GRAMADO DOS LOUREIROS','430912',23,'0',''),
 (4812,'GRAMADO XAVIER','430915',23,'0',''),
 (4813,'GRAVATAI','430920',23,'0',''),
 (4814,'GUABIJU','430925',23,'0',''),
 (4815,'GUAIBA','430930',23,'0',''),
 (4816,'GUAPORE','430940',23,'0',''),
 (4817,'GUARANI DAS MISS','430950',23,'0',''),
 (4818,'HARMONIA','430955',23,'0',''),
 (4819,'HERVEIRAS','430957',23,'0',''),
 (4820,'HORIZONTINA','430960',23,'0',''),
 (4821,'HULHA NEGRA','430965',23,'0',''),
 (4822,'HUMAITA','430970',23,'0',''),
 (4823,'IBARAMA','430975',23,'0',''),
 (4824,'IBIACA','430980',23,'0',''),
 (4825,'IBIRAIARAS','430990',23,'0',''),
 (4826,'IBIRAPUITA','430995',23,'0',''),
 (4827,'IBIRUBA','431000',23,'0',''),
 (4828,'IGREJINHA','431010',23,'0',''),
 (4829,'IJUI','431020',23,'0',''),
 (4830,'ILOPOLIS','431030',23,'0',''),
 (4831,'IMBE','431033',23,'0',''),
 (4832,'IMIGRANTE','431036',23,'0',''),
 (4833,'INDEPENDENCIA','431040',23,'0',''),
 (4834,'INHACORA','431041',23,'0',''),
 (4835,'IPE','431043',23,'0',''),
 (4836,'IPIRANGA DO SUL','431046',23,'0',''),
 (4837,'IRAI','431050',23,'0',''),
 (4838,'ITAARA','431053',23,'0',''),
 (4839,'ITACURUBI','431055',23,'0',''),
 (4840,'ITAPUCA','431057',23,'0',''),
 (4841,'ITAQUI','431060',23,'0',''),
 (4842,'ITATI','431065',23,'0',''),
 (4843,'ITATIBA DO SUL','431070',23,'0',''),
 (4844,'IVORA','431075',23,'0',''),
 (4845,'IVOTI','431080',23,'0',''),
 (4846,'JABOTICABA','431085',23,'0',''),
 (4847,'JACUIZINHO','431087',23,'0',''),
 (4848,'JACUTINGA','431090',23,'0',''),
 (4849,'JAGUARAO','431100',23,'0',''),
 (4850,'JAGUARI','431110',23,'0',''),
 (4851,'JAQUIRANA','431112',23,'0',''),
 (4852,'JARI','431113',23,'0',''),
 (4853,'JOIA','431115',23,'0',''),
 (4854,'JULIO DE CASTILHOS','431120',23,'0',''),
 (4855,'LAGOA BONITA DO SUL','431123',23,'0',''),
 (4856,'LAGOAO','431125',23,'0',''),
 (4857,'LAGOA DOS TRES CANTOS','431127',23,'0',''),
 (4858,'LAGOA VERMELHA','431130',23,'0',''),
 (4859,'LAJEADO','431140',23,'0',''),
 (4860,'LAJEADO DO BUGRE','431142',23,'0',''),
 (4861,'LAVRAS DO SUL','431150',23,'0',''),
 (4862,'LIBERATO SALZANO','431160',23,'0',''),
 (4863,'LINDOLFO COLLOR','431162',23,'0',''),
 (4864,'LINHA NOVA','431164',23,'0',''),
 (4865,'MACHADINHO','431170',23,'0',''),
 (4866,'MACAMBARA','431171',23,'0',''),
 (4867,'MAMPITUBA','431173',23,'0',''),
 (4868,'MANOEL VIANA','431175',23,'0',''),
 (4869,'MAQUINE','431177',23,'0',''),
 (4870,'MARATA','431179',23,'0',''),
 (4871,'MARAU','431180',23,'0',''),
 (4872,'MARCELINO RAMOS','431190',23,'0',''),
 (4873,'MARIANA PIMENTEL','431198',23,'0',''),
 (4874,'MARIANO MORO','431200',23,'0',''),
 (4875,'MARQUES DE SOUZA','431205',23,'0',''),
 (4876,'MATA','431210',23,'0',''),
 (4877,'MATO CASTELHANO','431213',23,'0',''),
 (4878,'MATO LEITAO','431215',23,'0',''),
 (4879,'MATO QUEIMADO','431217',23,'0',''),
 (4880,'MAXIMILIANO DE ALMEIDA','431220',23,'0',''),
 (4881,'MINAS DO LEAO','431225',23,'0',''),
 (4882,'MIRAGUAI','431230',23,'0',''),
 (4883,'MONTAURI','431235',23,'0',''),
 (4884,'MONTE ALEGRE DOS CAMPOS','431237',23,'0',''),
 (4885,'MONTE BELO DO SUL','431238',23,'0',''),
 (4886,'MONTENEGRO','431240',23,'0',''),
 (4887,'MORMACO','431242',23,'0',''),
 (4888,'MORRINHOS DO SUL','431244',23,'0',''),
 (4889,'MORRO REDONDO','431245',23,'0',''),
 (4890,'MORRO REUTER','431247',23,'0',''),
 (4891,'MOSTARDAS','431250',23,'0',''),
 (4892,'MUCUM','431260',23,'0',''),
 (4893,'MUITOS CAP','431261',23,'0',''),
 (4894,'MULITERNO','431262',23,'0',''),
 (4895,'NAO-ME-TOQUE','431265',23,'0',''),
 (4896,'NICOLAU VERGUEIRO','431267',23,'0',''),
 (4897,'NONOAI','431270',23,'0',''),
 (4898,'NOVA ALVORADA','431275',23,'0',''),
 (4899,'NOVA ARACA','431280',23,'0',''),
 (4900,'NOVA BASSANO','431290',23,'0',''),
 (4901,'NOVA BOA VISTA','431295',23,'0',''),
 (4902,'NOVA BRESCIA','431300',23,'0',''),
 (4903,'NOVA CANDELARIA','431301',23,'0',''),
 (4904,'NOVA ESPERANCA DO SUL','431303',23,'0',''),
 (4905,'NOVA HARTZ','431306',23,'0',''),
 (4906,'NOVA PADUA','431308',23,'0',''),
 (4907,'NOVA PALMA','431310',23,'0',''),
 (4908,'NOVA PETROPOLIS','431320',23,'0',''),
 (4909,'NOVA PRATA','431330',23,'0',''),
 (4910,'NOVA RAMADA','431333',23,'0',''),
 (4911,'NOVA ROMA DO SUL','431335',23,'0',''),
 (4912,'NOVA SANTA RITA','431337',23,'0',''),
 (4913,'NOVO CABRAIS','431339',23,'0',''),
 (4914,'NOVO HAMBURGO','431340',23,'0',''),
 (4915,'NOVO MACHADO','431342',23,'0',''),
 (4916,'NOVO TIRADENTES','431344',23,'0',''),
 (4917,'NOVO XINGU','431346',23,'0',''),
 (4918,'NOVO BARREIRO','431349',23,'0',''),
 (4919,'OSORIO','431350',23,'0',''),
 (4920,'PAIM FILHO','431360',23,'0',''),
 (4921,'PALMARES DO SUL','431365',23,'0',''),
 (4922,'PALMEIRA DAS MISS','431370',23,'0',''),
 (4923,'PALMITINHO','431380',23,'0',''),
 (4924,'PANAMBI','431390',23,'0',''),
 (4925,'PANTANO GRANDE','431395',23,'0',''),
 (4926,'PARAI','431400',23,'0',''),
 (4927,'PARAISO DO SUL','431402',23,'0',''),
 (4928,'PARECI NOVO','431403',23,'0',''),
 (4929,'PAROBE','431405',23,'0',''),
 (4930,'PASSA SETE','431406',23,'0',''),
 (4931,'PASSO DO SOBRADO','431407',23,'0',''),
 (4932,'PASSO FUNDO','431410',23,'0',''),
 (4933,'PAULO BENTO','431413',23,'0',''),
 (4934,'PAVERAMA','431415',23,'0',''),
 (4935,'PEDRAS ALTAS','431417',23,'0',''),
 (4936,'PEDRO OSORIO','431420',23,'0',''),
 (4937,'PEJUCARA','431430',23,'0',''),
 (4938,'PELOTAS','431440',23,'0',''),
 (4939,'PICADA CAFE','431442',23,'0',''),
 (4940,'PINHAL','431445',23,'0',''),
 (4941,'PINHAL DA SERRA','431446',23,'0',''),
 (4942,'PINHAL GRANDE','431447',23,'0',''),
 (4943,'PINHEIRINHO DO VALE','431449',23,'0',''),
 (4944,'PINHEIRO MACHADO','431450',23,'0',''),
 (4945,'PINTO BANDEIRA','431453',23,'0',''),
 (4946,'PIRAPO','431455',23,'0',''),
 (4947,'PIRATINI','431460',23,'0',''),
 (4948,'PLANALTO','431470',23,'0',''),
 (4949,'POCO DAS ANTAS','431475',23,'0',''),
 (4950,'PONTAO','431477',23,'0',''),
 (4951,'PONTE PRETA','431478',23,'0',''),
 (4952,'PORTAO','431480',23,'0',''),
 (4953,'PORTO ALEGRE','431490',23,'0',''),
 (4954,'PORTO LUCENA','431500',23,'0',''),
 (4955,'PORTO MAUA','431505',23,'0',''),
 (4956,'PORTO VERA CRUZ','431507',23,'0',''),
 (4957,'PORTO XAVIER','431510',23,'0',''),
 (4958,'POUSO NOVO','431513',23,'0',''),
 (4959,'PRESIDENTE LUCENA','431514',23,'0',''),
 (4960,'PROGRESSO','431515',23,'0',''),
 (4961,'PROTASIO ALVES','431517',23,'0',''),
 (4962,'PUTINGA','431520',23,'0',''),
 (4963,'QUARAI','431530',23,'0',''),
 (4964,'QUATRO IRMAOS','431531',23,'0',''),
 (4965,'QUEVEDOS','431532',23,'0',''),
 (4966,'QUINZE DE NOVEMBRO','431535',23,'0',''),
 (4967,'REDENTORA','431540',23,'0',''),
 (4968,'RELVADO','431545',23,'0',''),
 (4969,'RESTINGA SECA','431550',23,'0',''),
 (4970,'RIO DOS ','431555',23,'0',''),
 (4971,'RIO GRANDE','431560',23,'0',''),
 (4972,'RIO PARDO','431570',23,'0',''),
 (4973,'RIOZINHO','431575',23,'0',''),
 (4974,'ROCA SALES','431580',23,'0',''),
 (4975,'RODEIO BONITO','431590',23,'0',''),
 (4976,'ROLADOR','431595',23,'0',''),
 (4977,'ROLANTE','431600',23,'0',''),
 (4978,'RONDA ALTA','431610',23,'0',''),
 (4979,'RONDINHA','431620',23,'0',''),
 (4980,'ROQUE GONZALES','431630',23,'0',''),
 (4981,'ROSARIO DO SUL','431640',23,'0',''),
 (4982,'SAGRADA FAMILIA','431642',23,'0',''),
 (4983,'SALDANHA MARINHO','431643',23,'0',''),
 (4984,'SALTO DO JACUI','431645',23,'0',''),
 (4985,'SALVADOR DAS MISS','431647',23,'0',''),
 (4986,'SALVADOR DO SUL','431650',23,'0',''),
 (4987,'SANANDUVA','431660',23,'0',''),
 (4988,'SANTA BARBARA DO SUL','431670',23,'0',''),
 (4989,'SANTA CECILIA DO SUL','431673',23,'0',''),
 (4990,'SANTA CLARA DO SUL','431675',23,'0',''),
 (4991,'SANTA CRUZ DO SUL','431680',23,'0',''),
 (4992,'SANTA MARIA','431690',23,'0',''),
 (4993,'SANTA MARIA DO HERVAL','431695',23,'0',''),
 (4994,'SANTA MARGARIDA DO SUL','431697',23,'0',''),
 (4995,'SANTANA DA BOA VISTA','431700',23,'0',''),
 (4996,'SANT\'ANA DO LIVRAMENTO','431710',23,'0',''),
 (4997,'SANTA ROSA','431720',23,'0',''),
 (4998,'SANTA TEREZA','431725',23,'0',''),
 (4999,'SANTA VITORIA DO PALMAR','431730',23,'0',''),
 (5000,'SANTIAGO','431740',23,'0',''),
 (5001,'SANTO ','431750',23,'0',''),
 (5002,'SANTO ANTONIO DO PALMA','431755',23,'0',''),
 (5003,'SANTO ANTONIO DA PATRULHA','431760',23,'0',''),
 (5004,'SANTO ANTONIO DAS MISS','431770',23,'0',''),
 (5005,'SANTO ANTONIO DO PLANALTO','431775',23,'0',''),
 (5006,'SANTO AUGUSTO','431780',23,'0',''),
 (5007,'SANTO CRISTO','431790',23,'0',''),
 (5008,'SANTO EXPEDITO DO SUL','431795',23,'0',''),
 (5009,'SAO BORJA','431800',23,'0',''),
 (5010,'SAO DOMINGOS DO SUL','431805',23,'0',''),
 (5011,'SAO FRANCISCO DE ASSIS','431810',23,'0',''),
 (5012,'SAO FRANCISCO DE PAULA','431820',23,'0',''),
 (5013,'SAO GABRIEL','431830',23,'0',''),
 (5014,'SAO JERONIMO','431840',23,'0',''),
 (5015,'SAO JOAO DA URTIGA','431842',23,'0',''),
 (5016,'SAO JOAO DO POLESINE','431843',23,'0',''),
 (5017,'SAO JORGE','431844',23,'0',''),
 (5018,'SAO JOSE DAS MISS','431845',23,'0',''),
 (5019,'SAO JOSE DO HERVAL','431846',23,'0',''),
 (5020,'SAO JOSE DO HORTENCIO','431848',23,'0',''),
 (5021,'SAO JOSE DO INHACORA','431849',23,'0',''),
 (5022,'SAO JOSE DO NORTE','431850',23,'0',''),
 (5023,'SAO JOSE DO OURO','431860',23,'0',''),
 (5024,'SAO JOSE DO SUL','431861',23,'0',''),
 (5025,'SAO JOSE DOS AUSENTES','431862',23,'0',''),
 (5026,'SAO LEOPOLDO','431870',23,'0',''),
 (5027,'SAO LOURENCO DO SUL','431880',23,'0',''),
 (5028,'SAO LUIZ GONZAGA','431890',23,'0',''),
 (5029,'SAO MARCOS','431900',23,'0',''),
 (5030,'SAO MARTINHO','431910',23,'0',''),
 (5031,'SAO MARTINHO DA SERRA','431912',23,'0',''),
 (5032,'SAO MIGUEL DAS MISS','431915',23,'0',''),
 (5033,'SAO NICOLAU','431920',23,'0',''),
 (5034,'SAO PAULO DAS MISS','431930',23,'0',''),
 (5035,'SAO PEDRO DA SERRA','431935',23,'0',''),
 (5036,'SAO PEDRO DAS MISS','431936',23,'0',''),
 (5037,'SAO PEDRO DO BUTIA','431937',23,'0',''),
 (5038,'SAO PEDRO DO SUL','431940',23,'0',''),
 (5039,'SAO SEBASTIAO DO CAI','431950',23,'0',''),
 (5040,'SAO SEPE','431960',23,'0',''),
 (5041,'SAO VALENTIM','431970',23,'0',''),
 (5042,'SAO VALENTIM DO SUL','431971',23,'0',''),
 (5043,'SAO VALERIO DO SUL','431973',23,'0',''),
 (5044,'SAO VENDELINO','431975',23,'0',''),
 (5045,'SAO VICENTE DO SUL','431980',23,'0',''),
 (5046,'SAPIRANGA','431990',23,'0',''),
 (5047,'SAPUCAIA DO SUL','432000',23,'0',''),
 (5048,'SARANDI','432010',23,'0',''),
 (5049,'SEBERI','432020',23,'0',''),
 (5050,'SEDE NOVA','432023',23,'0',''),
 (5051,'SEGREDO','432026',23,'0',''),
 (5052,'SELBACH','432030',23,'0',''),
 (5053,'SENADOR SALGADO FILHO','432032',23,'0',''),
 (5054,'SENTINELA DO SUL','432035',23,'0',''),
 (5055,'SERAFINA CORREA','432040',23,'0',''),
 (5056,'SERIO','432045',23,'0',''),
 (5057,'SERTAO','432050',23,'0',''),
 (5058,'SERTAO SANTANA','432055',23,'0',''),
 (5059,'SETE DE SETEMBRO','432057',23,'0',''),
 (5060,'SEVERIANO DE ALMEIDA','432060',23,'0',''),
 (5061,'SILVEIRA MARTINS','432065',23,'0',''),
 (5062,'SINIMBU','432067',23,'0',''),
 (5063,'SOBRADINHO','432070',23,'0',''),
 (5064,'SOLEDADE','432080',23,'0',''),
 (5065,'TABAI','432085',23,'0',''),
 (5066,'TAPEJARA','432090',23,'0',''),
 (5067,'TAPERA','432100',23,'0',''),
 (5068,'TAPES','432110',23,'0',''),
 (5069,'TAQUARA','432120',23,'0',''),
 (5070,'TAQUARI','432130',23,'0',''),
 (5071,'TAQUARUCU DO SUL','432132',23,'0',''),
 (5072,'TAVARES','432135',23,'0',''),
 (5073,'TENENTE PORTELA','432140',23,'0',''),
 (5074,'TERRA DE AREIA','432143',23,'0',''),
 (5075,'TEUTONIA','432145',23,'0',''),
 (5076,'TIO HUGO','432146',23,'0',''),
 (5077,'TIRADENTES DO SUL','432147',23,'0',''),
 (5078,'TOROPI','432149',23,'0',''),
 (5079,'TORRES','432150',23,'0',''),
 (5080,'TRAMANDAI','432160',23,'0',''),
 (5081,'TRAVESSEIRO','432162',23,'0',''),
 (5082,'TRES ARROIOS','432163',23,'0',''),
 (5083,'TRES CACHOEIRAS','432166',23,'0',''),
 (5084,'TRES COROAS','432170',23,'0',''),
 (5085,'TRES DE MAIO','432180',23,'0',''),
 (5086,'TRES FORQUILHAS','432183',23,'0',''),
 (5087,'TRES PALMEIRAS','432185',23,'0',''),
 (5088,'TRES PASSOS','432190',23,'0',''),
 (5089,'TRINDADE DO SUL','432195',23,'0',''),
 (5090,'TRIUNFO','432200',23,'0',''),
 (5091,'TUCUNDUVA','432210',23,'0',''),
 (5092,'TUNAS','432215',23,'0',''),
 (5093,'TUPANCI DO SUL','432218',23,'0',''),
 (5094,'TUPANCIRETA','432220',23,'0',''),
 (5095,'TUPANDI','432225',23,'0',''),
 (5096,'TUPARENDI','432230',23,'0',''),
 (5097,'TURUCU','432232',23,'0',''),
 (5098,'UBIRETAMA','432234',23,'0',''),
 (5099,'UNIAO DA SERRA','432235',23,'0',''),
 (5100,'UNISTALDA','432237',23,'0',''),
 (5101,'URUGUAIANA','432240',23,'0',''),
 (5102,'VACARIA','432250',23,'0',''),
 (5103,'VALE VERDE','432252',23,'0',''),
 (5104,'VALE DO SOL','432253',23,'0',''),
 (5105,'VALE REAL','432254',23,'0',''),
 (5106,'VANINI','432255',23,'0',''),
 (5107,'VENANCIO AIRES','432260',23,'0',''),
 (5108,'VERA CRUZ','432270',23,'0',''),
 (5109,'VERANOPOLIS','432280',23,'0',''),
 (5110,'VESPASIANO CORREA','432285',23,'0',''),
 (5111,'VIADUTOS','432290',23,'0',''),
 (5112,'VIAMAO','432300',23,'0',''),
 (5113,'VICENTE DUTRA','432310',23,'0',''),
 (5114,'VICTOR GRAEFF','432320',23,'0',''),
 (5115,'VILA FLORES','432330',23,'0',''),
 (5116,'VILA LANGARO','432335',23,'0',''),
 (5117,'VILA MARIA','432340',23,'0',''),
 (5118,'VILA NOVA DO SUL','432345',23,'0',''),
 (5119,'VISTA ALEGRE','432350',23,'0',''),
 (5120,'VISTA ALEGRE DO PRATA','432360',23,'0',''),
 (5121,'VISTA GAUCHA','432370',23,'0',''),
 (5122,'VITORIA DAS MISS','432375',23,'0',''),
 (5123,'WESTFALIA','432377',23,'0',''),
 (5124,'XANGRI-LA','432380',23,'0',''),
 (5125,'MUNICIPIO IGNORADO - MS','500000',24,'0',''),
 (5126,'AGUA CLARA','500020',24,'0',''),
 (5127,'ALCINOPOLIS','500025',24,'0',''),
 (5128,'AMAMBAI','500060',24,'0',''),
 (5129,'ANASTACIO','500070',24,'0',''),
 (5130,'ANAURILANDIA','500080',24,'0',''),
 (5131,'ANGELICA','500085',24,'0',''),
 (5132,'ANTONIO JOAO','500090',24,'0',''),
 (5133,'APARECIDA DO TABOADO','500100',24,'0',''),
 (5134,'AQUIDAUANA','500110',24,'0',''),
 (5135,'ARAL MOREIRA','500124',24,'0',''),
 (5136,'BANDEIRANTES','500150',24,'0',''),
 (5137,'BATAGUASSU','500190',24,'0',''),
 (5138,'BATAYPORA','500200',24,'0',''),
 (5139,'BELA VISTA','500210',24,'0',''),
 (5140,'BODOQUENA','500215',24,'0',''),
 (5141,'BONITO','500220',24,'0',''),
 (5142,'BRASILANDIA','500230',24,'0',''),
 (5143,'CAARAPO','500240',24,'0',''),
 (5144,'CAMAPUA','500260',24,'0',''),
 (5145,'CAMPO GRANDE','500270',24,'0',''),
 (5146,'CARACOL','500280',24,'0',''),
 (5147,'CASSILANDIA','500290',24,'0',''),
 (5148,'CHAPADAO DO SUL','500295',24,'0',''),
 (5149,'CORGUINHO','500310',24,'0',''),
 (5150,'CORONEL SAPUCAIA','500315',24,'0',''),
 (5151,'CORUMBA','500320',24,'0',''),
 (5152,'COSTA RICA','500325',24,'0',''),
 (5153,'COXIM','500330',24,'0',''),
 (5154,'DEODAPOLIS','500345',24,'0',''),
 (5155,'DOIS IRMAOS DO BURITI','500348',24,'0',''),
 (5156,'DOURADINA','500350',24,'0',''),
 (5157,'DOURADOS','500370',24,'0',''),
 (5158,'ELDORADO','500375',24,'0',''),
 (5159,'FATIMA DO SUL','500380',24,'0',''),
 (5160,'FIGUEIRAO','500390',24,'0',''),
 (5161,'GLORIA DE DOURADOS','500400',24,'0',''),
 (5162,'GUIA LOPES DA LAGUNA','500410',24,'0',''),
 (5163,'IGUATEMI','500430',24,'0',''),
 (5164,'INOCENCIA','500440',24,'0',''),
 (5165,'ITAPORA','500450',24,'0',''),
 (5166,'ITAQUIRAI','500460',24,'0',''),
 (5167,'IVINHEMA','500470',24,'0',''),
 (5168,'JAPORA','500480',24,'0',''),
 (5169,'JARAGUARI','500490',24,'0',''),
 (5170,'JARDIM','500500',24,'0',''),
 (5171,'JATEI','500510',24,'0',''),
 (5172,'JUTI','500515',24,'0',''),
 (5173,'LADARIO','500520',24,'0',''),
 (5174,'LAGUNA CARAPA','500525',24,'0',''),
 (5175,'MARACAJU','500540',24,'0',''),
 (5176,'MIRANDA','500560',24,'0',''),
 (5177,'MUNDO NOVO','500568',24,'0',''),
 (5178,'NAVIRAI','500570',24,'0',''),
 (5179,'NIOAQUE','500580',24,'0',''),
 (5180,'NOVA ALVORADA DO SUL','500600',24,'0',''),
 (5181,'NOVA ANDRADINA','500620',24,'0',''),
 (5182,'NOVO HORIZONTE DO SUL','500625',24,'0',''),
 (5183,'PARANAIBA','500630',24,'0',''),
 (5184,'PARANHOS','500635',24,'0',''),
 (5185,'PEDRO GOMES','500640',24,'0',''),
 (5186,'PONTA PORA','500660',24,'0',''),
 (5187,'PORTO MURTINHO','500690',24,'0',''),
 (5188,'RIBAS DO RIO PARDO','500710',24,'0',''),
 (5189,'RIO BRILHANTE','500720',24,'0',''),
 (5190,'RIO NEGRO','500730',24,'0',''),
 (5191,'RIO VERDE DE MATO GROSSO','500740',24,'0',''),
 (5192,'ROCHEDO','500750',24,'0',''),
 (5193,'SANTA RITA DO PARDO','500755',24,'0',''),
 (5194,'SAO GABRIEL DO OESTE','500769',24,'0',''),
 (5195,'SETE QUEDAS','500770',24,'0',''),
 (5196,'SELVIRIA','500780',24,'0',''),
 (5197,'SIDROLANDIA','500790',24,'0',''),
 (5198,'SONORA','500793',24,'0',''),
 (5199,'TACURU','500795',24,'0',''),
 (5200,'TAQUARUSSU','500797',24,'0',''),
 (5201,'TERENOS','500800',24,'0',''),
 (5202,'TRES LAGOAS','500830',24,'0',''),
 (5203,'VICENTINA','500840',24,'0',''),
 (5204,'MUNICIPIO IGNORADO - MT','510000',25,'0',''),
 (5205,'ACORIZAL','510010',25,'0',''),
 (5206,'AGUA BOA','510020',25,'0',''),
 (5207,'ALTA FLORESTA','510025',25,'0',''),
 (5208,'ALTO ARAGUAIA','510030',25,'0',''),
 (5209,'ALTO BOA VISTA','510035',25,'0',''),
 (5210,'ALTO GARCAS','510040',25,'0',''),
 (5211,'ALTO PARAGUAI','510050',25,'0',''),
 (5212,'ALTO TAQUARI','510060',25,'0',''),
 (5213,'APIACAS','510080',25,'0',''),
 (5214,'ARAGUAIANA','510100',25,'0',''),
 (5215,'ARAGUAINHA','510120',25,'0',''),
 (5216,'ARAPUTANGA','510125',25,'0',''),
 (5217,'ARENAPOLIS','510130',25,'0',''),
 (5218,'ARIPUANA','510140',25,'0',''),
 (5219,'BARAO DE MELGACO','510160',25,'0',''),
 (5220,'BARRA DO BUGRES','510170',25,'0',''),
 (5221,'BARRA DO GARCAS','510180',25,'0',''),
 (5222,'BOM JESUS DO ARAGUAIA','510185',25,'0',''),
 (5223,'BRASNORTE','510190',25,'0',''),
 (5224,'CACERES','510250',25,'0',''),
 (5225,'CAMPINAPOLIS','510260',25,'0',''),
 (5226,'CAMPO NOVO DO PARECIS','510263',25,'0',''),
 (5227,'CAMPO VERDE','510267',25,'0',''),
 (5228,'CAMPOS DE JULIO','510268',25,'0',''),
 (5229,'CANABRAVA DO NORTE','510269',25,'0',''),
 (5230,'CANARANA','510270',25,'0',''),
 (5231,'CARLINDA','510279',25,'0',''),
 (5232,'CASTANHEIRA','510285',25,'0',''),
 (5233,'CHAPADA DOS GUIMARAES','510300',25,'0',''),
 (5234,'CLAUDIA','510305',25,'0',''),
 (5235,'COCALINHO','510310',25,'0',''),
 (5236,'COLIDER','510320',25,'0',''),
 (5237,'COLNIZA','510325',25,'0',''),
 (5238,'COMODORO','510330',25,'0',''),
 (5239,'CONFRESA','510335',25,'0',''),
 (5240,'CONQUISTA D\'OESTE','510336',25,'0',''),
 (5241,'COTRIGUACU','510337',25,'0',''),
 (5242,'CUIABA','510340',25,'0',''),
 (5243,'CURVELANDIA','510343',25,'0',''),
 (5244,'DENISE','510345',25,'0',''),
 (5245,'DIAMANTINO','510350',25,'0',''),
 (5246,'CIDADE_NOME','cidAde_cod',0,'0',''),
 (5247,'IV REGIONAL','26R004',1,'2604','26'),
 (5248,'I REGIONAL','26R001',1,'2601','26'),
 (5249,'TERRITORIO 01(IV GERES)','26RT01',1,'2604','26'),
 (5250,'TERRITORIO 02(IV GERES)','26RT02',1,'2604','26'),
 (5251,'TERRITORIO 03(IV GERES)','26RT03',1,'2604','26'),
 (5252,'TERRITORIO 04(IV GERES)','26RT04',1,'2604','26');
/*!40000 ALTER TABLE `cidades` ENABLE KEYS */;


--
-- Definition of table `competencia`
--

DROP TABLE IF EXISTS `competencia`;
CREATE TABLE `competencia` (
  `mes_ano` int(6) NOT NULL DEFAULT '0',
  `ativo` int(1) DEFAULT '1',
  PRIMARY KEY (`mes_ano`)
) ENGINE=InnoDB DEFAULT CHARSET=latin1;

--
-- Dumping data for table `competencia`
--

/*!40000 ALTER TABLE `competencia` DISABLE KEYS */;
INSERT INTO `competencia` (`mes_ano`,`ativo`) VALUES 
 (12012,0),
 (22012,0);
/*!40000 ALTER TABLE `competencia` ENABLE KEYS */;


--
-- Definition of table `dados_trabalho`
--

DROP TABLE IF EXISTS `dados_trabalho`;
CREATE TABLE `dados_trabalho` (
  `servidor_cpf` varchar(11) NOT NULL DEFAULT '',
  `data_admissao` date NOT NULL,
  `pis` varchar(11) DEFAULT NULL,
  `carga_horaria` int(2) NOT NULL,
  `turno` char(1) DEFAULT NULL,
  `profissao` varchar(20) DEFAULT NULL,
  `salario` decimal(7,2) NOT NULL,
  `conselho_classe` varchar(20) DEFAULT NULL,
  `data_afastamento` date DEFAULT NULL,
  `data_retorno` date DEFAULT NULL,
  `situacao_funcional` char(2) DEFAULT NULL,
  `vinculo` char(1) DEFAULT NULL,
  `profissao_codigo` int(4) DEFAULT NULL,
  PRIMARY KEY (`servidor_cpf`),
  KEY `foreign_key_profissao_codigo` (`profissao_codigo`),
  CONSTRAINT `dados_trabalho_ibfk_1` FOREIGN KEY (`servidor_cpf`) REFERENCES `servidor` (`cpf`),
  CONSTRAINT `dados_trabalho_ibfk_2` FOREIGN KEY (`profissao_codigo`) REFERENCES `profissao` (`codigo`)
) ENGINE=InnoDB DEFAULT CHARSET=latin1;

--
-- Dumping data for table `dados_trabalho`
--

/*!40000 ALTER TABLE `dados_trabalho` DISABLE KEYS */;
INSERT INTO `dados_trabalho` (`servidor_cpf`,`data_admissao`,`pis`,`carga_horaria`,`turno`,`profissao`,`salario`,`conselho_classe`,`data_afastamento`,`data_retorno`,`situacao_funcional`,`vinculo`,`profissao_codigo`) VALUES 
 ('43243243242','0000-00-00','',23,'T',NULL,'23.23','','0000-00-00','0000-00-00','AT','C',2);
/*!40000 ALTER TABLE `dados_trabalho` ENABLE KEYS */;


--
-- Definition of table `departamento`
--

DROP TABLE IF EXISTS `departamento`;
CREATE TABLE `departamento` (
  `id` varchar(10) NOT NULL,
  `nome` varchar(40) DEFAULT NULL,
  `descricao` varchar(100) NOT NULL,
  `unidade_cnes` int(11) DEFAULT NULL,
  PRIMARY KEY (`id`),
  KEY `foreignkey` (`unidade_cnes`)
) ENGINE=InnoDB DEFAULT CHARSET=latin1;

--
-- Dumping data for table `departamento`
--

/*!40000 ALTER TABLE `departamento` DISABLE KEYS */;
/*!40000 ALTER TABLE `departamento` ENABLE KEYS */;


--
-- Definition of table `endereco`
--

DROP TABLE IF EXISTS `endereco`;
CREATE TABLE `endereco` (
  `id` int(11) NOT NULL AUTO_INCREMENT,
  `logradouro` varchar(30) NOT NULL,
  `numero` int(5) NOT NULL,
  `complemento` varchar(20) DEFAULT NULL,
  `bairro` varchar(30) NOT NULL,
  `cidade_id` int(10) DEFAULT NULL,
  `telefone` varchar(11) DEFAULT NULL,
  `email` varchar(30) DEFAULT NULL,
  PRIMARY KEY (`id`),
  KEY `FK_endereco_1` (`cidade_id`),
  CONSTRAINT `FK_endereco_1` FOREIGN KEY (`cidade_id`) REFERENCES `cidades` (`id`)
) ENGINE=InnoDB DEFAULT CHARSET=latin1;

--
-- Dumping data for table `endereco`
--

/*!40000 ALTER TABLE `endereco` DISABLE KEYS */;
/*!40000 ALTER TABLE `endereco` ENABLE KEYS */;


--
-- Definition of table `enfermeiro`
--

DROP TABLE IF EXISTS `enfermeiro`;
CREATE TABLE `enfermeiro` (
  `servidor_cpf` varchar(11) NOT NULL,
  `unidade_cnes` varchar(10) NOT NULL DEFAULT '',
  `ativo` char(1) DEFAULT NULL,
  `data_cadastro` timestamp NOT NULL DEFAULT CURRENT_TIMESTAMP,
  `data_desativacao` date DEFAULT NULL,
  PRIMARY KEY (`servidor_cpf`,`unidade_cnes`),
  KEY `foreign_key_unidade_cnes` (`unidade_cnes`),
  KEY `Index_3` (`servidor_cpf`) USING BTREE,
  CONSTRAINT `enfermeiro_ibfk_1` FOREIGN KEY (`servidor_cpf`) REFERENCES `servidor` (`cpf`),
  CONSTRAINT `enfermeiro_ibfk_2` FOREIGN KEY (`unidade_cnes`) REFERENCES `unidade` (`cnes`)
) ENGINE=InnoDB DEFAULT CHARSET=latin1 ROW_FORMAT=DYNAMIC;

--
-- Dumping data for table `enfermeiro`
--

/*!40000 ALTER TABLE `enfermeiro` DISABLE KEYS */;
INSERT INTO `enfermeiro` (`servidor_cpf`,`unidade_cnes`,`ativo`,`data_cadastro`,`data_desativacao`) VALUES 
 ('09886798805','2345668','1','2012-06-11 00:00:00',NULL);
/*!40000 ALTER TABLE `enfermeiro` ENABLE KEYS */;


--
-- Definition of table `enfermeiro_executa_item`
--

DROP TABLE IF EXISTS `enfermeiro_executa_item`;
CREATE TABLE `enfermeiro_executa_item` (
  `enfermeiro_cpf` varchar(11) NOT NULL,
  `item_id` int(11) NOT NULL,
  `enfermeiro_unidade_cnes` varchar(10) NOT NULL DEFAULT '',
  `quantidade` int(11) DEFAULT NULL,
  `competencia` int(6) NOT NULL,
  PRIMARY KEY (`enfermeiro_cpf`,`item_id`,`enfermeiro_unidade_cnes`,`competencia`),
  KEY `FK_enfermeiro_executa_item_enfermeiro_unidade` (`enfermeiro_cpf`,`enfermeiro_unidade_cnes`),
  KEY `FK_enfermeiro_executa_item_item_id` (`item_id`),
  KEY `FK_enfermeiro_item_competencia` (`competencia`),
  CONSTRAINT `FK_enfermeiro_executa_item_enfermeiro_unidade` FOREIGN KEY (`enfermeiro_cpf`, `enfermeiro_unidade_cnes`) REFERENCES `enfermeiro` (`servidor_cpf`, `unidade_cnes`),
  CONSTRAINT `FK_enfermeiro_executa_item_item_id` FOREIGN KEY (`item_id`) REFERENCES `item` (`id`),
  CONSTRAINT `FK_enfermeiro_item_competencia` FOREIGN KEY (`competencia`) REFERENCES `competencia` (`mes_ano`)
) ENGINE=InnoDB DEFAULT CHARSET=latin1;

--
-- Dumping data for table `enfermeiro_executa_item`
--

/*!40000 ALTER TABLE `enfermeiro_executa_item` DISABLE KEYS */;
/*!40000 ALTER TABLE `enfermeiro_executa_item` ENABLE KEYS */;


--
-- Definition of table `enfermeiro_executa_meta`
--

DROP TABLE IF EXISTS `enfermeiro_executa_meta`;
CREATE TABLE `enfermeiro_executa_meta` (
  `enfermeiro_cpf` varchar(11) NOT NULL DEFAULT '',
  `unidade_cnes` varchar(10) DEFAULT NULL,
  `meta_id` int(11) NOT NULL DEFAULT '0',
  `total` int(11) DEFAULT NULL,
  `data_inicio` date NOT NULL DEFAULT '0000-00-00',
  `data_fim` date NOT NULL DEFAULT '0000-00-00',
  PRIMARY KEY (`enfermeiro_cpf`,`meta_id`,`data_inicio`,`data_fim`),
  KEY `enfermeiro_cpf` (`enfermeiro_cpf`),
  KEY `meta_id` (`meta_id`),
  KEY `unidade_cnes` (`unidade_cnes`),
  KEY `FK_enfermeiro_saude_executa_meta_enfermeiro_cpf` (`enfermeiro_cpf`,`unidade_cnes`),
  CONSTRAINT `FK_enfermeiro_saude_executa_meta_enfermeiro_cpf` FOREIGN KEY (`enfermeiro_cpf`, `unidade_cnes`) REFERENCES `enfermeiro` (`servidor_cpf`, `unidade_cnes`),
  CONSTRAINT `FK_enfermeiro_saude_executa_meta_meta_id` FOREIGN KEY (`meta_id`) REFERENCES `meta` (`id`)
) ENGINE=InnoDB DEFAULT CHARSET=latin1 ROW_FORMAT=DYNAMIC;

--
-- Dumping data for table `enfermeiro_executa_meta`
--

/*!40000 ALTER TABLE `enfermeiro_executa_meta` DISABLE KEYS */;
/*!40000 ALTER TABLE `enfermeiro_executa_meta` ENABLE KEYS */;


--
-- Definition of table `enfermeiro_executa_procedimento`
--

DROP TABLE IF EXISTS `enfermeiro_executa_procedimento`;
CREATE TABLE `enfermeiro_executa_procedimento` (
  `enfermeiro_cpf` varchar(11) NOT NULL,
  `procedimento_codigo` varchar(10) NOT NULL DEFAULT '',
  `enfermeiro_unidade_cnes` varchar(10) NOT NULL DEFAULT '',
  `quantidade` int(11) DEFAULT NULL,
  `competencia` int(6) NOT NULL DEFAULT '0',
  PRIMARY KEY (`enfermeiro_cpf`,`procedimento_codigo`,`enfermeiro_unidade_cnes`,`competencia`),
  KEY `foreign_key_enfermeiro_unidade_cnes` (`enfermeiro_unidade_cnes`),
  KEY `foreign_key_procedimento_codigo` (`procedimento_codigo`),
  KEY `Index_4` (`enfermeiro_cpf`) USING BTREE,
  KEY `Index_5` (`competencia`) USING BTREE,
  CONSTRAINT `enfermeiro_executa_procedimento_ibfk_1` FOREIGN KEY (`enfermeiro_cpf`) REFERENCES `enfermeiro` (`servidor_cpf`),
  CONSTRAINT `enfermeiro_executa_procedimento_ibfk_2` FOREIGN KEY (`enfermeiro_unidade_cnes`) REFERENCES `enfermeiro` (`unidade_cnes`),
  CONSTRAINT `enfermeiro_executa_procedimento_ibfk_3` FOREIGN KEY (`procedimento_codigo`) REFERENCES `procedimento` (`codigo`)
) ENGINE=InnoDB DEFAULT CHARSET=latin1 ROW_FORMAT=DYNAMIC;

--
-- Dumping data for table `enfermeiro_executa_procedimento`
--

/*!40000 ALTER TABLE `enfermeiro_executa_procedimento` DISABLE KEYS */;
INSERT INTO `enfermeiro_executa_procedimento` (`enfermeiro_cpf`,`procedimento_codigo`,`enfermeiro_unidade_cnes`,`quantidade`,`competencia`) VALUES 
 ('09886798805','AP_AIDS','2345668',0,12012),
 ('09886798805','AP_AIDS','2345668',0,22012),
 ('09886798805','AP_DIAB','2345668',0,12012),
 ('09886798805','AP_DIAB','2345668',0,22012),
 ('09886798805','AP_HANS','2345668',1,12012),
 ('09886798805','AP_HANS','2345668',0,22012);
/*!40000 ALTER TABLE `enfermeiro_executa_procedimento` ENABLE KEYS */;


--
-- Definition of table `equipe`
--

DROP TABLE IF EXISTS `equipe`;
CREATE TABLE `equipe` (
  `codigo_segmento` int(2) NOT NULL,
  `codigo_area` int(4) NOT NULL,
  `tipo` int(2) NOT NULL,
  `unidade_cnes` varchar(10) NOT NULL,
  PRIMARY KEY (`codigo_area`,`unidade_cnes`) USING BTREE,
  KEY `foreing_key` (`unidade_cnes`),
  CONSTRAINT `foreing_key` FOREIGN KEY (`unidade_cnes`) REFERENCES `unidade` (`cnes`)
) ENGINE=InnoDB DEFAULT CHARSET=latin1;

--
-- Dumping data for table `equipe`
--

/*!40000 ALTER TABLE `equipe` DISABLE KEYS */;
INSERT INTO `equipe` (`codigo_segmento`,`codigo_area`,`tipo`,`unidade_cnes`) VALUES 
 (1,1,1,'5481287'),
 (10,3,2,'2345870'),
 (21,9,1,'2345544'),
 (51,12,1,'2345633'),
 (32,14,2,'2345625'),
 (22,15,3,'2345641'),
 (33,17,1,'2345668'),
 (1,24,1,'2345676');
/*!40000 ALTER TABLE `equipe` ENABLE KEYS */;


--
-- Definition of table `equipe_executa_procedimento`
--

DROP TABLE IF EXISTS `equipe_executa_procedimento`;
CREATE TABLE `equipe_executa_procedimento` (
  `equipe_codigo_area` int(4) NOT NULL,
  `unidade_cnes` varchar(10) NOT NULL DEFAULT '',
  `procedimento_codigo` varchar(10) NOT NULL DEFAULT '',
  `quantidade` int(11) DEFAULT NULL,
  `competencia` int(6) NOT NULL DEFAULT '0',
  PRIMARY KEY (`equipe_codigo_area`,`unidade_cnes`,`procedimento_codigo`,`competencia`) USING BTREE,
  KEY `equipe_executa_procedimento_ibfk_2` (`unidade_cnes`),
  KEY `equipe_executa_procedimento_ibfk_4` (`procedimento_codigo`),
  KEY `Index_4` (`competencia`),
  KEY `Index_5` (`equipe_codigo_area`) USING BTREE,
  CONSTRAINT `equipe_executa_procedimento_ibfk_1` FOREIGN KEY (`equipe_codigo_area`) REFERENCES `equipe` (`codigo_area`),
  CONSTRAINT `equipe_executa_procedimento_ibfk_2` FOREIGN KEY (`unidade_cnes`) REFERENCES `equipe` (`unidade_cnes`),
  CONSTRAINT `equipe_executa_procedimento_ibfk_4` FOREIGN KEY (`procedimento_codigo`) REFERENCES `procedimento` (`codigo`)
) ENGINE=InnoDB DEFAULT CHARSET=latin1 ROW_FORMAT=DYNAMIC;

--
-- Dumping data for table `equipe_executa_procedimento`
--

/*!40000 ALTER TABLE `equipe_executa_procedimento` DISABLE KEYS */;
/*!40000 ALTER TABLE `equipe_executa_procedimento` ENABLE KEYS */;


--
-- Definition of table `estados`
--

DROP TABLE IF EXISTS `estados`;
CREATE TABLE `estados` (
  `id` int(10) unsigned NOT NULL AUTO_INCREMENT,
  `estado_nome` varchar(30) DEFAULT NULL,
  `estado_sigla` varchar(2) DEFAULT NULL,
  `estado_codigo_ibge` varchar(2) DEFAULT NULL,
  PRIMARY KEY (`id`)
) ENGINE=InnoDB AUTO_INCREMENT=28 DEFAULT CHARSET=utf8;

--
-- Dumping data for table `estados`
--

/*!40000 ALTER TABLE `estados` DISABLE KEYS */;
INSERT INTO `estados` (`id`,`estado_nome`,`estado_sigla`,`estado_codigo_ibge`) VALUES 
 (1,'PERNAMBUCO','PE','26'),
 (2,'ALAGOAS','AL','27'),
 (3,'RIO DE JANEIRO','RJ','33'),
 (4,'SￃO PAULO','SP','35'),
 (5,'AMAZONA','AM','13'),
 (6,'RONDￔNIA','RO','11'),
 (7,'ACRE','AC','12'),
 (8,'RORAIMA','RR','14'),
 (9,'PARA','PA','15'),
 (10,'AMAP￁','AP','16'),
 (11,'TOCANTINS','TO','17'),
 (12,'MARANHￃO','MA','21'),
 (13,'PIAUￍ','PI','22'),
 (14,'CEAR￁','CE','23'),
 (15,'RIO  GRANDE DO NORTE','RN','24'),
 (16,'PARAￍBA','PB','25'),
 (17,'SERGIPE','SE','28'),
 (18,'BAHIA','BA','29'),
 (19,'MINAS GERAIS','MG','31'),
 (20,'ESPIRITO SANTO','ES','32'),
 (21,'PARAN￁','PR','41'),
 (22,'SANTA CATARINA','SC','42'),
 (23,'RIO GRANDE DO SUL','RS','43'),
 (24,'MATO GROSSO DO SUL','MS','50'),
 (25,'MATO GROSSO','MT','51'),
 (26,'GOI￁S','GO','52'),
 (27,'DISTRITO FEDERAL','DF','53');
/*!40000 ALTER TABLE `estados` ENABLE KEYS */;


--
-- Definition of table `falta`
--

DROP TABLE IF EXISTS `falta`;
CREATE TABLE `falta` (
  `dia` int(2) unsigned NOT NULL DEFAULT '1',
  `mes` int(2) unsigned NOT NULL,
  `servidor_cpf` varchar(11) NOT NULL,
  `data_envio` datetime NOT NULL,
  `obs_motivo` varchar(45) NOT NULL,
  `motivo_id` int(10) unsigned NOT NULL,
  `ano` int(4) unsigned NOT NULL,
  PRIMARY KEY (`dia`,`mes`,`ano`,`servidor_cpf`) USING BTREE,
  KEY `FK_falta_3` (`servidor_cpf`),
  KEY `FK_falta_4` (`motivo_id`),
  CONSTRAINT `FK_falta_3` FOREIGN KEY (`servidor_cpf`) REFERENCES `servidor` (`cpf`),
  CONSTRAINT `FK_falta_4` FOREIGN KEY (`motivo_id`) REFERENCES `motivo` (`id`)
) ENGINE=InnoDB DEFAULT CHARSET=latin1;

--
-- Dumping data for table `falta`
--

/*!40000 ALTER TABLE `falta` DISABLE KEYS */;
INSERT INTO `falta` (`dia`,`mes`,`servidor_cpf`,`data_envio`,`obs_motivo`,`motivo_id`,`ano`) VALUES 
 (1,1,'0912909880','2012-05-02 00:00:00','',1,2012),
 (1,1,'0988069880','2012-05-08 00:00:00','',1,2012),
 (1,3,'0912909880','2012-05-03 00:00:00','',1,2012),
 (1,4,'0912909880','2012-05-02 00:00:00','',1,2012),
 (2,1,'0912909880','2012-05-07 00:00:00','',2,2012),
 (2,3,'0912909880','2012-05-03 00:00:00','',1,2012),
 (3,1,'0912909880','2012-05-07 00:00:00','',1,2012),
 (3,1,'0988069880','2012-05-08 00:00:00','',2,2012),
 (5,4,'0912909880','2012-05-02 00:00:00','',1,2012),
 (6,1,'0912909880','2012-05-02 00:00:00','',1,2012),
 (7,1,'0912909880','2012-05-07 00:00:00','',1,2012),
 (8,4,'0912909880','2012-05-02 00:00:00','',1,2012),
 (9,1,'0988069880','2012-05-08 00:00:00','',1,2012),
 (9,4,'0912909880','2012-05-02 00:00:00','',1,2012),
 (11,1,'0988069880','2012-05-08 00:00:00','',2,2012),
 (14,1,'0912909880','2012-05-03 00:00:00','',1,2012),
 (17,4,'0912909880','2012-05-02 00:00:00','',2,2012),
 (18,4,'0912909880','2012-05-02 00:00:00','',2,2012),
 (20,1,'0912909880','2012-05-02 00:00:00','',1,2012);
/*!40000 ALTER TABLE `falta` ENABLE KEYS */;


--
-- Definition of trigger `total_falta_add`
--

DROP TRIGGER /*!50030 IF EXISTS */ `total_falta_add`;

DELIMITER $$

CREATE DEFINER = `root`@`localhost` TRIGGER `total_falta_add` AFTER INSERT ON `falta` FOR EACH ROW BEGIN
    IF((SELECT COUNT(fal.mes) FROM total_falta fal
			WHERE (fal.mes=NEW.mes AND  fal.ano=NEW.ano AND
			fal.servidor_cpf=NEW.servidor_cpf)))THEN

         UPDATE total_falta fal SET fal.quantidade=fal.quantidade+1 WHERE (fal.mes=NEW.mes AND  fal.ano=NEW.ano AND
			fal.servidor_cpf=NEW.servidor_cpf);

	   ELSE
	     INSERT INTO total_falta SET quantidade=1,servidor_cpf=NEW.servidor_cpf,ano=NEW.ano,mes=NEW.mes;

		END IF;
    END $$

DELIMITER ;

--
-- Definition of table `identidade`
--

DROP TABLE IF EXISTS `identidade`;
CREATE TABLE `identidade` (
  `servidor_cpf` varchar(11) NOT NULL DEFAULT '',
  `data_nascimento` date NOT NULL,
  `numero` varchar(20) NOT NULL,
  `orgao_expedidor` varchar(10) NOT NULL,
  `uf` char(2) NOT NULL,
  `sexo` char(1) NOT NULL,
  `estado_naturalidade_id` int(10) unsigned DEFAULT NULL,
  `cidade_naturalidade_id` int(10) DEFAULT NULL,
  `nome_pai` varchar(60) DEFAULT NULL,
  `nome_mae` varchar(60) DEFAULT NULL,
  PRIMARY KEY (`servidor_cpf`),
  KEY `FK_identidade_2` (`cidade_naturalidade_id`),
  KEY `FK_identidade_3` (`estado_naturalidade_id`),
  KEY `Index_servidor_cpf` (`servidor_cpf`) USING BTREE,
  CONSTRAINT `FK_identidade_2` FOREIGN KEY (`cidade_naturalidade_id`) REFERENCES `cidades` (`id`),
  CONSTRAINT `FK_identidade_3` FOREIGN KEY (`estado_naturalidade_id`) REFERENCES `estados` (`id`),
  CONSTRAINT `identidade_ibfk_1` FOREIGN KEY (`servidor_cpf`) REFERENCES `servidor` (`cpf`)
) ENGINE=InnoDB DEFAULT CHARSET=latin1 ROW_FORMAT=DYNAMIC;

--
-- Dumping data for table `identidade`
--

/*!40000 ALTER TABLE `identidade` DISABLE KEYS */;
/*!40000 ALTER TABLE `identidade` ENABLE KEYS */;


--
-- Definition of table `indicador`
--

DROP TABLE IF EXISTS `indicador`;
CREATE TABLE `indicador` (
  `id` int(11) NOT NULL AUTO_INCREMENT,
  `nome` varchar(30) NOT NULL,
  `descricao` varchar(100) NOT NULL,
  `profissao_codigo` int(4) DEFAULT NULL,
  `status` char(1) DEFAULT '1',
  `afericao` varchar(15) DEFAULT NULL,
  PRIMARY KEY (`id`),
  KEY `foreign_key_profissao_codigo` (`profissao_codigo`),
  CONSTRAINT `indicador_ibfk_1` FOREIGN KEY (`profissao_codigo`) REFERENCES `profissao` (`codigo`)
) ENGINE=InnoDB AUTO_INCREMENT=5 DEFAULT CHARSET=latin1;

--
-- Dumping data for table `indicador`
--

/*!40000 ALTER TABLE `indicador` DISABLE KEYS */;
INSERT INTO `indicador` (`id`,`nome`,`descricao`,`profissao_codigo`,`status`,`afericao`) VALUES 
 (1,'TESTE PARA MÉDICO','32R32443',690,'1','siab'),
 (2,'INDICADOR PARA ENFERMEIRO','R4R324R4',532,'1','RFEWWE'),
 (3,'INDICADOR PARA ODONTÓLOGO','3R32R',717,'1',''),
 (4,'INDICADOR PARA AGENTE DE SAUDE','EWR3R3R',1001,'1','WER3R');
/*!40000 ALTER TABLE `indicador` ENABLE KEYS */;


--
-- Definition of table `item`
--

DROP TABLE IF EXISTS `item`;
CREATE TABLE `item` (
  `id` int(11) NOT NULL DEFAULT '0',
  `nome` varchar(50) NOT NULL,
  `meta_id` int(11) NOT NULL,
  PRIMARY KEY (`id`),
  KEY `FK_item_1` (`meta_id`),
  CONSTRAINT `FK_item_1` FOREIGN KEY (`meta_id`) REFERENCES `meta` (`id`)
) ENGINE=InnoDB DEFAULT CHARSET=latin1;

--
-- Dumping data for table `item`
--

/*!40000 ALTER TABLE `item` DISABLE KEYS */;
INSERT INTO `item` (`id`,`nome`,`meta_id`) VALUES 
 (12,'item de teste',7),
 (23,'item cagado',7);
/*!40000 ALTER TABLE `item` ENABLE KEYS */;


--
-- Definition of table `medico`
--

DROP TABLE IF EXISTS `medico`;
CREATE TABLE `medico` (
  `servidor_cpf` varchar(11) NOT NULL,
  `unidade_cnes` varchar(10) NOT NULL DEFAULT '',
  `data_desativacao` date DEFAULT NULL,
  `data_cadastro` timestamp NOT NULL DEFAULT CURRENT_TIMESTAMP,
  `ativo` char(1) DEFAULT NULL,
  PRIMARY KEY (`servidor_cpf`,`unidade_cnes`),
  KEY `foreign_key_unidade_cnes` (`unidade_cnes`),
  KEY `Index_servidor_cpf` (`servidor_cpf`) USING BTREE,
  CONSTRAINT `medico_ibfk_1` FOREIGN KEY (`servidor_cpf`) REFERENCES `servidor` (`cpf`),
  CONSTRAINT `medico_ibfk_2` FOREIGN KEY (`unidade_cnes`) REFERENCES `unidade` (`cnes`)
) ENGINE=InnoDB DEFAULT CHARSET=latin1 ROW_FORMAT=DYNAMIC;

--
-- Dumping data for table `medico`
--

/*!40000 ALTER TABLE `medico` DISABLE KEYS */;
INSERT INTO `medico` (`servidor_cpf`,`unidade_cnes`,`data_desativacao`,`data_cadastro`,`ativo`) VALUES 
 ('09886798805','2345676',NULL,'2012-05-15 10:20:29',NULL),
 ('43243243242','2345544',NULL,'2012-05-28 10:13:01',NULL),
 ('45645645645','2345633',NULL,'2012-05-28 10:13:01',NULL),
 ('45645645645','2345870',NULL,'2012-06-11 00:00:00','1'),
 ('45645645646','5481287',NULL,'2012-05-28 10:13:01',NULL),
 ('45645645656','2345870',NULL,'2012-05-28 10:13:01',NULL);
/*!40000 ALTER TABLE `medico` ENABLE KEYS */;


--
-- Definition of table `medico_executa_item`
--

DROP TABLE IF EXISTS `medico_executa_item`;
CREATE TABLE `medico_executa_item` (
  `medico_cpf` varchar(11) NOT NULL,
  `item_id` int(11) NOT NULL,
  `medico_unidade_cnes` varchar(10) NOT NULL DEFAULT '',
  `quantidade` int(11) DEFAULT NULL,
  `competencia` int(6) NOT NULL,
  PRIMARY KEY (`medico_cpf`,`item_id`,`medico_unidade_cnes`,`competencia`),
  KEY `FK_medico_executa_item_medico_unidade` (`medico_cpf`,`medico_unidade_cnes`),
  KEY `FK_medico_executa_item_item_id` (`item_id`),
  KEY `FK_medico_executa_item_competencia` (`competencia`),
  CONSTRAINT `FK_medico_executa_item_competencia` FOREIGN KEY (`competencia`) REFERENCES `competencia` (`mes_ano`),
  CONSTRAINT `FK_medico_executa_item_item_id` FOREIGN KEY (`item_id`) REFERENCES `item` (`id`),
  CONSTRAINT `FK_medico_executa_item_medico_unidade` FOREIGN KEY (`medico_cpf`, `medico_unidade_cnes`) REFERENCES `medico` (`servidor_cpf`, `unidade_cnes`)
) ENGINE=InnoDB DEFAULT CHARSET=latin1;

--
-- Dumping data for table `medico_executa_item`
--

/*!40000 ALTER TABLE `medico_executa_item` DISABLE KEYS */;
/*!40000 ALTER TABLE `medico_executa_item` ENABLE KEYS */;


--
-- Definition of table `medico_executa_meta`
--

DROP TABLE IF EXISTS `medico_executa_meta`;
CREATE TABLE `medico_executa_meta` (
  `medico_cpf` varchar(11) NOT NULL DEFAULT '',
  `unidade_cnes` varchar(10) NOT NULL,
  `meta_id` int(11) NOT NULL,
  `total` int(11) DEFAULT '0',
  `competencia` int(6) NOT NULL,
  PRIMARY KEY (`medico_cpf`,`meta_id`,`competencia`),
  KEY `FK_medico_executa_meta_medico_unidade` (`medico_cpf`,`unidade_cnes`),
  KEY `FK_medico_executa_meta_meta` (`meta_id`),
  KEY `FK_medico_executa_meta_competencia` (`competencia`),
  CONSTRAINT `FK_medico_executa_meta_competencia` FOREIGN KEY (`competencia`) REFERENCES `competencia` (`mes_ano`),
  CONSTRAINT `FK_medico_executa_meta_medico_unidade` FOREIGN KEY (`medico_cpf`, `unidade_cnes`) REFERENCES `medico` (`servidor_cpf`, `unidade_cnes`),
  CONSTRAINT `FK_medico_executa_meta_meta` FOREIGN KEY (`meta_id`) REFERENCES `meta` (`id`)
) ENGINE=InnoDB DEFAULT CHARSET=latin1;

--
-- Dumping data for table `medico_executa_meta`
--

/*!40000 ALTER TABLE `medico_executa_meta` DISABLE KEYS */;
/*!40000 ALTER TABLE `medico_executa_meta` ENABLE KEYS */;


--
-- Definition of table `medico_executa_procedimento`
--

DROP TABLE IF EXISTS `medico_executa_procedimento`;
CREATE TABLE `medico_executa_procedimento` (
  `medico_cpf` varchar(11) NOT NULL,
  `procedimento_codigo` varchar(10) NOT NULL DEFAULT '',
  `medico_unidade_cnes` varchar(10) NOT NULL DEFAULT '',
  `quantidade` int(11) DEFAULT NULL,
  `competencia` int(6) NOT NULL DEFAULT '0',
  PRIMARY KEY (`medico_cpf`,`procedimento_codigo`,`medico_unidade_cnes`,`competencia`),
  KEY `foreign_key_medico_unidade_cnes` (`medico_unidade_cnes`),
  KEY `foreign_key_procedimento_codigo` (`procedimento_codigo`),
  KEY `Index_medico_cpf` (`medico_cpf`) USING BTREE,
  KEY `Index_competencia` (`competencia`),
  CONSTRAINT `medico_executa_procedimento_ibfk_1` FOREIGN KEY (`medico_cpf`) REFERENCES `medico` (`servidor_cpf`),
  CONSTRAINT `medico_executa_procedimento_ibfk_2` FOREIGN KEY (`medico_unidade_cnes`) REFERENCES `medico` (`unidade_cnes`),
  CONSTRAINT `medico_executa_procedimento_ibfk_3` FOREIGN KEY (`procedimento_codigo`) REFERENCES `procedimento` (`codigo`)
) ENGINE=InnoDB DEFAULT CHARSET=latin1 ROW_FORMAT=DYNAMIC;

--
-- Dumping data for table `medico_executa_procedimento`
--

/*!40000 ALTER TABLE `medico_executa_procedimento` DISABLE KEYS */;
INSERT INTO `medico_executa_procedimento` (`medico_cpf`,`procedimento_codigo`,`medico_unidade_cnes`,`quantidade`,`competencia`) VALUES 
 ('09886798805','AP_CITO','2345676',2,22012),
 ('09886798805','CONMED1','2345676',2,22012),
 ('09886798805','CONMED3','2345676',5,22012),
 ('43243243242','AP_CITO','2345544',0,12012),
 ('43243243242','AP_CITO','2345544',0,22012),
 ('43243243242','CONMED1','2345544',0,12012),
 ('43243243242','CONMED1','2345544',0,22012),
 ('43243243242','CONMED3','2345544',8,12012),
 ('43243243242','CONMED3','2345544',5,22012),
 ('43243243242','CONMED4','2345544',9,12012),
 ('43243243242','CONMED4','2345544',13,22012),
 ('43243243242','CONMED5','2345544',13,12012),
 ('43243243242','CONMED5','2345544',2,22012),
 ('43243243242','CONMED6','2345544',64,12012),
 ('43243243242','CONMED6','2345544',38,22012),
 ('43243243242','CONMED7','2345544',49,12012),
 ('43243243242','CONMED7','2345544',31,22012),
 ('45645645645','AP_CITO','2345633',0,12012),
 ('45645645645','AP_CITO','2345633',0,22012),
 ('45645645645','AP_CITO','2345870',1,12012),
 ('45645645645','AP_CITO','2345870',0,22012),
 ('45645645645','CONMED1','2345633',0,12012),
 ('45645645645','CONMED1','2345633',4,22012),
 ('45645645645','CONMED1','2345870',0,12012),
 ('45645645645','CONMED1','2345870',0,22012),
 ('45645645645','CONMED3','2345633',0,12012),
 ('45645645645','CONMED3','2345633',20,22012),
 ('45645645645','CONMED3','2345870',8,12012),
 ('45645645645','CONMED3','2345870',4,22012),
 ('45645645645','CONMED4','2345633',0,12012),
 ('45645645645','CONMED4','2345633',20,22012),
 ('45645645645','CONMED4','2345870',4,12012),
 ('45645645645','CONMED4','2345870',5,22012),
 ('45645645645','CONMED5','2345633',0,12012),
 ('45645645645','CONMED5','2345633',10,22012),
 ('45645645645','CONMED5','2345870',3,12012),
 ('45645645645','CONMED5','2345870',5,22012),
 ('45645645645','CONMED6','2345633',0,12012),
 ('45645645645','CONMED6','2345633',70,22012),
 ('45645645645','CONMED6','2345870',26,12012),
 ('45645645645','CONMED6','2345870',16,22012),
 ('45645645645','CONMED7','2345633',0,12012),
 ('45645645645','CONMED7','2345633',39,22012),
 ('45645645645','CONMED7','2345870',9,12012),
 ('45645645645','CONMED7','2345870',14,22012),
 ('45645645646','AP_CITO','5481287',0,12012),
 ('45645645646','AP_CITO','5481287',0,22012),
 ('45645645646','CONMED1','5481287',0,12012),
 ('45645645646','CONMED1','5481287',0,22012),
 ('45645645646','CONMED3','5481287',0,12012),
 ('45645645646','CONMED3','5481287',0,22012),
 ('45645645646','CONMED4','5481287',0,12012),
 ('45645645646','CONMED4','5481287',0,22012),
 ('45645645646','CONMED5','5481287',0,12012),
 ('45645645646','CONMED5','5481287',0,22012),
 ('45645645646','CONMED6','5481287',0,12012),
 ('45645645646','CONMED6','5481287',0,22012),
 ('45645645646','CONMED7','5481287',0,12012),
 ('45645645646','CONMED7','5481287',0,22012);
/*!40000 ALTER TABLE `medico_executa_procedimento` ENABLE KEYS */;


--
-- Definition of table `meses`
--

DROP TABLE IF EXISTS `meses`;
CREATE TABLE `meses` (
  `id` int(2) NOT NULL,
  `nome` varchar(15) DEFAULT NULL,
  PRIMARY KEY (`id`)
) ENGINE=InnoDB DEFAULT CHARSET=latin1;

--
-- Dumping data for table `meses`
--

/*!40000 ALTER TABLE `meses` DISABLE KEYS */;
INSERT INTO `meses` (`id`,`nome`) VALUES 
 (1,'JANEIRO'),
 (2,'FEVEREIRO'),
 (3,'MARÇO'),
 (4,'ABRIL'),
 (5,'MAIO'),
 (6,'JUNHO'),
 (7,'JULHO'),
 (8,'AGOSTO'),
 (9,'SETEMBRO'),
 (10,'OUTUBRO'),
 (11,'NOVEMBRO'),
 (12,'DEZEMBRO');
/*!40000 ALTER TABLE `meses` ENABLE KEYS */;


--
-- Definition of table `meta`
--

DROP TABLE IF EXISTS `meta`;
CREATE TABLE `meta` (
  `id` int(11) NOT NULL AUTO_INCREMENT,
  `nome` varchar(40) NOT NULL,
  `periodicidade_id` int(2) NOT NULL,
  `tipo` char(2) NOT NULL,
  `indicador_id` int(11) DEFAULT NULL,
  `valor` int(11) NOT NULL,
  `percentagem` int(3) DEFAULT '100',
  PRIMARY KEY (`id`),
  KEY `foreign_key_periodicidade_id` (`periodicidade_id`),
  KEY `foreign_key_indicador_id` (`indicador_id`),
  CONSTRAINT `meta_ibfk_1` FOREIGN KEY (`periodicidade_id`) REFERENCES `periodicidade` (`id`),
  CONSTRAINT `meta_ibfk_3` FOREIGN KEY (`indicador_id`) REFERENCES `indicador` (`id`)
) ENGINE=InnoDB AUTO_INCREMENT=8 DEFAULT CHARSET=latin1;

--
-- Dumping data for table `meta`
--

/*!40000 ALTER TABLE `meta` DISABLE KEYS */;
INSERT INTO `meta` (`id`,`nome`,`periodicidade_id`,`tipo`,`indicador_id`,`valor`,`percentagem`) VALUES 
 (1,'META DE TESTE',4,'PR',1,1344,100),
 (2,'META DE TESTE',4,'PR',2,23,100),
 (3,'META DE TESTE',1,'PR',3,23,100),
 (4,'META DE TESTE',4,'PR',4,32432,100),
 (5,'segunda meta de medico',4,'PR',1,234,100),
 (6,'meta de itens pow',1,'IT',2,45,100),
 (7,'meta de itens pow',4,'IT',1,12,100);
/*!40000 ALTER TABLE `meta` ENABLE KEYS */;


--
-- Definition of table `meta_procedimento`
--

DROP TABLE IF EXISTS `meta_procedimento`;
CREATE TABLE `meta_procedimento` (
  `meta_id` int(11) NOT NULL,
  `procedimento_codigo` varchar(10) NOT NULL,
  PRIMARY KEY (`meta_id`,`procedimento_codigo`) USING BTREE,
  KEY `FK_meta_procedimento_2` (`procedimento_codigo`) USING BTREE,
  CONSTRAINT `FK_meta_procedimento_1` FOREIGN KEY (`meta_id`) REFERENCES `meta` (`id`),
  CONSTRAINT `FK_meta_procedimento_2` FOREIGN KEY (`procedimento_codigo`) REFERENCES `procedimento` (`codigo`)
) ENGINE=InnoDB DEFAULT CHARSET=latin1;

--
-- Dumping data for table `meta_procedimento`
--

/*!40000 ALTER TABLE `meta_procedimento` DISABLE KEYS */;
INSERT INTO `meta_procedimento` (`meta_id`,`procedimento_codigo`) VALUES 
 (2,'AP_AIDS'),
 (1,'AP_CITO'),
 (2,'AP_DIAB'),
 (2,'AP_HANS'),
 (1,'CONMED1'),
 (1,'CONMED3'),
 (5,'CONMED4'),
 (5,'CONMED5'),
 (5,'CONMED6'),
 (5,'CONMED7'),
 (4,'NFAMICAD'),
 (4,'NVISITAS'),
 (4,'OBITOOUT'),
 (3,'V_PRONS');
/*!40000 ALTER TABLE `meta_procedimento` ENABLE KEYS */;


--
-- Definition of table `motivo`
--

DROP TABLE IF EXISTS `motivo`;
CREATE TABLE `motivo` (
  `id` int(10) unsigned NOT NULL AUTO_INCREMENT,
  `descricao` varchar(45) NOT NULL,
  PRIMARY KEY (`id`)
) ENGINE=InnoDB AUTO_INCREMENT=3 DEFAULT CHARSET=latin1;

--
-- Dumping data for table `motivo`
--

/*!40000 ALTER TABLE `motivo` DISABLE KEYS */;
INSERT INTO `motivo` (`id`,`descricao`) VALUES 
 (1,'não justificada'),
 (2,'licensa');
/*!40000 ALTER TABLE `motivo` ENABLE KEYS */;


--
-- Definition of table `odontologo`
--

DROP TABLE IF EXISTS `odontologo`;
CREATE TABLE `odontologo` (
  `servidor_cpf` varchar(11) NOT NULL,
  `unidade_cnes` varchar(10) NOT NULL DEFAULT '',
  `ativo` char(1) DEFAULT NULL,
  `data_cadastro` timestamp NOT NULL DEFAULT CURRENT_TIMESTAMP,
  `data_desativacao` date DEFAULT NULL,
  PRIMARY KEY (`servidor_cpf`,`unidade_cnes`),
  KEY `foreign_key_unidade_cnes` (`unidade_cnes`),
  CONSTRAINT `odontologo_ibfk_1` FOREIGN KEY (`servidor_cpf`) REFERENCES `servidor` (`cpf`),
  CONSTRAINT `odontologo_ibfk_2` FOREIGN KEY (`unidade_cnes`) REFERENCES `unidade` (`cnes`)
) ENGINE=InnoDB DEFAULT CHARSET=latin1;

--
-- Dumping data for table `odontologo`
--

/*!40000 ALTER TABLE `odontologo` DISABLE KEYS */;
INSERT INTO `odontologo` (`servidor_cpf`,`unidade_cnes`,`ativo`,`data_cadastro`,`data_desativacao`) VALUES 
 ('0912909880','2345676','1','2012-05-15 00:00:00',NULL),
 ('09809809809','2345676','1','2012-05-15 00:00:00',NULL),
 ('0988069880','2345676','1','2012-05-15 00:00:00',NULL),
 ('45645645646','2345668','1','2012-06-11 00:00:00',NULL);
/*!40000 ALTER TABLE `odontologo` ENABLE KEYS */;


--
-- Definition of table `odontologo_executa_item`
--

DROP TABLE IF EXISTS `odontologo_executa_item`;
CREATE TABLE `odontologo_executa_item` (
  `odontologo_cpf` varchar(11) NOT NULL,
  `item_id` int(11) NOT NULL,
  `odontologo_unidade_cnes` varchar(10) NOT NULL DEFAULT '',
  `quantidade` int(11) DEFAULT NULL,
  `competencia` int(6) NOT NULL,
  PRIMARY KEY (`odontologo_cpf`,`item_id`,`odontologo_unidade_cnes`,`competencia`),
  KEY `FK_odontologo_executa_item_odontologo_unidade` (`odontologo_cpf`,`odontologo_unidade_cnes`),
  KEY `FK_odontologo_executa_item_item_id` (`item_id`),
  KEY `FK_odontologo_item_competencia` (`competencia`),
  CONSTRAINT `FK_odontologo_executa_item_item_id` FOREIGN KEY (`item_id`) REFERENCES `item` (`id`),
  CONSTRAINT `FK_odontologo_executa_item_odontologo_unidade` FOREIGN KEY (`odontologo_cpf`, `odontologo_unidade_cnes`) REFERENCES `odontologo` (`servidor_cpf`, `unidade_cnes`),
  CONSTRAINT `FK_odontologo_item_competencia` FOREIGN KEY (`competencia`) REFERENCES `competencia` (`mes_ano`)
) ENGINE=InnoDB DEFAULT CHARSET=latin1;

--
-- Dumping data for table `odontologo_executa_item`
--

/*!40000 ALTER TABLE `odontologo_executa_item` DISABLE KEYS */;
/*!40000 ALTER TABLE `odontologo_executa_item` ENABLE KEYS */;


--
-- Definition of table `odontologo_executa_meta`
--

DROP TABLE IF EXISTS `odontologo_executa_meta`;
CREATE TABLE `odontologo_executa_meta` (
  `odontologo_cpf` varchar(11) NOT NULL DEFAULT '',
  `unidade_cnes` varchar(10) DEFAULT NULL,
  `meta_id` int(11) NOT NULL DEFAULT '0',
  `total` int(11) DEFAULT NULL,
  `data_inicio` date NOT NULL DEFAULT '0000-00-00',
  `data_fim` date NOT NULL DEFAULT '0000-00-00',
  PRIMARY KEY (`odontologo_cpf`,`meta_id`,`data_inicio`,`data_fim`),
  KEY `odontologo_cpf` (`odontologo_cpf`),
  KEY `meta_id` (`meta_id`),
  KEY `unidade_cnes` (`unidade_cnes`),
  KEY `FK_odontologo_saude_executa_meta_odontologo` (`odontologo_cpf`,`unidade_cnes`),
  CONSTRAINT `FK_odontologo_saude_executa_meta_meta_id` FOREIGN KEY (`meta_id`) REFERENCES `meta` (`id`),
  CONSTRAINT `FK_odontologo_saude_executa_meta_odontologo` FOREIGN KEY (`odontologo_cpf`, `unidade_cnes`) REFERENCES `odontologo` (`servidor_cpf`, `unidade_cnes`)
) ENGINE=InnoDB DEFAULT CHARSET=latin1 ROW_FORMAT=DYNAMIC;

--
-- Dumping data for table `odontologo_executa_meta`
--

/*!40000 ALTER TABLE `odontologo_executa_meta` DISABLE KEYS */;
/*!40000 ALTER TABLE `odontologo_executa_meta` ENABLE KEYS */;


--
-- Definition of table `odontologo_executa_procedimento`
--

DROP TABLE IF EXISTS `odontologo_executa_procedimento`;
CREATE TABLE `odontologo_executa_procedimento` (
  `odontologo_cpf` varchar(11) NOT NULL,
  `procedimento_codigo` varchar(10) NOT NULL DEFAULT '',
  `odontologo_unidade_cnes` varchar(10) NOT NULL DEFAULT '',
  `quantidade` int(11) DEFAULT NULL,
  `competencia` int(6) NOT NULL DEFAULT '0',
  PRIMARY KEY (`odontologo_cpf`,`procedimento_codigo`,`odontologo_unidade_cnes`,`competencia`),
  KEY `foreign_key_odontologo_unidade_cnes` (`odontologo_unidade_cnes`),
  KEY `foreign_key_procedimento_codigo` (`procedimento_codigo`),
  CONSTRAINT `odontologo_executa_procedimento_ibfk_1` FOREIGN KEY (`odontologo_cpf`) REFERENCES `odontologo` (`servidor_cpf`),
  CONSTRAINT `odontologo_executa_procedimento_ibfk_2` FOREIGN KEY (`odontologo_unidade_cnes`) REFERENCES `odontologo` (`unidade_cnes`),
  CONSTRAINT `odontologo_executa_procedimento_ibfk_3` FOREIGN KEY (`procedimento_codigo`) REFERENCES `procedimento` (`codigo`)
) ENGINE=InnoDB DEFAULT CHARSET=latin1;

--
-- Dumping data for table `odontologo_executa_procedimento`
--

/*!40000 ALTER TABLE `odontologo_executa_procedimento` DISABLE KEYS */;
INSERT INTO `odontologo_executa_procedimento` (`odontologo_cpf`,`procedimento_codigo`,`odontologo_unidade_cnes`,`quantidade`,`competencia`) VALUES 
 ('45645645646','V_PRONS','2345668',10,12012),
 ('45645645646','V_PRONS','2345668',20,22012);
/*!40000 ALTER TABLE `odontologo_executa_procedimento` ENABLE KEYS */;


--
-- Definition of table `periodicidade`
--

DROP TABLE IF EXISTS `periodicidade`;
CREATE TABLE `periodicidade` (
  `id` int(2) NOT NULL AUTO_INCREMENT,
  `nome` varchar(30) DEFAULT NULL,
  `valor_dias` int(3) DEFAULT NULL,
  PRIMARY KEY (`id`)
) ENGINE=InnoDB AUTO_INCREMENT=9 DEFAULT CHARSET=latin1;

--
-- Dumping data for table `periodicidade`
--

/*!40000 ALTER TABLE `periodicidade` DISABLE KEYS */;
INSERT INTO `periodicidade` (`id`,`nome`,`valor_dias`) VALUES 
 (1,'DIÁRIA',1),
 (2,'SEMANAL',7),
 (3,'QUINZENAL',15),
 (4,'MENSAL',30),
 (5,'BIMESTRAL',60),
 (6,'TRIMESTRAL',90),
 (7,'SEMESTRAL',180),
 (8,'ANUAL',365);
/*!40000 ALTER TABLE `periodicidade` ENABLE KEYS */;


--
-- Definition of table `procedimento`
--

DROP TABLE IF EXISTS `procedimento`;
CREATE TABLE `procedimento` (
  `codigo` varchar(10) NOT NULL,
  `nome` varchar(250) NOT NULL,
  `tipo_complexidade` varchar(1) NOT NULL,
  `tipo_sexo` varchar(1) NOT NULL,
  `quantidade_maxima_execucao` int(4) unsigned NOT NULL,
  `quantidade_dias_permanencia` int(4) unsigned NOT NULL,
  `quantidade_pontos` int(4) unsigned NOT NULL,
  `validade_idade_minima` int(4) unsigned NOT NULL,
  `validade_idade_maxima` int(4) unsigned NOT NULL,
  `validade_sh` int(10) unsigned NOT NULL,
  `validade_sa` int(10) unsigned NOT NULL,
  `validade_sp` int(10) unsigned NOT NULL,
  `codigo_financiamento` varchar(2) NOT NULL,
  `codigo_rubrica` varchar(6) NOT NULL,
  `data_competencia` char(6) NOT NULL,
  `origem` varchar(10) NOT NULL DEFAULT 'SIA',
  `codigo_profissao` int(4) DEFAULT NULL,
  PRIMARY KEY (`codigo`),
  KEY `FK_procedimento_1` (`codigo_profissao`),
  CONSTRAINT `FK_procedimento_1` FOREIGN KEY (`codigo_profissao`) REFERENCES `profissao` (`codigo`)
) ENGINE=InnoDB DEFAULT CHARSET=latin1;

--
-- Dumping data for table `procedimento`
--

/*!40000 ALTER TABLE `procedimento` DISABLE KEYS */;
INSERT INTO `procedimento` (`codigo`,`nome`,`tipo_complexidade`,`tipo_sexo`,`quantidade_maxima_execucao`,`quantidade_dias_permanencia`,`quantidade_pontos`,`validade_idade_minima`,`validade_idade_maxima`,`validade_sh`,`validade_sa`,`validade_sp`,`codigo_financiamento`,`codigo_rubrica`,`data_competencia`,`origem`,`codigo_profissao`) VALUES 
 ('AP_AIDS','NÚMERO DE ATENDIMENTOS DE DST/AIDS REALIZADOS NO MÊS PELA EQUIPE','1','S',0,0,0,0,0,0,0,0,'00','000','000000','SIAB',NULL),
 ('AP_ATEN','NÚMERO DE ENCAMINHAMENTOS - ATENDIMENTO ESPECIALIZADO REALIZADOS NO MÊS PELA EQUIPE','1','S',0,0,0,0,0,0,0,0,'00','000','000000','SIAB',NULL),
 ('AP_CITO','NÚMERO DE EXAMES COMPLEMENTARES – CITOPATOLÓGICO CERV-VAGINAL REALIZADOS NO MÊS PELA EQUIPE','1','F',0,0,0,0,0,0,0,0,'00','000','000000','SIAB',NULL),
 ('AP_CURA','NÚMERO DE CURATIVOS REALIZADOS NO MÊS PELA EQUIPE','1','S',0,0,0,0,0,0,0,0,'00','000','000000','SIAB',NULL),
 ('AP_DIAB','NÚMERO DE ATENDIMENTOS DE DIABETES REALIZADOS NO MÊS PELA EQUIPE','1','S',0,0,0,0,0,0,0,0,'00','000','000000','SIAB',NULL),
 ('AP_ENFE','NÚMERO DE ATENDIMENTOS INDIVIDUAIS REALIZADOS PELO ENFERMEIRO DA EQUIPE NO MÊS','1','S',0,0,0,0,0,0,0,0,'00','000','000000','SIAB',NULL),
 ('AP_ESPE','NÚMERO DE ATENDIMENTOS ESPECÍFICOS PARA AC TRABALHO NO MÊS PELA EQUIPE','1','S',0,0,0,0,0,0,0,0,'00','000','000000','SIAB',NULL),
 ('AP_GRUP','NÚMERO DE ATENDIMENTOS EM GRUPO – EDUCAÇÃO EM SAÚDE REALIZADOS NO MÊS PELA EQUIPE','1','S',0,0,0,0,0,0,0,0,'00','000','000000','SIAB',NULL),
 ('AP_HANS','NÚMERO DE ATENDIMENTOS DE HANSENÍASE REALIZADOS NO MÊS PELA EQUIPE','1','S',0,0,0,0,0,0,0,0,'00','000','000000','SIAB',NULL),
 ('AP_HIPE','NÚMERO DE ATENDIMENTOS DE HIPERTENSÃO ARTERIAL REALIZADOS NO MÊS PELA EQUIPE','1','S',0,0,0,0,0,0,0,0,'00','000','000000','SIAB',NULL),
 ('AP_INAL','NÚMERO DE INALAÇÕES REALIZADAS NO MÊS PELA EQUIPE','1','S',0,0,0,0,0,0,0,0,'00','000','000000','SIAB',NULL),
 ('AP_INDI','NÚMERO DE ATENDIMENTOS INDIVIDUAIS REALIZADOS POR OUTRO PROF. NÍVEL SUPERIOR NO MÊS','1','S',0,0,0,0,0,0,0,0,'00','000','000000','SIAB',NULL),
 ('AP_INJE','NÚMERO DE INJEÇÕES REALIZADAS NO MÊS PELA EQUIPE','1','S',0,0,0,0,0,0,0,0,'00','000','000000','SIAB',NULL),
 ('AP_INTD','NÚMERO DE INTERNAÇÃO DOMICILIAR REALIZADAS NO MÊS PELA EQUIPE','1','S',0,0,0,0,0,0,0,0,'00','000','000000','SIAB',NULL),
 ('AP_INTH','NÚMERO DE ENCAMINHAMENTOS – INTERNAÇÃO HOSPITALAR REALIZADOS NO MÊS PELA EQUIPE','1','S',0,0,0,0,0,0,0,0,'00','000','000000','SIAB',NULL),
 ('AP_OUTR','NÚMERO DE EXAMES COMPLEMENTARES – OUTROS SOLICITADOS NO MÊS PELA EQUIPE','1','S',0,0,0,0,0,0,0,0,'00','000','000000','SIAB',NULL),
 ('AP_PATO','NÚMERO DE EXAMES COMPLEMENTARES – PATOLOGIA CLINICA SOLICITADOS NO MÊS PELA EQUIPE','1','S',0,0,0,0,0,0,0,0,'00','000','000000','SIAB',NULL),
 ('AP_PREN','NÚMERO DE ATENDIMENTOS DE PRÉ-NATAL REALIZADOS NO MÊS PELA EQUIPE','1','F',0,0,0,0,0,0,0,0,'00','000','000000','SIAB',NULL),
 ('AP_PREV','NÚMERO DE ATENDIMENTOS DE PREVENÇÃO CA CÉRVICO-UTERINO (ATENDIMENTOS + COLETAS) NO MÊS PELA EQUIPE','1','F',0,0,0,0,0,0,0,0,'00','000','000000','SIAB',NULL),
 ('AP_PROC','NÚMERO DE PROCEDIMENTO COLETIVOS I (PC I) REALIZADOS NO MÊS PELA EQUIPE','1','S',0,0,0,0,0,0,0,0,'00','000','000000','SIAB',NULL),
 ('AP_PUER','NÚMERO DE ATENDIMENTOS DE PUERICULTURA REALIZADOS NO MÊS PELA EQUIPE','1','S',0,0,0,0,0,0,0,0,'00','000','000000','SIAB',NULL),
 ('AP_RADI','NÚMERO DE EXAMES COMPLEMENTARES – RADIODIAGNÓSTICO SOLICITADOS NO MÊS PELA EQUIPE','1','S',0,0,0,0,0,0,0,0,'00','000','000000','SIAB',NULL),
 ('AP_RETI','NÚMERO DE RETIRADAS DE PONTOS REALIZADAS NO MÊS PELA EQUIPE','1','S',0,0,0,0,0,0,0,0,'00','000','000000','SIAB',NULL),
 ('AP_REUN','NÚMERO DE REUNIÕES REALIZADAS NO MÊS PELA EQUIPE','1','S',0,0,0,0,0,0,0,0,'00','000','000000','SIAB',NULL),
 ('AP_SUTU','NÚMERO DE SUTURAS REALIZADAS NO MÊS PELA EQUIPE','1','S',0,0,0,0,0,0,0,0,'00','000','000000','SIAB',NULL),
 ('AP_TERA','NÚMERO DE TERAPIAS DE REIDRATAÇÃO ORAL REALIZADAS NO MÊS PELA EQUIPE','1','S',0,0,0,0,0,0,0,0,'00','000','000000','SIAB',NULL),
 ('AP_TUBE','NÚMERO DE ATENDIMENTOS DE TUBERCULOSE REALIZADOS NO MÊS PELA EQUIPE','1','S',0,0,0,0,0,0,0,0,'00','000','000000','SIAB',NULL),
 ('AP_ULTR','NÚMERO DE EXAMES COMPLEMENTARES – ULTRASSOM OBSTÉTRICO SOLICITADOS NO MÊS PELA EQUIPE','1','F',0,0,0,0,0,0,0,0,'00','000','000000','SIAB',NULL),
 ('AP_URGE','NÚMERO DE ENCAMINHAMENTOS – URGÊNCIA/EMERGÊNCIA REALIZADOS NO MÊS PELA EQUIPE','1','S',0,0,0,0,0,0,0,0,'00','000','000000','SIAB',NULL),
 ('AP_VISI','NÚMERO DE VISITAS DE INSPEÇÃO SANITÁRIA REALIZADAS NO MÊS PELA EQUIPE','1','S',0,0,0,0,0,0,0,0,'00','000','000000','SIAB',NULL),
 ('CONMED1','NÚMERO DE CONSULTAS PARA RESIDENTES NO MUNICÍPIO PARA < 1 ANO REALIZADAS NO MÊS PELA EQUIPE','1','S',0,0,0,0,0,0,0,0,'00','000','000000','SIAB',NULL),
 ('CONMED2','NÚMERO DE CONSULTAS PARA RESIDENTES NO MUNICÍPIO DE 1-4 ANOS REALIZADAS NO MÊS PELA EQUIPE','1','S',0,0,0,0,0,0,0,0,'00','000','000000','SIAB',NULL),
 ('CONMED3','NÚMERO DE CONSULTAS PARA RESIDENTES NO MUNICÍPIO DE 5-9 ANOS REALIZADAS NO MÊS PELA EQUIPE','1','S',0,0,0,0,0,0,0,0,'00','000','000000','SIAB',NULL),
 ('CONMED4','NÚMERO DE CONSULTAS PARA RESIDENTES NO MUNICÍPIO DE 10-14 ANOS REALIZADAS NO MÊS PELA EQUIPE','1','S',0,0,0,0,0,0,0,0,'00','000','000000','SIAB',NULL),
 ('CONMED5','NÚMERO DE CONSULTAS PARA RESIDENTES NO MUNICÍPIO DE 15-19 ANOS REALIZADAS NO MÊS PELA EQUIPE','1','S',0,0,0,0,0,0,0,0,'00','000','000000','SIAB',NULL),
 ('CONMED6','NÚMERO DE CONSULTAS PARA RESIDENTES NO MUNICÍPIO DE 20-39 ANOS REALIZADAS NO MÊS PELA EQUIPE','1','S',0,0,0,0,0,0,0,0,'00','000','000000','SIAB',NULL),
 ('CONMED7','NÚMERO DE CONSULTAS PARA RESIDENTES NO MUNICÍPIO DE 40-49 ANOS REALIZADAS NO MÊS PELA EQUIPE','1','S',0,0,0,0,0,0,0,0,'00','000','000000','SIAB',NULL),
 ('CONMED8','NÚMERO DE CONSULTAS PARA RESIDENTES NO MUNICÍPIO DE 50-59 ANOS REALIZADAS NO MÊS PELA EQUIPE','1','S',0,0,0,0,0,0,0,0,'00','000','000000','SIAB',NULL),
 ('CONMED9','NÚMERO DE CONSULTAS PARA RESIDENTES NO MUNICÍPIO DE 60 E MAIS REALIZADAS NO MÊS PELA EQUIPE','1','S',0,0,0,0,0,0,0,0,'00','000','000000','SIAB',NULL),
 ('C_0A11','NÚMERO DE CRIANÇAS DE 0 A 11 MESES E 29 DIAS NA MICROAREA','1','S',0,0,0,0,0,0,0,0,'00','000','000000','SIAB',1001),
 ('C_0A112P','NÚMERO DE CRIANÇAS DE 0 A 11 MESES E 29 DIAS PESADAS NA MICROAREA','1','S',0,0,0,0,0,0,0,0,'00','000','000000','SIAB',1001),
 ('C_0A11GP','NÚMERO DE CRIANÇAS DE 0 A 11 MESES E 29 DIAS DESNUTRIDAS NA MICROAREA','1','S',0,0,0,0,0,0,0,0,'00','000','000000','SIAB',1001),
 ('C_1223','NÚMERO DE CRIANÇAS DE 12 A 23 MESES E 29 DIAS NA MICROAREA','1','S',0,0,0,0,0,0,0,0,'00','000','000000','SIAB',1001),
 ('C_12232P','NÚMERO DE CRIANÇAS DE 12 A 23 MESES E 29 DIAS PESADAS NO MÊS NA MICROAREA','1','S',0,0,0,0,0,0,0,0,'00','000','000000','SIAB',1001),
 ('C_1223GP','NÚMERO DE CRIANÇAS DE 12 A 23 MESES E 29 DIAS DESNUTRIDAS NA MICROAREA','1','S',0,0,0,0,0,0,0,0,'00','000','000000','SIAB',1001),
 ('C_4MESES','NÚMERO DE CRIANÇAS DE 0 A 3 MESES E 29 DIAS NA MICROAREA','1','S',0,0,0,0,0,0,0,0,'00','000','000000','SIAB',1001),
 ('C_DIARRE','NÚMERO DE MENORES DE 2 ANOS  NA MICROAREA QUE TIVERAM DIARRÉIA NO MÊS','1','S',0,0,0,0,0,0,0,0,'00','000','000000','SIAB',1001),
 ('C_DIASRO','NÚMERO DE MENORES DE 2 ANOS NA MICROAREA QUE TIVERAM DIARRÉIA E USARAM TERAPIA DE REIDRATAÇÃO ORAL NO MÊS','1','S',0,0,0,0,0,0,0,0,'00','000','000000','SIAB',1001),
 ('C_IRA','NÚMERO DE MENORES DE 2 ANOS NA MICROAREA QUE TIVERAM INFECÇÃO RESPIRATÓRIA AGUDA NO MÊS','1','S',0,0,0,0,0,0,0,0,'00','000','000000','SIAB',1001),
 ('C_MAMAND','NÚMERO DE CRIANÇAS SÓ MAMANDO NO PEITO NA MICROAREA','1','S',0,0,0,0,0,0,0,0,'00','000','000000','SIAB',1001),
 ('C_MISTO','NÚMERO DE CRIANÇAS COM ALEITAMENTO MISTO NA MICROAREA','1','S',0,0,0,0,0,0,0,0,'00','000','000000','SIAB',1001),
 ('C_VACDIA','NÚMERO DE CRIANÇAS DE 0 A 11 MESES E 29 DIAS COM VACINA EM DIA NA MICROAREA','1','S',0,0,0,0,0,0,0,0,'00','000','000000','SIAB',1001),
 ('C_VACINA','NÚMERO DE CRIANÇAS DE 12 A 23 MESES E 29 DIAS COM VACINA EM DIA NA MICROAREA','1','S',0,0,0,0,0,0,0,0,'00','000','000000','SIAB',1001),
 ('D_DIAAC','NÚMERO DE DIABÉTICOS ACOMPANHADOS NA MICROAREA NO MÊS','1','S',0,0,0,0,0,0,0,0,'00','000','000000','SIAB',1001),
 ('D_DIABETE','NÚMERO DE DIABÉTICOS CADASTRADOS NA MICROAREA','1','S',0,0,0,0,0,0,0,0,'00','000','000000','SIAB',1001),
 ('D_HANSEAC','NÚMERO DE PESSOAS COM HANSENÍASE ACOMPANHADAS NA MICROAREA NO MÊS','1','S',0,0,0,0,0,0,0,0,'00','000','000000','SIAB',1001),
 ('D_HANSEN','NÚMERO DE PESSOAS COM HANSENÍASE CADASTRADAS   ','1','S',0,0,0,0,0,0,0,0,'00','000','000000','SIAB',1001),
 ('D_HIPERAC','NÚMERO DE HIPERTENSOS ACOMPANHADOS NA MICROAREA NO MÊS','1','S',0,0,0,0,0,0,0,0,'00','000','000000','SIAB',1001),
 ('D_HIPERTEN','NÚMERO DE HIPERTENSOS CADASTRADOS NA MICROAREA','1','S',0,0,0,0,0,0,0,0,'00','000','000000','SIAB',1001),
 ('D_TUBERAC','NÚMERO DE PESSOAS COM TUBERCULOSE ACOMPANHADAS NA MICROAREA NO MÊS','1','S',0,0,0,0,0,0,0,0,'00','000','000000','SIAB',1001),
 ('D_TUBERCUL','NÚMERO DE PESSOAS COM TUBERCULOSE CADASTRADAS NA MICROAREA','1','S',0,0,0,0,0,0,0,0,'00','000','000000','SIAB',1001),
 ('H_0A5DES','NÚMERO DE MENORES DE 5 ANOS HOSPITALIZADOS POR DESIDRATAÇÃO NA MICROAREA NO MÊS','1','S',0,0,0,0,0,0,0,0,'00','000','000000','SIAB',1001),
 ('H_0A5PNEU','NÚMERO DE MENORES DE 5 ANOS HOSPITALIZADOS POR PNEUMONIA NA MICROAREA NO MÊS','1','S',0,0,0,0,0,0,0,0,'00','000','000000','SIAB',1001),
 ('H_ALCOOL','NÚMERO DE HOSPITALIZADOS POR ABUSO DE ÁLCOOL NA MICROAREA NO MÊS','1','S',0,0,0,0,0,0,0,0,'00','000','000000','SIAB',1001),
 ('H_DIABETE','NÚMERO DE HOSPITALIZADOS POR COMPLICAÇÕES DO DIABETES NA MICROAREA NO MÊS','1','S',0,0,0,0,0,0,0,0,'00','000','000000','SIAB',1001),
 ('H_OUTCAU','NÚMERO DE HOSPITALIZAÇÕES POR OUTRAS CAUSAS NA MICROAREA NO MÊS','1','S',0,0,0,0,0,0,0,0,'00','000','000000','SIAB',1001),
 ('H_PSIQUI','NÚMERO DE INTERNAÇÕES EM HOSPITAL PSIQUIÁTRICO NA MICROAREA NO MÊS','1','S',0,0,0,0,0,0,0,0,'00','000','000000','SIAB',1001),
 ('M_5PNEU','NÚMERO DE PNEUMONIA EM MENORES DE 5 ANOS ATENDIDOS NO MÊS PELA EQUIPE','1','S',0,0,0,0,0,0,0,0,'00','000','000000','SIAB',NULL),
 ('M_ACIDE','NÚMERO DE ACIDENTE VASCULAR CEREBRAL ATENDIDOS NO MÊS PELA EQUIPE','1','S',0,0,0,0,0,0,0,0,'00','000','000000','SIAB',NULL),
 ('M_CITOL','NÚMERO DE CITOLOGIA ONCÓTICA NIC III (CARCINOMA IN SITU) ATENDIDOS NO MÊS PELA EQUIPE','1','S',0,0,0,0,0,0,0,0,'00','000','000000','SIAB',NULL),
 ('M_DHEG','NÚMERO DE DHEG (FORMA GRAVE) ATENDIDOS NO MÊS PELA EQUIPE','1','S',0,0,0,0,0,0,0,0,'00','000','000000','SIAB',NULL),
 ('M_DOENC','NÚMERO DE DOENÇA HEMOLÍTICA PERINATAL ATENDIDOS NO MÊS PELA EQUIPE','1','S',0,0,0,0,0,0,0,0,'00','000','000000','SIAB',NULL),
 ('M_FRATU','NÚMERO DE FRATURAS DE COLO DE FÊMUR EM > 50 ANOS ATENDIDOS NO MÊS PELA EQUIPE','1','S',0,0,0,0,0,0,0,0,'00','000','000000','SIAB',NULL),
 ('M_HANSE','NÚMERO DE HANSENIASE COM GRAU DE INCAPACIDADE II E III ATENDIDOS NO MÊS PELA EQUIPE','1','S',0,0,0,0,0,0,0,0,'00','000','000000','SIAB',NULL),
 ('M_INFAR','NÚMERO DE ACIDENTE VASCULAR CEREBRAL ATENDIDOS NO MÊS PELA EQUIPE','1','S',0,0,0,0,0,0,0,0,'00','000','000000','SIAB',NULL),
 ('M_MENIN','NÚMERO DE MENINGITE TUBERCULOSA EM < 5 ANOS ATENDIDOS NO MÊS PELA EQUIPE','1','S',0,0,0,0,0,0,0,0,'00','000','000000','SIAB',NULL),
 ('M_VALVU','NÚMERO DE VALVULOPATIAS REUMÁTICAS EM PESSOAS DE 5-14 ANOS ATENDIDOS NO MÊS PELA EQUIPE ','1','S',0,0,0,0,0,0,0,0,'00','000','000000','SIAB',NULL),
 ('NASCVIVO','NÚMERO DE NASCIDOS VIVOS NO MÊS NA MICROAREA','1','S',0,0,0,0,0,0,0,0,'00','000','000000','SIAB',1001),
 ('NFAMICAD','NÚMERO DE FAMÍLIAS CADASTRADAS PELO ACS NO MÊS','1','S',0,0,0,0,0,0,0,0,'00','000','000000','SIAB',1001),
 ('NGESAC','NÚMERO DE GESTANTES ACOMPANHADAS PELO ACS NO MÊS','1','F',0,0,0,0,0,0,0,0,'00','000','000000','SIAB',1001),
 ('NGESCAD','NÚMERO DE GESTANTES CADASTRADAS PELO ACS NO MÊS','1','F',0,0,0,0,0,0,0,0,'00','000','000000','SIAB',1001),
 ('NGESM20','NÚMERO DE GESTANTES < DE 20 ANOS CADASTRADAS PELO ACS NO MÊS','1','F',0,0,0,0,0,0,0,0,'00','000','000000','SIAB',1001),
 ('NGESPRE1','NÚMERO DE GESTANTES NA MICROAREA QUE FIZERAM CONSULTA DE PRÉ-NATAL NO MÊS','1','F',0,0,0,0,0,0,0,0,'00','000','000000','SIAB',1001),
 ('NGESPRE2','NÚMERO DE GESTANTES NA MICROAREA COM PRÉ-NATAL INICIADO NO 1Oº TRIMESTRE','1','F',0,0,0,0,0,0,0,0,'00','000','000000','SIAB',1001),
 ('NGESVAC','NÚMERO DE GESTANTES NA MICROAREA VACINADAS','1','F',0,0,0,0,0,0,0,0,'00','000','000000','SIAB',1001),
 ('NVISITAS','NÚMERO DE VISITAS DOMICILIARES REALIZADAS PELO ACS NO MÊS','1','S',0,0,0,0,0,0,0,0,'00','000','000000','SIAB',1001),
 ('OBITOADOL','NÚMERO DE ÓBITOS DE ADOLESCENTES 10 A 19 ANOS POR VIOLÊNCIA NA MICROAREA NO MÊS','1','S',0,0,0,0,0,0,0,0,'00','000','000000','SIAB',1001),
 ('OBITOCAU','NÚMERO DE ÓBITOS DE MENOR DE 1 ANO POR OUTRAS CAUSAS NA MICROAREA NO MÊS','1','S',0,0,0,0,0,0,0,0,'00','000','000000','SIAB',1001),
 ('OBITODIA','NÚMERO DE ÓBITOS DE MENOR DE 1 ANO POR DIARRÉIA NA MICROAREA NO MÊS','1','S',0,0,0,0,0,0,0,0,'00','000','000000','SIAB',1001),
 ('OBITOIRA','NÚMERO DE ÓBITOS DE MENOR DE 1 ANO POR IRA NA MICROAREA NO MÊS','1','S',0,0,0,0,0,0,0,0,'00','000','000000','SIAB',1001),
 ('OBITOMUL','NÚMERO DE ÓBITOS EM MULHERES EM IDADE FÉRTIL DE 15 A 49 ANOS NA MICROAREA NO MÊS','1','F',0,0,0,0,0,0,0,0,'00','000','000000','SIAB',1001),
 ('OBITOOUT','NÚMERO DE OUTROS ÓBITOS NA MICROAREA NO MÊS','1','S',0,0,0,0,0,0,0,0,'00','000','000000','SIAB',1001),
 ('O_CAU0A28','NÚMERO DE ÓBITOS DE MENORES DE 28 DIAS POR OUTRAS CAUSAS NA MICROAREA NO MÊS','1','S',0,0,0,0,0,0,0,0,'00','000','000000','SIAB',1001),
 ('O_CAU28A1','NÚMERO DE ÓBITOS DE 28 DIAS A 11 MESES E 29 DIAS POR OUTRAS CAUSAS NA MICROAREA NO MÊS','1','S',0,0,0,0,0,0,0,0,'00','000','000000','SIAB',1001),
 ('O_DIA0A28','NÚMERO DE ÓBITOS DE MENORES DE 28 DIAS POR DIARRÉIA NA MICROAREA NO MÊS','1','S',0,0,0,0,0,0,0,0,'00','000','000000','SIAB',1001),
 ('O_DIA28A1','NÚMERO DE ÓBITOS DE 28 DIAS A 11 MESES E 29 DIAS POR DIARRÉIA NA MICROAREA NO MÊS','1','S',0,0,0,0,0,0,0,0,'00','000','000000','SIAB',1001),
 ('O_IRA0A28','NÚMERO DE ÓBITOS DE MENORES DE 28 DIAS POR IRA  NA MICROAREA NO MÊS','1','S',0,0,0,0,0,0,0,0,'00','000','000000','SIAB',1001),
 ('O_IRA28A1','NÚMERO DE ÓBITOS DE 28 DIAS A 11 MESES E 29 DIAS POR IRA NA MICROAREA NO MÊS','1','S',0,0,0,0,0,0,0,0,'00','000','000000','SIAB',1001),
 ('O_MUL10A14','NÚMERO DE ÓBITOS EM MULHERES EM IDADE FÉRTIL DE 10 A 14 ANOS NA MICROAREA NO MÊS','1','F',0,0,0,0,0,0,0,0,'00','000','000000','SIAB',1001),
 ('PESADOS','NÚMERO DE RECÉM-NASCIDOS NA MICROAREA PESADOS AO NASCER NO MÊS','1','S',0,0,0,0,0,0,0,0,'00','000','000000','SIAB',1001),
 ('PESO2500','NÚMERO DE RECÉM-NASCIDOS NA MICROAREA PESADOS AO NASCER, COM PESO < 2500G NO MÊS','1','S',0,0,0,0,0,0,0,0,'00','000','000000','SIAB',1001),
 ('RESMUNI','NÚMERO DE CONSULTAS PARA RESIDENTES EM OUTRO MUNICÍPIO REALIZADAS NO MÊS PELA EQUIPE','1','S',0,0,0,0,0,0,0,0,'00','000','000000','SIAB',NULL),
 ('V_ENFER','NÚMERO DE VISITAS DOMICILIARES REALIZADAS PELO ENFERMEIRO DA EQUIPE NO MÊS','1','S',0,0,0,0,0,0,0,0,'00','000','000000','SIAB',NULL),
 ('V_MEDIC','NÚMERO DE VISITAS DOMICILIARES REALIZADAS PELO MEDICO DA EQUIPE NO MÊS','1','S',0,0,0,0,0,0,0,0,'00','000','000000','SIAB',NULL),
 ('V_PRONM','NÚMERO DE VISITAS DOMICILIARES REALIZADAS POR PROFISSIONAL DE NÍVEL MÉDIO DA EQUIPE NO MÊS','1','S',0,0,0,0,0,0,0,0,'00','000','000000','SIAB',NULL),
 ('V_PRONS','NÚMERO DE VISITAS DOMICILIARES REALIZADAS POR OUTROS PROFISSIONAIS DE NÍVEL SUPERIOR NO MÊS','1','S',0,0,0,0,0,0,0,0,'00','000','000000','SIAB',NULL);
/*!40000 ALTER TABLE `procedimento` ENABLE KEYS */;


--
-- Definition of table `profissao`
--

DROP TABLE IF EXISTS `profissao`;
CREATE TABLE `profissao` (
  `codigo` int(4) NOT NULL AUTO_INCREMENT,
  `nome` varchar(100) DEFAULT NULL,
  PRIMARY KEY (`codigo`)
) ENGINE=InnoDB AUTO_INCREMENT=1002 DEFAULT CHARSET=latin1;

--
-- Dumping data for table `profissao`
--

/*!40000 ALTER TABLE `profissao` DISABLE KEYS */;
INSERT INTO `profissao` (`codigo`,`nome`) VALUES 
 (1,'ADMINISTRADOR'),
 (2,'ADVOGADO'),
 (3,'AGENTE ADMINISTRATIVO'),
 (4,'AGENTE E REPRESENTANTE COMERCIAL'),
 (5,'AGRÔNOMO E AFINS'),
 (6,'ANALISTA DE SEGUROS E DE SEGURANÇA NO TRABALHO'),
 (7,'ANALISTA DE SISTEMAS'),
 (8,'ESPECIALISTA EM INFORMÁTICA'),
 (9,'APRESENTADOR'),
 (10,'ATLETA, DESPORTISTA'),
 (11,'ATOR'),
 (12,'BANCÁRIO'),
 (13,'BIBLIOTECÁRIO'),
 (14,'BIÓLOGO'),
 (15,'BOLSISTA'),
 (16,'BOMBEIRO MILITAR'),
 (17,'CANTOR E COMPOSITOR'),
 (18,'CENÓGRAFO'),
 (19,'CINEGRAFISTA'),
 (20,'COMISSÁRIO DE BORDO'),
 (21,'DECORADOR'),
 (22,'DELEGADO DE POLÍCIA'),
 (23,'DESENHISTA INDUSTRIAL (DESIGNER)'),
 (24,'DESENHISTA TÉCNICO E MODELISTA'),
 (25,'DIPLOMATA E AFINS'),
 (26,'DIRETOR DE ORGANISMO NÃO-GOVERNAMENTAL'),
 (27,'DIRETOR DE ESTABELECIMENTO DE ENSINO OU DE OUTRAS ORGANIZAÇÕES'),
 (28,'DIRIGENTE DA ADMINISTRAÇÃO PÚBLICA'),
 (29,'ECONOMISTA'),
 (30,'EMPRESÁRIO E PRODUTOR DE ESPETÁCULOS'),
 (31,'ENFERMEIRO DE NÍVEL SUPERIOR'),
 (32,'ENGENHEIRO'),
 (33,'FÍSICO'),
 (34,'FONOAUDIÓLOGO'),
 (35,'GEÓGRAFO'),
 (36,'GERENTE DE PRODUÇÃO'),
 (37,'GERENTE OU SUPERVISOR'),
 (38,'INSPETOR DE POLÍCIA'),
 (39,'INSTRUTOR E PROFESSOR DE ESCOLAS LIVRES'),
 (40,'JOALHEIRO'),
 (41,'JORNALISTA'),
 (42,'JUIZ'),
 (43,'LOCUTOR, COMENTARISTA'),
 (44,'MATEMÁTICO'),
 (45,'MÉDICO, ODONTÓLOGO E AFINS'),
 (46,'MILITAR DA AERONÁUTICA'),
 (47,'MILITAR DA MARINHA'),
 (48,'MILITAR DA RESERVA'),
 (49,'MILITAR DO EXÉRCITO'),
 (50,'MILITAR REFORMADO'),
 (51,'MINISTRO DE TRIBUNAL'),
 (52,'MOTORISTA'),
 (53,'MÚSICO'),
 (54,'OCUPANTE DE CARGO DE DIREÇÃO'),
 (55,'OUTROS PROFISSIONAIS DO ESPETÁCULO E DAS ARTES'),
 (56,'PEDAGOGO'),
 (57,'PENSIONISTA'),
 (58,'PESCADOR'),
 (59,'PILOTO DE AERONAVES'),
 (60,'POLICIAL'),
 (61,'PRESIDENTE DA REPÚBLICA'),
 (62,'PRODUTOR NA EXPLORAÇÃO AGROPECUÁRIA'),
 (63,'PROFESSOR DO ENSINO FUNDAMENTAL'),
 (64,'PROFESSOR DO ENSINO MÉDIO'),
 (65,'PROFESSOR DO ENSINO SUPERIOR'),
 (66,'PROFISSIONAL DA EDUCAÇÃO FÍSICA (EXCETO PROFESSOR)'),
 (67,'PROFISSIONAL DE MARKETING'),
 (68,'PROPRIETÁRIO DE IMÓVEL, RECEBENDO RENDIMENTO DE ALUGUEL'),
 (69,'PSICÓLOGO'),
 (70,'SACERDOTE'),
 (71,'SENADOR'),
 (72,'SERVIDOR DE NÍVEL SUPERIOR NAS ATIVIDADES DE FISCALIZAÇÃO'),
 (73,'SERVIDOR DE NÍVEL SUPERIOR NAS ATIVIDADES DE GESTÃO GOVERNAMENTAL'),
 (74,'SERVIDOR DE NÍVEL SUPERIOR NAS ATIVIDADES DE PESQUISA ECONÔMICA'),
 (75,'SERVIDOR PÚBLICO ESTADUAL'),
 (76,'SERVIDOR PÚBLICO FEDERAL'),
 (77,'SERVIDOR PÚBLICO MUNICIPAL'),
 (78,'SUPERVISOR DE VENDAS E PRESTAÇÃO DE SERVIÇOS DO COMÉRCIO'),
 (79,'TABELIÃO E DEMAIS SERVENTUÁRIOS DE JUSTIÇA'),
 (80,'TÉCNICO DA PRODUÇÃO AGROPECUÁRIA'),
 (81,'TÉCNICO DAS CIÊNCIAS ADMINISTRATIVAS'),
 (82,'TÉCNICO DE LABORATÓRIO E RAIOS X E OUTROS EQUIPAMENTOS'),
 (83,'TÉCNICO EM BIOLOGIA'),
 (84,'TÉCNICO EM CIÊNCIAS FÍSICAS'),
 (85,'TÉCNICO EM CONSTRUÇÃO CIVIL, DE EDIFICAÇÕES E OBRAS DE INFRA-ESTRUTURA'),
 (86,'TÉCNICO EM ELETRÔNICA'),
 (87,'TÉCNICO EM ELETRO-ELETRÔNICA E FOTÔNICA'),
 (88,'TÉCNICO EM INFORMÁTICA'),
 (89,'TÉCNICO EM METALMECÂNICA'),
 (90,'TÉCNICO EM NAVEGAÇÃO AÉREA'),
 (91,'TÉCNICOS EM ESTATÍSTICA'),
 (92,'TRABALHADOR DA FABRICAÇÃO DE ALIMENTOS'),
 (93,'TRABALHADOR DA FABRICAÇÃO E INSTALAÇÃO ELETRO-ELETRÔNICA'),
 (94,'TRABALHADOR DA INDÚSTRIA EXTRATIVA'),
 (95,'TRABALHADOR DA TRANSFORMAÇÃO DE METAIS E COMPÓSITOS'),
 (96,'TRABALHADOR DAS INDÚSTRIAS DE MADEIRA E DO MOBILIÁRIO'),
 (97,'TRABALHADOR DA INDÚSTRIA QUÍMICA'),
 (98,'TRABALHADOR DAS INDÚSTRIAS TÊXTEIS, DO CURTIMENTO, DO VESTUÁRIO'),
 (99,'TRABALHADOR DE ATENDIMENTO AO PÚBLICO'),
 (100,'TRABALHADOR DE INSTALAÇÕES E MÁQUINAS DE FABRICAÇÃO DE CELULOSE E PAPEL'),
 (101,'TRABALHADOR DE INSTALAÇÕES SIDERÚRGICAS E DE MATERIAIS DE CONSTRUÇÃO'),
 (102,'TRABALHADOR DE REPARAÇÃO E MANUTENÇÃO'),
 (103,'TRABALHADOR DOS SERVIÇOS DE ADMINISTRAÇÃO DE EDIFÍCIOS'),
 (104,'CABELEREIRO, BARBEIRO'),
 (105,'TRABALHADOR DOS SERVIÇOS DE HOTELARIA'),
 (106,'TRABALHADOR DOS SERVIÇOS DE SAÚDE'),
 (107,'TRABALHADOR DOS SERVIÇOS DOMÉSTICOS EM GERAL'),
 (108,'TRABALHADOR NA EXPLORAÇÃO AGROPECUÁRIA'),
 (109,'TRABALHADORES DA INDÚSTRIA DE CALÇADOS'),
 (110,'PATOLOGISTA (VETERINÁRIO)'),
 (111,'TRABALHADORES DOS SERVIÇOS FUNERÁRIOS'),
 (112,'VENDEDOR'),
 (113,'VETERINÁRIO'),
 (114,'TÉCNICO DAS CIÊNCIAS CONTÁBEIS'),
 (115,'CONTADOR'),
 (116,'AUDITOR'),
 (117,'PROCURADOR'),
 (118,'CONSULTOR JURÍDICO'),
 (119,'PROMOTOR DE JUSTIÇA'),
 (120,'DEFENSOR PÚBLICO'),
 (121,'ASSISTENTE ADMINISTRATIVO'),
 (122,'AUXILIAR ADMINISTRATIVO'),
 (123,'CORRETOR'),
 (124,'LEILOEIRO'),
 (125,'DESENVOLVEDOR DE SOFTWARE'),
 (126,'ADMINISTRADOR DE REDES'),
 (127,'ADMINISTRADOR DE BANCOS DE DADOS'),
 (128,'ARTISTAS DE ARTES POPULARES E MODELOS'),
 (129,'DIRETOR DE ESPETÁCULOS'),
 (130,'ECONOMIÁRIO'),
 (131,'ESCRITURÁRIO'),
 (132,'DOCUMENTALISTA'),
 (133,'ARQUIVÓLOGO'),
 (134,'MUSEÓLOGO'),
 (135,'BIOMÉDICO E AFINS'),
 (136,'ESTAGIÁRIO E AFINS'),
 (137,'DECORADOR DE INTERIORES'),
 (138,'FOTÓGRAFO'),
 (139,'GUIA DE TURISMO'),
 (140,'TÉCNICOS EM OPERAÇÃO DE MÁQUINAS DE TRATAMENTO DE DADOS'),
 (141,'AGENTE DE VIAGEM E AFINS'),
 (142,'VITRINISTA'),
 (143,'ESCULTOR'),
 (144,'PINTOR ARTÍSTICO E AFINS'),
 (145,'EMPRESA INDUSTRIAL'),
 (146,'EMPRESA COMERCIAL'),
 (147,'EMPRESA PRESTADORA DE SERVIÇOS'),
 (148,'BAILARINO'),
 (149,'COREÓGRAFO'),
 (150,'NUTRICIONISTA'),
 (151,'FARMACÊUTICO'),
 (152,'QUÍMICO'),
 (153,'METEOROLOGISTA'),
 (154,'GEÓLOGO'),
 (155,'OCEANÓGRAFO'),
 (156,'ASTRÔNOMO'),
 (157,'GEOFÍSICO'),
 (158,'FISIOTERAPEUTA'),
 (159,'TERAPEUTA OCUPACIONAL'),
 (160,'HISTORIADOR'),
 (161,'GERENTE DE OPERAÇÕES'),
 (162,'GERENTE DE ÁREAS DE APOIO'),
 (163,'DETETIVE'),
 (164,'VIDREIRO'),
 (165,'CERAMISTA'),
 (166,'REPÓRTER'),
 (167,'DESEMBARGADOR'),
 (168,'ESTATÍSTICO'),
 (169,'ATUÁRIO'),
 (170,'MEMBRO DO MINISTÉRIO PÚBLICO'),
 (171,'CONDUTOR E OPERADOR DE ROBÔS'),
 (172,'CONDUTOR E OPERADOR DE VEÍCULOS E EQUIPAMENTOS DE MOVIMENTAÇÃO DE CARGA'),
 (173,'ARRANJADOR'),
 (174,'REGENTE DE ORQUESTRA OU CORAL'),
 (175,'ORIENTADOR EDUCACIONAL'),
 (176,'CAÇADOR'),
 (177,'EXTRATIVISTA FLORESTAL'),
 (178,'PREFEITO'),
 (179,'COMANDANTE DE EMBARCAÇÕES E OFICIAIS DE MÁQUINAS'),
 (180,'GOVERNADOR'),
 (181,'MINISTRO DE ESTADO E DA DIPLOMACIA'),
 (182,'PROFISSIONAL DE PUBLICIDADE'),
 (183,'PROFISSIONAL DA COMERCIALIZAÇÃO'),
 (184,'PSICANALISTA'),
 (185,'MEMBRO DE ORDENS OU SEITAS RELIGIOSAS'),
 (186,'DEPUTADO ESTADUAL'),
 (187,'VEREADOR'),
 (188,'DEPUTADO FEDERAL'),
 (189,'TÉCNICO EM CIÊNCIAS QUÍMICAS'),
 (190,'SERVENTUÁRIO DA JUSTIÇA'),
 (191,'TÉCNICO EM NAVEGAÇÃO MARÍTIMA'),
 (192,'FISCAL DE TRIBUTAÇÃO DE NÍVEL MÉDIO'),
 (193,'TÉCNICO EM NAVEGAÇÃO FLUVIAL'),
 (194,'TÉCNICO EM NAVEGAÇÃO METROFERROVIÁRIA'),
 (195,'TRABALHADOR DA FABRICAÇÃO DE BEBIDAS'),
 (196,'TRABALHADOR DA FABRICAÇÃO DE  FUMO'),
 (197,'TRABALHADOR DA FABRICAÇÃO DE AGROINDÚSTRIAS'),
 (198,'TRABALHADOR DA CONSTRUÇÃO CIVIL'),
 (199,'TRABALHADOR DAS INDÚSTRIAS DAS ARTES GRÁFICAS'),
 (200,'TRABALHADOR DA INDÚSTRIA PETROQUÍMICA'),
 (201,'TRABALHADOR DA INDÚSTRIA DA BORRACHA E PLÁSTICO E AFINS'),
 (202,'DESPACHANTE'),
 (203,'RECENSEADOR'),
 (204,'MANICURE, PEDICURE'),
 (205,'TRABALHADOR DOS SERVIÇOS DE ALIMENTAÇÃO'),
 (206,'PRESTADOR DE SERVIÇOS DO COMÉRCIO'),
 (207,'AMBULANTE'),
 (208,'CAIXEIRO-VIAJANTE'),
 (209,'CAMELÔ'),
 (210,'ZOOTECNISTA'),
 (211,'SOCIÓLOGO'),
 (212,'ANTROPÓLOGO'),
 (213,'ARQUEÓLOGO'),
 (214,'ARQUITETO'),
 (215,'MASSAGISTA'),
 (216,'ESTETICISTA'),
 (217,'OCUPANTE DE CARGO DE ASSESSORAMENTO SUPERIOR'),
 (218,'OCUPANTE DE CARGO DE ASSISTÊNCIA INTERMEDIÁRIA'),
 (219,'SERVIDOR DE NÍVEL SUPERIOR NAS ATIVIDADES DE FINANÇAS'),
 (220,'SERVIDOR DE NÍVEL SUPERIOR NAS ATIVIDADES DE CONTROLE'),
 (221,'SERVIDOR DE NÍVEL SUPERIOR NAS ATIVIDADES DE PLANEJAMENTO'),
 (222,'TRABALHADOR DOS SERVIÇOS DE CONSERVAÇÃO DE EDIFÍCIOS'),
 (223,'TRABALHADOR DOS SERVIÇOS DE MANUTENÇÃO DE EDIFÍCIOS'),
 (228,'ESTUDANTE'),
 (229,'TRABALHADOR AGRÍCOLA'),
 (230,'RELAÇÕES PÚBLICAS'),
 (231,'PUBLICITÁRIO'),
 (232,'AUTÔNOMO'),
 (233,'AÇOUGUEIRO'),
 (234,'ADIDO ESTRANGEIRO'),
 (235,'ADJUNTO ADMINISTRATIVO'),
 (236,'ADMINISTRADOR DE AEROPORTO'),
 (237,'ADMINISTRADOR DE EMPRESA'),
 (238,'ADMINISTRADOR DE FAZENDA'),
 (239,'ADMINISTRADOR RURAL'),
 (240,'ADUBADO'),
 (241,'AEROMOÇA'),
 (242,'AERONAUTA'),
 (243,'AEROVIÁRIO'),
 (244,'AFIADOR DE FERRAMENTAS'),
 (245,'AFIADOR DE METAIS PRECIOSOS'),
 (246,'AGENCIADOR'),
 (247,'AGENTE AUTÔNOMO'),
 (248,'AGENTE COMERCIAL'),
 (249,'AGENTE DE CORREIO'),
 (250,'AGENTE DE ESTAÇÃO'),
 (251,'AGENTE DE FISCALIZAÇÃO DE IMPOSTO'),
 (252,'AGENTE DE INVESTIMENTO'),
 (253,'AGENTE DE POLICIA'),
 (254,'AGENTE DE SEGUROS'),
 (255,'AGENTE DE TELECOMUNICAÇÕES'),
 (256,'AGENTE DE TURISMO'),
 (257,'AGENTE DE VENDAS'),
 (258,'AGENTE EXPORTAÇÃO'),
 (259,'AGENTE FISCAL'),
 (260,'AGENTE PENITENCIÁRIO'),
 (261,'AGENTE TÉCNICO'),
 (262,'AGENTE TRIBUTÁRIO'),
 (263,'AGENTE TRIBUTÁRIO ESTADUAL'),
 (264,'AGRICULTOR'),
 (265,'AGRIMENSOR'),
 (266,'AGROINDUSTRIAL'),
 (267,'AGROPECUARISTA'),
 (268,'AJUDANTE'),
 (269,'AJUDANTE DE ARMADOR'),
 (270,'AJUDANTE DE BOMBEIRO'),
 (271,'AJUDANTE DE CAMINHÃO'),
 (272,'AJUDANTE DE CARPINTEIRO'),
 (273,'AJUDANTE DE DESPACHANTE'),
 (274,'AJUDANTE DE ELETRICISTA'),
 (275,'AJUDANTE DE ENCANADOR'),
 (276,'AJUDANTE DE FERREIRO'),
 (277,'AJUDANTE DE FUNILEIRO'),
 (278,'AJUDANTE DE GARÇOM'),
 (279,'AJUDANTE DE LANTERNEIRO'),
 (280,'AJUDANTE DE MAQUINISTA'),
 (281,'AJUDANTE DE MECÂNICO'),
 (282,'AJUDANTE DE PEDREIRO'),
 (283,'AJUDANTE DE SERRALHEIRO'),
 (284,'AJUDANTE DE VITRINISTA'),
 (285,'AJUDANTE GERAL'),
 (286,'AJUSTADO MECÂNICO'),
 (287,'ALFAIATE'),
 (288,'ALMOXARIFE'),
 (289,'ANALISTA JUDICIÁRIO'),
 (290,'APICULTOR'),
 (291,'APLICADOR DE SINTECO'),
 (292,'APONTADOR'),
 (293,'APOSENTADO'),
 (294,'ARMADOR'),
 (295,'ARMADOR DE CIMENTO'),
 (296,'ARMADOR DE PESCA'),
 (297,'ARMAZENADOR'),
 (298,'ARMEIRO'),
 (299,'ARQUIVISTA'),
 (300,'ARRENDATÁRIO'),
 (301,'ARRUMADEIRA'),
 (302,'ARRUMADOR'),
 (303,'ARTESÃO'),
 (304,'ARTISTA'),
 (305,'ARTISTA PINTOR'),
 (306,'ARTISTA PLÁSTICO'),
 (307,'ASCENSORISTA'),
 (308,'ASSESSOR'),
 (309,'ASSESSOR DE SEGURANÇA AÉREA'),
 (310,'ASSESSOR POSTAL TELEGRÁFICO'),
 (311,'ASSESSOR TÉCNICO'),
 (312,'ASSISTENTE'),
 (313,'ASSISTENTE COMERCIAL'),
 (314,'ASSISTENTE DE ADMINISTRAÇÃO'),
 (315,'ASSISTENTE DE DIRETOR'),
 (316,'ASSISTENTE DE LABORATÓRIO'),
 (317,'ASSISTENTE SOCIAL'),
 (318,'ASSISTENTE TÉCNICO'),
 (319,'ASTRONAUTA'),
 (320,'ATACADISTA'),
 (321,'ATENDENTE'),
 (322,'ATENDENTE DE ENFERMAGEM'),
 (323,'ATENDENTE DE FARMÁCIA'),
 (324,'ATRIZ'),
 (325,'AUXILIAR. DE TRAFEGO TELEGRÁFICO'),
 (326,'AUXILIAR ACADÊMICO'),
 (327,'AUXILIAR AGRÍCOLA'),
 (328,'AUXILIAR DE ÁREAS GRÁFICAS'),
 (329,'AUXILIAR DE ADMINISTRAÇÃO'),
 (330,'AUXILIAR DE ALMOXARIFADO'),
 (331,'AUXILIAR DE CARTÓRIO'),
 (332,'AUXILIAR DE CIRURGIA'),
 (333,'AUXILIAR DE COMERCIO'),
 (334,'AUXILIAR DE CONTABILIDADE'),
 (335,'AUXILIAR DE COZINHA'),
 (336,'AUXILIAR DE EDUCAÇÃO'),
 (337,'AUXILIAR DE ELETRICISTA'),
 (338,'AUXILIAR DE ENFERMAGEM'),
 (339,'AUXILIAR DE ESCRITÓRIO'),
 (340,'AUXILIAR DE EXPEDIENTE'),
 (341,'AUXILIAR DE FARMÁCIA'),
 (342,'AUXILIAR DE INFORMÁTICA'),
 (343,'AUXILIAR DE LABORATÓRIO'),
 (344,'AUXILIAR DE MAGAREFE'),
 (345,'AUXILIAR DE MECÂNICO'),
 (346,'AUXILIAR DE METEOROLOGISTA'),
 (347,'AUXILIAR DE MONTAGEM'),
 (348,'AUXILIAR DE OBSERVADOR METER.'),
 (349,'AUXILIAR DE PEDREIRO'),
 (350,'AUXILIAR DE PRODUÇÃO'),
 (351,'AUXILIAR DE PROFESSOR'),
 (352,'AUXILIAR DE PROPAGANDISTA'),
 (353,'AUXILIAR DE SERVIOS GERAIS'),
 (354,'AUXILIAR DE SOLDADOR'),
 (355,'AUXILIAR DE TESOUREIRO'),
 (356,'AUXILIAR DE TOPÓGRAFO'),
 (357,'AUXILIAR DE TRAFEGO'),
 (358,'AUXILIAR DE VENDAS'),
 (359,'AUXILIAR LEGISLATIVO'),
 (360,'AUXILIAR TÉCNICO'),
 (361,'AVALIADOR'),
 (362,'AVALIADOR COMERCIAL'),
 (363,'AVICULTOR'),
 (364,'AZULEJADOR'),
 (365,'BABA'),
 (366,'BALCONISTA'),
 (367,'BANQUEIRO'),
 (368,'BARBEIRO'),
 (369,'BAPTISTA'),
 (370,'BARMAN'),
 (371,'BARQUEIRO'),
 (372,'BATERISTA'),
 (373,'BETONEIRA'),
 (374,'BILHETEIRO'),
 (375,'BIOQUÍMICO'),
 (376,'BISCATEIRO'),
 (377,'BLOQUISTA'),
 (378,'BOBINADO'),
 (379,'BOIADEIRO'),
 (380,'BOMBEIRO'),
 (381,'BOMBEIRO DE GASOLINA'),
 (382,'BOMBEIRO ELETRICISTA'),
 (383,'BOMBEIRO ENCANADOR'),
 (384,'BOMBEIRO HIDRÁULICO'),
 (385,'BORDADOR'),
 (386,'BORRACHEIRO'),
 (387,'BOTÂNICO'),
 (388,'BRITADOR'),
 (389,'BROQUEIRO'),
 (390,'BUSINESS'),
 (391,'CÔNSUL'),
 (392,'CABELEIREIRO'),
 (393,'CAIXA'),
 (394,'CAIXEIRO'),
 (395,'CALAFATE'),
 (396,'CALCULISTA'),
 (397,'CALDEIREIRO'),
 (398,'CAMAREIRO'),
 (399,'CAMBISTA'),
 (400,'CAMINHONEIRO'),
 (401,'CAMISEIRO'),
 (402,'CAMPEIRO'),
 (403,'CANOEIRO'),
 (404,'CANTOR'),
 (405,'CAPATAZ'),
 (406,'CAPITALISTA'),
 (407,'CAPOTEIRO'),
 (408,'CARCEREIRO'),
 (409,'CARPINTEIRO'),
 (410,'CARREGADOR'),
 (411,'CARREGADOR DE CAMINHÃO'),
 (412,'CARREGADOR DE MALAS POSTAIS'),
 (413,'CARRETEIRO'),
 (414,'CARROCEIRO'),
 (415,'CARTAZISTA'),
 (416,'CARTEIRO'),
 (417,'CARTORÁRIO'),
 (418,'CARVOEIRO'),
 (419,'CASEIRO'),
 (420,'CATADOR DE PAPEL'),
 (421,'CENARISTA'),
 (422,'CEREALISTA'),
 (423,'CERVEJEIRO'),
 (424,'CHACAREIRO'),
 (425,'CHAPEADOR'),
 (426,'CHAPELEIRO'),
 (427,'CHAPISTA'),
 (428,'CHARRETEIRO'),
 (429,'CHAVEIRO'),
 (430,'CHEFE DE ESTAÇÃO'),
 (431,'CHEFE DE TREM'),
 (432,'CICERONE'),
 (433,'CICLISTA'),
 (434,'CIENTISTA'),
 (435,'CINEASTA'),
 (436,'CINETECNICO'),
 (437,'CIRURGIÃO'),
 (438,'CISTERNEIRO'),
 (439,'CO PILOTO'),
 (440,'COB. FISCAL INSP.'),
 (441,'COBRADOR'),
 (442,'COBRADOR EM TRANSP. COLETIVO'),
 (443,'COLETOR'),
 (444,'COLHEDOR'),
 (445,'COLOCADOR DE ANDAIMES'),
 (446,'COLONO'),
 (447,'COMANDANTE DE NAVIO'),
 (448,'COMANDANTE DE VÔO'),
 (449,'COMERCIÁRIO'),
 (450,'COMERCIANTE'),
 (451,'COMISSÁRIO'),
 (452,'COMISSÁRIO DE BORDO NAVIO'),
 (453,'COMISSÁRIO DE POLICIA'),
 (454,'COMISSIONISTA'),
 (455,'COMPOSITOR'),
 (456,'COMPOSITOR MECÂNICO'),
 (457,'COMPOSITOR MUSICAL'),
 (458,'COMPOSITORA MUSICAL'),
 (459,'COMUNICAÇÃO'),
 (460,'CONDUTOR'),
 (461,'CONDUTOR DE GADO'),
 (462,'CONDUTOR DE MALAS'),
 (463,'CONDUTOR MAQUINISTA'),
 (464,'CONFEITEIRO'),
 (465,'CONFERENTE DE CAIS DO PORTO'),
 (466,'CONSTRUTOR'),
 (467,'CONSULTOR'),
 (468,'CONSULTOR FINANCEIRO'),
 (469,'CONTADOR FINANCEIRO'),
 (470,'CONTINUO'),
 (471,'CONTORCIONISTA'),
 (472,'CONTRA ALMIRANTE'),
 (473,'CONTROLADOR DE PRODUÇÃO'),
 (474,'COPEIRO'),
 (475,'CORREEIRO'),
 (476,'CORRETOR DE CAFÉ'),
 (477,'CORRETOR DE IMÓVEIS'),
 (478,'COSEDOR'),
 (479,'COSTUREIRA'),
 (480,'COZINHEIRO'),
 (481,'CRIADOR DE GADO'),
 (482,'CRONISTA'),
 (483,'DANÇARINO'),
 (484,'DATILOGRAFO'),
 (485,'DENTISTA'),
 (486,'DEPARTAMENTO DE PESSOAL'),
 (487,'DESEMPREGADO'),
 (488,'DESENHISTA'),
 (489,'DESIGNER'),
 (490,'DESPACHANTE ADUANEIRO'),
 (491,'DESPACHANTE DO DETRAN'),
 (492,'DESPORTISTA'),
 (493,'DIAGRAMADOR'),
 (494,'DIARISTA'),
 (495,'DIGITADOR'),
 (496,'DIRETOR AGRÍCOLA'),
 (497,'DIRETOR COMERCIAL'),
 (498,'DIRETOR DE COLÉGIO'),
 (499,'DIRETOR DE CORREIOS'),
 (500,'DIRETOR DE FINANÇAS'),
 (501,'DIRETOR DE HOSPITAL'),
 (502,'DIRETOR DE HOTEL'),
 (503,'DIRETOR DE TRANSPORTE'),
 (504,'DIRETOR PECUÁRIO'),
 (505,'DIRETORA DE COLÉGIO'),
 (506,'DIRETORA DE HOSPITAL'),
 (507,'DISTRIBUIDOR DE JORNAL'),
 (508,'DO LAR'),
 (509,'DOCEIRO'),
 (510,'ECONOMIARIO'),
 (511,'EDITOR'),
 (512,'EDUCADORA'),
 (513,'ELETRICISTA'),
 (514,'ELETRICITÁRIO'),
 (515,'ELETROMECÂNICO'),
 (516,'ELETROTECNICO'),
 (517,'EMBAIXADOR'),
 (518,'EMBALADOR'),
 (519,'EMBALSAMADOR'),
 (520,'EMPACOTADOR'),
 (521,'EMPAPELADOR'),
 (522,'EMPILHADOR'),
 (523,'EMPREITEIRO'),
 (524,'EMPREITEIRO DE OBRAS'),
 (525,'EMPRESÁRIO'),
 (526,'ENCADERNADOR'),
 (527,'ENCAIXOTADOR'),
 (528,'ENCANADOR'),
 (529,'ENCARREGADO'),
 (530,'ENCARREGADO DE OBRAS'),
 (531,'ENCARREGADO DE SERVIÇOS GERAIS'),
 (532,'ENFERMEIRO'),
 (533,'ENGARRAFADOR'),
 (534,'ENGENHEIRO AGRÔNOMO'),
 (535,'ENGENHEIRO CIVIL'),
 (536,'ENGENHEIRO ELETRICISTA'),
 (537,'ENGENHEIRO ELETRÔNICO'),
 (538,'ENGENHEIRO ELETROMECÂNICO'),
 (539,'ENGENHEIRO FLORESTAL'),
 (540,'ENGENHEIRO MECÂNICO'),
 (541,'ENTALHADOR'),
 (542,'ENTREGADOR'),
 (543,'ENVERNIZADOR'),
 (544,'ESCAFRANDISTA'),
 (545,'ESCREVENTE'),
 (546,'ESCRITOR'),
 (547,'ESCRIVE'),
 (548,'ESCRIVÃO'),
 (549,'ESPECIALISTA DE BELEZA'),
 (550,'ESPORTISTA'),
 (551,'ESTAFETA'),
 (552,'ESTAMPADOR'),
 (553,'ESTEREOTIPISTA'),
 (554,'ESTILISTA'),
 (555,'ESTIVADOR'),
 (556,'ESTOCADOR DE GESSO'),
 (557,'ESTOFADOR'),
 (558,'ETIQUETADOR'),
 (559,'EXECUTIVO'),
 (560,'EXPORTADOR'),
 (561,'FAQUEIRO'),
 (562,'FAROLEIRO'),
 (563,'FATURISTA'),
 (564,'FAXINEIRO'),
 (565,'FAZENDEIRO'),
 (566,'FEIRANTE'),
 (567,'FERRAMENTEIRO'),
 (568,'FERREIRO'),
 (569,'FERROVIÁRIO'),
 (570,'FIADOR'),
 (571,'FIANDEIRA'),
 (572,'FINANCISTA'),
 (573,'FISCAL'),
 (574,'FISCAL AGRÍCOLA'),
 (575,'FISCAL DE AEROPORTO'),
 (576,'FISCAL DE OBRA'),
 (577,'FISCAL DE RENDAS'),
 (578,'FISCAL DE RENDAS PÚBLICAS'),
 (579,'FISCAL DE SANEAMENTO'),
 (580,'FISCAL DE TRANSPORTE COLETIVO'),
 (581,'FISCAL FLORESTAL'),
 (582,'FLORICULTOR'),
 (583,'FOGUISTA'),
 (584,'FORJADOR'),
 (585,'FOTOGRAFO'),
 (586,'FRENTISTA'),
 (587,'FRETEIRO'),
 (588,'FUNCIONÁRIO PÚBLICO ESTADUAL'),
 (589,'FUNCIONÁRIO PÚBLICO FEDERAL'),
 (590,'FUNCIONÁRIO PÚBLICO MUNICIPAL'),
 (591,'FUNDIDOR'),
 (592,'FUNILEIRO'),
 (593,'FUTEBOLISTA'),
 (594,'FUZILEIRO NAVAL'),
 (595,'GALVANIZADOR'),
 (596,'GARÇOM'),
 (597,'GARÇONETE'),
 (598,'GARAGISTA'),
 (599,'GARI'),
 (600,'GARIMPEIRO'),
 (601,'GAROTA DE PROGRAMA'),
 (602,'GENETICISTA'),
 (603,'GEOLOGISTA'),
 (604,'GERENTE'),
 (605,'GERENTE DE EXPORTAÇÃO'),
 (606,'GERENTE DE FAZENDA'),
 (607,'GERENTE DE LOJA'),
 (608,'GERENTE DE POSTO'),
 (609,'GESSEIRO'),
 (610,'GOVERNANTA'),
 (611,'GRÁFICO'),
 (612,'GRANITEIRO'),
 (613,'GRANJEIRO'),
 (614,'GRAVADOR'),
 (615,'GRAXEIRO'),
 (616,'GUARDA'),
 (617,'GUARDA BANCÁRIO'),
 (618,'GUARDA DE CARRO'),
 (619,'GUARDA NOTURNO'),
 (620,'GUARDA VIDAS'),
 (621,'GUILHOTINADO'),
 (622,'GUINCHEIRO'),
 (623,'GUITARRISTA'),
 (624,'HISTORIADOR'),
 (625,'IMEDIATO DE NAVIO'),
 (626,'IMOBILIÁRIO'),
 (627,'IMPORTADOR'),
 (628,'IMPRESSOR'),
 (629,'INCORPORADOR'),
 (630,'INDUSTRIÁRIO'),
 (631,'INDUSTRIAL'),
 (632,'INSPETOR'),
 (633,'INSTRUMENTISTA'),
 (634,'INSTRUTOR DE AUTO ESCOLA'),
 (635,'INSTRUTOR DE MECÂNICO'),
 (636,'INSTRUTOR DE MUSCULAÇÃO'),
 (637,'INSUFILMADOR DE VEICULO'),
 (638,'INTERPRETE'),
 (639,'JÓQUEI'),
 (640,'JARDINEIRO'),
 (641,'JOGADOR DE FUTEBOL'),
 (642,'JORNALEIRO'),
 (643,'JUBILADO'),
 (644,'JUIZ CRIMINAL'),
 (645,'JUIZ DE FUTEBOL'),
 (646,'JURISTA'),
 (647,'LADRILHEIRO'),
 (648,'LAMINADOR'),
 (649,'LANTERNEIRO'),
 (650,'LAPIDÁRIO'),
 (651,'LAVADEIRA'),
 (652,'LAVADOR DE CARROS'),
 (653,'LAVOURISTA'),
 (654,'LAVRADOR'),
 (655,'LEITEIRO'),
 (656,'LEITURISTA'),
 (657,'LENHADOR'),
 (658,'LIMPADOR DE PÁRA-BRISA'),
 (659,'LINOTIPISTA'),
 (660,'LITÓGRAFO'),
 (661,'LIVREIRO'),
 (662,'LIXADOR'),
 (663,'LOCADOR DE APARELHO DE SOM'),
 (664,'LOCUTOR'),
 (665,'LOCUTOR DE RODEIO'),
 (666,'LUSTRADOR'),
 (667,'LUTADOR'),
 (668,'MADEIREIRO'),
 (669,'MAESTRO'),
 (670,'MAGAREFE'),
 (671,'MAGISTRADO'),
 (672,'MANEQUIM'),
 (673,'MANICURE'),
 (674,'MANIPULADOR PRODUTO QUÍMICO'),
 (675,'MAQUETISTA'),
 (676,'MAQUILADOR'),
 (677,'MAQUINISTA'),
 (678,'MAQUINISTA DE BORDO'),
 (679,'MARÍTIMO'),
 (680,'MARCENEIRO'),
 (681,'MARINHEIRO'),
 (682,'MARMORISTA'),
 (683,'MASCATE'),
 (684,'MASSOTERAPEUTA'),
 (685,'MECÂNICO'),
 (686,'MECÂNICO DE AERONAVE'),
 (687,'MECÂNICO DE ELETRÔNICA'),
 (688,'MECÂNICO OPERADOR'),
 (689,'MECANOGRAFO'),
 (690,'MEDICO'),
 (691,'MEIO OFICIAL TORNEIRO'),
 (692,'MENSAGEIRO'),
 (693,'MERGULHADOR'),
 (694,'MESTRE DE OBRA'),
 (695,'MESTRE DE PANIFICAÇÃO'),
 (696,'MESTRE HOTEL'),
 (697,'MICROBIOLOGISTA'),
 (698,'MICROEMPRESÁRIO'),
 (699,'MILITAR'),
 (700,'MILITAR ATIVO'),
 (701,'MILITAR ESTRANGEIRO'),
 (702,'MILITAR INATIVO'),
 (703,'MINEIRO'),
 (704,'MINISTRO'),
 (705,'MODELO'),
 (706,'MODISTA'),
 (707,'MOLDADOR'),
 (708,'MONTADOR'),
 (709,'MORDOMO'),
 (710,'MOTO BOY'),
 (711,'MOTORNEIRO'),
 (712,'MOTOTAXISTA'),
 (713,'NATURALISTA'),
 (714,'NAVEGADOR'),
 (715,'NEGOCIANTE'),
 (716,'OCUPAÇÃO NÃO CLASSIFICADA'),
 (717,'ODONTOLOGO'),
 (718,'OFFICE BOY'),
 (719,'OFICIAL'),
 (720,'OFICIAL DE CARTÓRIO'),
 (721,'OFICIAL DE JUSTIÇA'),
 (722,'OFICIAL LEGISLATIVO'),
 (723,'OFTALMOLOGISTA'),
 (724,'OLEIRO'),
 (725,'OPERÁRIO'),
 (726,'OPERADOR CINEMATOGRÁFICO'),
 (727,'OPERADOR DE ÁUDIO'),
 (728,'OPERADOR DE COMPUTADOR'),
 (729,'OPERADOR DE DRAGA'),
 (730,'OPERADOR DE EMPILHADEIRA'),
 (731,'OPERADOR DE FORNO'),
 (732,'OPERADOR DE GÁS'),
 (733,'OPERADOR DE MAQUINA'),
 (734,'OPERADOR DE MAQUINAS AGRÍCOLAS'),
 (735,'OPERADOR DE MAQUINAS PESADAS'),
 (736,'OPERADOR DE MOTO SERRA'),
 (737,'OPERADOR DE RADIO'),
 (738,'OPERADOR DE REATORES NUCLEARES'),
 (739,'OPERADOR DE SUBESTAÇÃO'),
 (740,'OPERADOR DE TELEFONE'),
 (741,'OPERADOR DE TRANSMISSÃO'),
 (742,'OPERADOR DE TV'),
 (743,'OPERADOR DE XEROX'),
 (744,'OURIVES'),
 (745,'PADEIRO'),
 (746,'PADRE'),
 (747,'PAISAGISTA'),
 (748,'PAPILOSCOPISTA'),
 (749,'PARASITOLOGISTA'),
 (750,'PARTEIRA'),
 (751,'PASSADOR'),
 (752,'PASTELEIRO'),
 (753,'PASTOR'),
 (754,'PATINADOR'),
 (755,'PATOLOGISTA'),
 (756,'PEÃO'),
 (757,'PEÃO DE CHÁCARA'),
 (758,'PEÃO DE RODEIO'),
 (759,'PECUARISTA'),
 (760,'PEDREIRO'),
 (761,'PEIXEIRO'),
 (762,'PELETEIRO'),
 (763,'PERFURADOR'),
 (764,'PERFURADOR DE POÇOS PETRÓLEO'),
 (765,'PERITO CRIMINAL'),
 (766,'PERITO POLICIAL'),
 (767,'PILOTO'),
 (768,'PILOTO DE NAVIO'),
 (769,'PINTOR'),
 (770,'PINTOR DE AUTO'),
 (771,'PINTOR DE CONSTRUÇÃO CIVIL'),
 (772,'PINTOR DE QUADROS'),
 (773,'PIZZAIOLLO'),
 (774,'PLAINADOR'),
 (775,'POLÍTICO'),
 (776,'POLICIAL INATIVO'),
 (777,'POLICIAL MILITAR'),
 (778,'POLIDOR'),
 (779,'PORTEIRO'),
 (780,'PRACISTA'),
 (781,'PRATICO DE FARMÁCIA'),
 (782,'PRENSADOR'),
 (783,'PROCURADOR DA REPUBLICA'),
 (784,'PROCURADOR DE ESTADO'),
 (785,'PROCURADOR DO INSS'),
 (786,'PROCURADORA DA REPUBLICA'),
 (787,'PROCURADORA DE ESTADO'),
 (788,'PRODUTOR DE CINEMA'),
 (789,'PRODUTOR DE TV'),
 (790,'PRODUTOR RURAL'),
 (791,'PROFESSOR'),
 (792,'PROGRAMADOR'),
 (793,'PROJETISTA'),
 (794,'PROMOTOR'),
 (795,'PROMOTOR DE EVENTOS'),
 (796,'PROMOTOR DE VENDAS'),
 (797,'PROMOTOR JURÍDICO'),
 (798,'PROMOTOR PÚBLICO'),
 (799,'PROPAGANDISTA'),
 (800,'PROSTITUTA'),
 (801,'PSIQUIATRA'),
 (802,'PUGILISTA'),
 (803,'QUITANDEIRO'),
 (804,'RADIALISTA'),
 (805,'RADIOTECNICO'),
 (806,'RADIOTELEGRAFISTA'),
 (807,'RECEPCIONISTA'),
 (808,'REDATOR'),
 (809,'RELIGIOSO'),
 (810,'RELOJOEIRO'),
 (811,'REMADOR'),
 (812,'RENDEIRO'),
 (813,'REPARADOR'),
 (814,'REPOSITOR'),
 (815,'REPRESENTANTE COMERCIAL'),
 (816,'REPRESENTANTE DE VENDAS'),
 (817,'RETIFICADOR DE MOTOR'),
 (818,'REVISOR GRÁFICO'),
 (819,'SALGADEIRO'),
 (820,'SALVA VIDAS'),
 (821,'SAPATEIRO'),
 (822,'SECRETARIO'),
 (823,'SEGURADOR'),
 (824,'SEGURANÇA'),
 (825,'SEM OCUPAÇÃO'),
 (826,'SERICULTOR'),
 (827,'SERIGRAFISTA'),
 (828,'SERINGUEIRO'),
 (829,'SERRADOR'),
 (830,'SERRALHEIRO'),
 (831,'SERVENTE'),
 (832,'SERVENTE DE PEDREIRO'),
 (833,'SERVIÇOS GERAIS'),
 (834,'SERVIDOR PÚBLICO'),
 (835,'SERVIDOR PÚBLICO MUNICIPAL'),
 (836,'SOLDADOR'),
 (837,'SONOPLASTA'),
 (838,'SORVETEIRO'),
 (839,'SUB-GERENTE'),
 (840,'SUPERINTENDENTE DE AEROPORTO'),
 (841,'SUPERVISOR DE OFICINA'),
 (842,'SUPERVISOR DE VENDAS'),
 (843,'TÉCNICO'),
 (844,'TÉCNICO AGRÁRIO'),
 (845,'TÉCNICO AGROPECUÁRIO'),
 (846,'TÉCNICO ARQUIVISTA'),
 (847,'TÉCNICO COMPUTADOR'),
 (848,'TÉCNICO DE ARTES GRÁFICAS'),
 (849,'TÉCNICO DE CONTABILIDADE'),
 (850,'TÉCNICO DE FROTA'),
 (851,'TÉCNICO DE FUTEBOL'),
 (852,'TÉCNICO DE IMPERMEABILIZAÇÃO'),
 (853,'TÉCNICO DE laboratório'),
 (854,'TÉCNICO DE laticínios'),
 (855,'TÉCNICO DE MINERAÇÃO'),
 (856,'TÉCNICO DE NUTRIÇÃO'),
 (857,'TÉCNICO DE OBRAS'),
 (858,'TÉCNICO DE PRODUÇÃO alimentícios'),
 (859,'TÉCNICO DE RAIOS-X'),
 (860,'TÉCNICO DE SERVIÇOS ADMINISTRATIVO'),
 (861,'TÉCNICO DE TV'),
 (862,'TÉCNICO EM ADMINISTRAÇÃO'),
 (863,'TÉCNICO EM AGRONOMIA'),
 (864,'TÉCNICO EM CONTABILIDADE'),
 (865,'TÉCNICO EM ENFERMAGEM'),
 (866,'TÉCNICO EM PAPILOSCOPIA'),
 (867,'TÉCNICO EM PARAMEDICO'),
 (868,'TÉCNICO EM PATOLOGIA'),
 (869,'TÉCNICO EM PERFURAÇÃO'),
 (870,'TÉCNICO EM PESCA'),
 (871,'TÉCNICO EM PETRÓLEO'),
 (872,'TÉCNICO EM PROJETISTA'),
 (873,'TÉCNICO EM PUBLICIDADE'),
 (874,'TÉCNICO EM REFRIGERAÇÃO'),
 (875,'TÉCNICO EM SEG DO TRABALHO'),
 (876,'TÉCNICO EM TELECOMUNICAÇÃO'),
 (877,'TÉCNICO EM TELEFONIA'),
 (878,'TÉCNICO EM TRANSPORTE'),
 (879,'TÉCNICO EM VULCANIZAÇÕES'),
 (880,'TÉCNICO HIDRÁULICO'),
 (881,'TÉCNICO INSTRUMENTISTA'),
 (882,'TÉCNICO LEGISLATIVO'),
 (883,'TÉCNICO QUÍMICO'),
 (884,'TÉCNICO TRIBUTÁRIO'),
 (885,'TABELIÃO'),
 (886,'TANOEIRO'),
 (887,'TAPECEIRO'),
 (888,'TAQUIGRAFO'),
 (889,'TAXISTA'),
 (890,'TECELÃO'),
 (891,'TELEFONISTA'),
 (892,'TELEGRAFISTA'),
 (893,'TESOUREIRO'),
 (894,'TINTUREIRO'),
 (895,'TIPÓGRAFO'),
 (896,'TOPÓGRAFO'),
 (897,'TORNEIRO'),
 (898,'TORNEIRO MECÂNICO'),
 (899,'TRABALHADOR RURAL'),
 (900,'TRADUTOR'),
 (901,'TRATORISTA'),
 (902,'TURISMO'),
 (903,'VAQUEIRO'),
 (904,'VAREJISTA'),
 (905,'VENDEDOR AMBULANTE'),
 (906,'VIDRACEIRO'),
 (907,'VIGIA'),
 (908,'VIGILANTE'),
 (909,'VULCANIZADO'),
 (910,'ZELADOR'),
 (911,'TECNÓLOGO EM SANEAMENTO BÁSICO E OBRAS HIDRÁULICAS '),
 (1000,'SERVIDOR GERAL'),
 (1001,'AGENTE DE SAÚDE');
/*!40000 ALTER TABLE `profissao` ENABLE KEYS */;


--
-- Definition of table `regionais`
--

DROP TABLE IF EXISTS `regionais`;
CREATE TABLE `regionais` (
  `id` int(10) unsigned NOT NULL AUTO_INCREMENT,
  `regional_nome` varchar(50) DEFAULT NULL,
  `regional_codigo_ibge` varchar(4) DEFAULT NULL,
  `regional_estado` varchar(2) NOT NULL,
  PRIMARY KEY (`id`)
) ENGINE=InnoDB AUTO_INCREMENT=3 DEFAULT CHARSET=utf8;

--
-- Dumping data for table `regionais`
--

/*!40000 ALTER TABLE `regionais` DISABLE KEYS */;
INSERT INTO `regionais` (`id`,`regional_nome`,`regional_codigo_ibge`,`regional_estado`) VALUES 
 (1,'04 QUARTA GERENCIA REGIONAL DE SAUDE','2604','26'),
 (2,'01 PRIMEIRA GERENCIA REGIONAL DE SAￚDE','2601','26');
/*!40000 ALTER TABLE `regionais` ENABLE KEYS */;


--
-- Definition of table `relatorio`
--

DROP TABLE IF EXISTS `relatorio`;
CREATE TABLE `relatorio` (
  `id` int(11) unsigned NOT NULL AUTO_INCREMENT,
  `data_envio` timestamp NOT NULL DEFAULT CURRENT_TIMESTAMP ON UPDATE CURRENT_TIMESTAMP,
  `data_trabalho` date DEFAULT NULL,
  `servidor_cpf` varchar(45) DEFAULT NULL,
  PRIMARY KEY (`id`),
  KEY `foreignkey` (`servidor_cpf`)
) ENGINE=InnoDB AUTO_INCREMENT=5 DEFAULT CHARSET=latin1;

--
-- Dumping data for table `relatorio`
--

/*!40000 ALTER TABLE `relatorio` DISABLE KEYS */;
INSERT INTO `relatorio` (`id`,`data_envio`,`data_trabalho`,`servidor_cpf`) VALUES 
 (1,'2012-04-10 18:22:23','2012-04-10','09809809809'),
 (2,'2012-04-11 10:51:58','2012-04-11','09809809809'),
 (3,'2012-04-13 17:14:54','2012-04-13','09809809809'),
 (4,'2012-06-04 16:18:14','2012-06-04','09809809809');
/*!40000 ALTER TABLE `relatorio` ENABLE KEYS */;


--
-- Definition of trigger `total_relatorio`
--

DROP TRIGGER /*!50030 IF EXISTS */ `total_relatorio`;

DELIMITER $$

CREATE DEFINER = `root`@`localhost` TRIGGER `total_relatorio` AFTER INSERT ON `relatorio` FOR EACH ROW BEGIN
		
       IF(	(SELECT COUNT(rel.mes) FROM total_relatorio rel
			WHERE (rel.mes=MONTH(NEW.data_trabalho) AND  rel.ano=YEAR(NEW.data_trabalho) AND
			rel.servidor_cpf=NEW.servidor_cpf)	)) 	THEN
			
         UPDATE total_relatorio rel SET rel.quantidade=rel.quantidade+1 WHERE (rel.mes=MONTH(NEW.data_trabalho) AND  rel.ano=YEAR(NEW.data_trabalho) AND
			rel.servidor_cpf=NEW.servidor_cpf);
			
	   ELSE
	   
			INSERT INTO total_relatorio SET quantidade=1,servidor_cpf=NEW.servidor_cpf,ano=YEAR(NEW.data_trabalho),mes=MONTH(NEW.data_trabalho);
			
		END IF;
    END $$

DELIMITER ;

--
-- Definition of table `servidor`
--

DROP TABLE IF EXISTS `servidor`;
CREATE TABLE `servidor` (
  `cpf` varchar(11) NOT NULL,
  `matricula` varchar(20) NOT NULL,
  `nome` varchar(40) DEFAULT NULL,
  `estado_civil` char(1) DEFAULT NULL,
  `endereco_id` int(11) DEFAULT NULL,
  `unidade_cnes` varchar(10) DEFAULT NULL,
  PRIMARY KEY (`cpf`),
  KEY `foreign_key_endereco_id` (`endereco_id`),
  KEY `foreign_key_unidade_cnes` (`unidade_cnes`),
  CONSTRAINT `servidor_ibfk_1` FOREIGN KEY (`endereco_id`) REFERENCES `endereco` (`id`),
  CONSTRAINT `servidor_ibfk_2` FOREIGN KEY (`unidade_cnes`) REFERENCES `unidade` (`cnes`)
) ENGINE=InnoDB DEFAULT CHARSET=latin1;

--
-- Dumping data for table `servidor`
--

/*!40000 ALTER TABLE `servidor` DISABLE KEYS */;
INSERT INTO `servidor` (`cpf`,`matricula`,`nome`,`estado_civil`,`endereco_id`,`unidade_cnes`) VALUES 
 ('0912909880','0348323333','CÉSAR HENRIQUE','S',NULL,'2345676'),
 ('09809809809','3244232432','CéSAR HENRIQUE LEITE','S',NULL,'2345676'),
 ('0988069880','0348328MER','JÚNIOR PIRES','S',NULL,'2345676'),
 ('0988139880','0348322222','ALEXANDRE','C',NULL,'2345676'),
 ('09886798805','0348328000','ARI LUIZ','C',NULL,'2345676'),
 ('0988909880','0348328432','JOSÉ BARBOSA',NULL,NULL,'2345676'),
 ('43243243242','324','JOAO BOSQUINHO TESTE','S',NULL,'2345676'),
 ('45645645645','3243','JOÃO TESTE','S',NULL,'2345676'),
 ('45645645646','3242222222','MARIA FELIZADA','C',NULL,'2345676'),
 ('45645645656','3243mmm','JOÃO BOQUINHO','S',NULL,'2345676');
/*!40000 ALTER TABLE `servidor` ENABLE KEYS */;


--
-- Definition of table `servidor_equipe`
--

DROP TABLE IF EXISTS `servidor_equipe`;
CREATE TABLE `servidor_equipe` (
  `equipe_codigo_area` int(4) NOT NULL,
  `equipe_unidade_cnes` varchar(10) NOT NULL,
  `servidor_cpf` varchar(11) NOT NULL,
  `funcao` varchar(45) NOT NULL,
  `ativo` int(1) DEFAULT NULL,
  PRIMARY KEY (`equipe_codigo_area`,`servidor_cpf`,`equipe_unidade_cnes`) USING BTREE,
  KEY `FK_servidor_equipe_2` (`equipe_unidade_cnes`),
  KEY `FK_servidor_equipe_3` (`servidor_cpf`),
  CONSTRAINT `FK_servidor_equipe_1` FOREIGN KEY (`equipe_codigo_area`) REFERENCES `equipe` (`codigo_area`),
  CONSTRAINT `FK_servidor_equipe_2` FOREIGN KEY (`equipe_unidade_cnes`) REFERENCES `equipe` (`unidade_cnes`),
  CONSTRAINT `FK_servidor_equipe_3` FOREIGN KEY (`servidor_cpf`) REFERENCES `servidor` (`cpf`)
) ENGINE=InnoDB DEFAULT CHARSET=latin1;

--
-- Dumping data for table `servidor_equipe`
--

/*!40000 ALTER TABLE `servidor_equipe` DISABLE KEYS */;
INSERT INTO `servidor_equipe` (`equipe_codigo_area`,`equipe_unidade_cnes`,`servidor_cpf`,`funcao`,`ativo`) VALUES 
 (3,'2345870','0912909880','Enfermeiro',1),
 (3,'2345870','0988909880','Odontologo',1),
 (3,'2345870','45645645645','Medico',1),
 (14,'2345625','0988139880','AgenteSaude',1),
 (17,'2345668','09886798805','Enfermeiro',1),
 (17,'2345668','45645645646','Odontologo',1),
 (24,'2345676','0912909880','Medico',1),
 (24,'2345676','09809809809','Odontologo',1),
 (24,'2345676','09886798805','Medico',0),
 (24,'2345544','43243243242','Medico',1),
 (24,'2345633','45645645645','Medico',1),
 (24,'5481287','45645645646','Medico',1),
 (24,'2345870','45645645656','Medico',1);
/*!40000 ALTER TABLE `servidor_equipe` ENABLE KEYS */;


--
-- Definition of table `servidor_executa_item`
--

DROP TABLE IF EXISTS `servidor_executa_item`;
CREATE TABLE `servidor_executa_item` (
  `servidor_cpf` varchar(11) NOT NULL,
  `item_id` int(11) NOT NULL,
  `quantidade` int(11) DEFAULT NULL,
  `competencia` int(6) NOT NULL,
  PRIMARY KEY (`servidor_cpf`,`item_id`,`competencia`),
  KEY `FK_servidor_executa_item_servidor` (`servidor_cpf`),
  KEY `FK_servidor_executa_item_item_id` (`item_id`),
  KEY `FK_servidor_item_competencia` (`competencia`),
  CONSTRAINT `FK_servidor_executa_item_item_id` FOREIGN KEY (`item_id`) REFERENCES `item` (`id`),
  CONSTRAINT `FK_servidor_executa_item_servidor` FOREIGN KEY (`servidor_cpf`) REFERENCES `servidor` (`cpf`),
  CONSTRAINT `FK_servidor_item_competencia` FOREIGN KEY (`competencia`) REFERENCES `competencia` (`mes_ano`)
) ENGINE=InnoDB DEFAULT CHARSET=latin1;

--
-- Dumping data for table `servidor_executa_item`
--

/*!40000 ALTER TABLE `servidor_executa_item` DISABLE KEYS */;
/*!40000 ALTER TABLE `servidor_executa_item` ENABLE KEYS */;


--
-- Definition of table `servidor_executa_meta`
--

DROP TABLE IF EXISTS `servidor_executa_meta`;
CREATE TABLE `servidor_executa_meta` (
  `servidor_cpf` varchar(11) NOT NULL,
  `meta_id` int(11) NOT NULL,
  `total` int(11) NOT NULL,
  `data_inicio` date NOT NULL,
  `data_fim` date NOT NULL,
  PRIMARY KEY (`servidor_cpf`,`meta_id`,`data_inicio`,`data_fim`),
  KEY `foreign_key_meta_id` (`meta_id`),
  CONSTRAINT `servidor_executa_meta_ibfk_1` FOREIGN KEY (`meta_id`) REFERENCES `meta` (`id`),
  CONSTRAINT `servidor_executa_meta_ibfk_2` FOREIGN KEY (`servidor_cpf`) REFERENCES `servidor` (`cpf`)
) ENGINE=InnoDB DEFAULT CHARSET=latin1;

--
-- Dumping data for table `servidor_executa_meta`
--

/*!40000 ALTER TABLE `servidor_executa_meta` DISABLE KEYS */;
/*!40000 ALTER TABLE `servidor_executa_meta` ENABLE KEYS */;


--
-- Definition of table `servidor_executa_procedimento`
--

DROP TABLE IF EXISTS `servidor_executa_procedimento`;
CREATE TABLE `servidor_executa_procedimento` (
  `servidor_cpf` varchar(11) NOT NULL DEFAULT '',
  `procedimento_codigo` varchar(10) NOT NULL DEFAULT '',
  `quantidade` int(11) DEFAULT NULL,
  `competencia` int(6) NOT NULL DEFAULT '0',
  `unidade_cnes` varchar(10) NOT NULL,
  PRIMARY KEY (`servidor_cpf`,`procedimento_codigo`,`competencia`,`unidade_cnes`) USING BTREE,
  KEY `foreign_key_procedimento_codigo` (`procedimento_codigo`),
  KEY `FK_servidor_executa_procedimento_3` (`competencia`),
  KEY `FK_servidor_executa_procedimento_4` (`unidade_cnes`),
  CONSTRAINT `FK_servidor_executa_procedimento_2` FOREIGN KEY (`procedimento_codigo`) REFERENCES `procedimento` (`codigo`),
  CONSTRAINT `FK_servidor_executa_procedimento_3` FOREIGN KEY (`competencia`) REFERENCES `competencia` (`mes_ano`),
  CONSTRAINT `FK_servidor_executa_procedimento_4` FOREIGN KEY (`unidade_cnes`) REFERENCES `servidor_equipe` (`equipe_unidade_cnes`)
) ENGINE=InnoDB DEFAULT CHARSET=latin1;

--
-- Dumping data for table `servidor_executa_procedimento`
--

/*!40000 ALTER TABLE `servidor_executa_procedimento` DISABLE KEYS */;
/*!40000 ALTER TABLE `servidor_executa_procedimento` ENABLE KEYS */;


--
-- Definition of table `setor`
--

DROP TABLE IF EXISTS `setor`;
CREATE TABLE `setor` (
  `id` varchar(10) NOT NULL,
  `nome` varchar(40) DEFAULT NULL,
  `descricao` varchar(100) NOT NULL,
  `departamento_id` int(11) DEFAULT NULL,
  PRIMARY KEY (`id`),
  KEY `foreignkey` (`departamento_id`)
) ENGINE=InnoDB DEFAULT CHARSET=latin1;

--
-- Dumping data for table `setor`
--

/*!40000 ALTER TABLE `setor` DISABLE KEYS */;
INSERT INTO `setor` (`id`,`nome`,`descricao`,`departamento_id`) VALUES 
 ('','teste','So testando rapaz',1);
/*!40000 ALTER TABLE `setor` ENABLE KEYS */;


--
-- Definition of table `tecnico_enfermagem`
--

DROP TABLE IF EXISTS `tecnico_enfermagem`;
CREATE TABLE `tecnico_enfermagem` (
  `servidor_cpf` varchar(11) NOT NULL,
  `unidade_cnes` varchar(10) NOT NULL DEFAULT '',
  `data_desativacao` date DEFAULT NULL,
  `ativo` char(1) DEFAULT NULL,
  `data_cadastro` timestamp NOT NULL DEFAULT CURRENT_TIMESTAMP,
  PRIMARY KEY (`servidor_cpf`,`unidade_cnes`) USING BTREE,
  KEY `foreign_key_unidade_cnes` (`unidade_cnes`),
  KEY `Index_3` (`servidor_cpf`) USING BTREE,
  CONSTRAINT `tecnico_enfermagem_ibfk_1` FOREIGN KEY (`servidor_cpf`) REFERENCES `servidor` (`cpf`),
  CONSTRAINT `tecnico_enfermagem_ibfk_2` FOREIGN KEY (`unidade_cnes`) REFERENCES `unidade` (`cnes`)
) ENGINE=InnoDB DEFAULT CHARSET=latin1 ROW_FORMAT=DYNAMIC;

--
-- Dumping data for table `tecnico_enfermagem`
--

/*!40000 ALTER TABLE `tecnico_enfermagem` DISABLE KEYS */;
/*!40000 ALTER TABLE `tecnico_enfermagem` ENABLE KEYS */;


--
-- Definition of table `tecnico_enfermagem_executa_item`
--

DROP TABLE IF EXISTS `tecnico_enfermagem_executa_item`;
CREATE TABLE `tecnico_enfermagem_executa_item` (
  `tecnico_enfermagem_cpf` varchar(11) NOT NULL,
  `item_id` int(11) NOT NULL,
  `tecnico_enfermagem_unidade_cnes` varchar(10) NOT NULL DEFAULT '',
  `quantidade` int(11) DEFAULT NULL,
  `competencia` int(6) NOT NULL,
  PRIMARY KEY (`tecnico_enfermagem_cpf`),
  KEY `FK_tecnico_enfermagem_executa_item_tecnico_enfermagem_unidade` (`tecnico_enfermagem_cpf`,`tecnico_enfermagem_unidade_cnes`),
  KEY `FK_tecnico_enfermagem_executa_item_item_id` (`item_id`),
  KEY `FK_tecnico_enfermagem_item_competencia` (`competencia`),
  CONSTRAINT `FK_tecnico_enfermagem_executa_item_item_id` FOREIGN KEY (`item_id`) REFERENCES `item` (`id`),
  CONSTRAINT `FK_tecnico_enfermagem_executa_item_tecnico_enfermagem_unidade` FOREIGN KEY (`tecnico_enfermagem_cpf`, `tecnico_enfermagem_unidade_cnes`) REFERENCES `tecnico_enfermagem` (`servidor_cpf`, `unidade_cnes`),
  CONSTRAINT `FK_tecnico_enfermagem_item_competencia` FOREIGN KEY (`competencia`) REFERENCES `competencia` (`mes_ano`)
) ENGINE=InnoDB DEFAULT CHARSET=latin1;

--
-- Dumping data for table `tecnico_enfermagem_executa_item`
--

/*!40000 ALTER TABLE `tecnico_enfermagem_executa_item` DISABLE KEYS */;
/*!40000 ALTER TABLE `tecnico_enfermagem_executa_item` ENABLE KEYS */;


--
-- Definition of table `tecnico_enfermagem_executa_meta`
--

DROP TABLE IF EXISTS `tecnico_enfermagem_executa_meta`;
CREATE TABLE `tecnico_enfermagem_executa_meta` (
  `tecnico_enfermagem_cpf` varchar(11) NOT NULL DEFAULT '',
  `unidade_cnes` varchar(10) NOT NULL DEFAULT '',
  `meta_id` int(11) NOT NULL DEFAULT '0',
  `total` int(11) DEFAULT NULL,
  `data_inicio` date NOT NULL DEFAULT '0000-00-00',
  `data_fim` date NOT NULL DEFAULT '0000-00-00',
  PRIMARY KEY (`tecnico_enfermagem_cpf`,`meta_id`,`data_inicio`,`data_fim`,`unidade_cnes`) USING BTREE,
  KEY `tecnico_enfermagem_cpf` (`tecnico_enfermagem_cpf`) USING BTREE,
  KEY `Index_4` (`unidade_cnes`) USING BTREE,
  KEY `Index_5` (`meta_id`) USING BTREE,
  KEY `FK_tecnico_enfermagem_executa_meta_2` (`tecnico_enfermagem_cpf`,`unidade_cnes`),
  CONSTRAINT `FK_tecnico_enfermagem_executa_meta_1` FOREIGN KEY (`meta_id`) REFERENCES `meta` (`id`),
  CONSTRAINT `FK_tecnico_enfermagem_executa_meta_2` FOREIGN KEY (`tecnico_enfermagem_cpf`, `unidade_cnes`) REFERENCES `tecnico_enfermagem` (`servidor_cpf`, `unidade_cnes`)
) ENGINE=InnoDB DEFAULT CHARSET=latin1 ROW_FORMAT=DYNAMIC;

--
-- Dumping data for table `tecnico_enfermagem_executa_meta`
--

/*!40000 ALTER TABLE `tecnico_enfermagem_executa_meta` DISABLE KEYS */;
/*!40000 ALTER TABLE `tecnico_enfermagem_executa_meta` ENABLE KEYS */;


--
-- Definition of table `tecnico_enfermagem_executa_procedimento`
--

DROP TABLE IF EXISTS `tecnico_enfermagem_executa_procedimento`;
CREATE TABLE `tecnico_enfermagem_executa_procedimento` (
  `tecnico_enfermagem_cpf` varchar(11) NOT NULL,
  `procedimento_codigo` varchar(10) NOT NULL DEFAULT '',
  `tecnico_enfermagem_unidade_cnes` varchar(10) NOT NULL DEFAULT '',
  `quantidade` int(11) DEFAULT NULL,
  `competencia` int(6) NOT NULL DEFAULT '0',
  PRIMARY KEY (`tecnico_enfermagem_cpf`,`procedimento_codigo`,`tecnico_enfermagem_unidade_cnes`,`competencia`),
  KEY `foreign_key_tecnico_enfermagem_unidade_cnes` (`tecnico_enfermagem_unidade_cnes`),
  KEY `foreign_key_procedimento_codigo` (`procedimento_codigo`),
  KEY `Index_5` (`competencia`) USING BTREE,
  KEY `Index_6` (`tecnico_enfermagem_cpf`) USING BTREE,
  CONSTRAINT `tecnico_enfermagem_executa_procedimento_ibfk_1` FOREIGN KEY (`tecnico_enfermagem_cpf`) REFERENCES `tecnico_enfermagem` (`servidor_cpf`),
  CONSTRAINT `tecnico_enfermagem_executa_procedimento_ibfk_2` FOREIGN KEY (`tecnico_enfermagem_unidade_cnes`) REFERENCES `tecnico_enfermagem` (`unidade_cnes`),
  CONSTRAINT `tecnico_enfermagem_executa_procedimento_ibfk_3` FOREIGN KEY (`procedimento_codigo`) REFERENCES `procedimento` (`codigo`)
) ENGINE=InnoDB DEFAULT CHARSET=latin1;

--
-- Dumping data for table `tecnico_enfermagem_executa_procedimento`
--

/*!40000 ALTER TABLE `tecnico_enfermagem_executa_procedimento` DISABLE KEYS */;
/*!40000 ALTER TABLE `tecnico_enfermagem_executa_procedimento` ENABLE KEYS */;


--
-- Definition of table `titulo_eleitor`
--

DROP TABLE IF EXISTS `titulo_eleitor`;
CREATE TABLE `titulo_eleitor` (
  `servidor_cpf` varchar(11) NOT NULL DEFAULT '',
  `numero` varchar(20) NOT NULL,
  `zona` varchar(4) NOT NULL,
  `secao` varchar(4) NOT NULL,
  PRIMARY KEY (`servidor_cpf`),
  CONSTRAINT `titulo_eleitor_ibfk_1` FOREIGN KEY (`servidor_cpf`) REFERENCES `servidor` (`cpf`)
) ENGINE=InnoDB DEFAULT CHARSET=latin1;

--
-- Dumping data for table `titulo_eleitor`
--

/*!40000 ALTER TABLE `titulo_eleitor` DISABLE KEYS */;
INSERT INTO `titulo_eleitor` (`servidor_cpf`,`numero`,`zona`,`secao`) VALUES 
 ('0912909880','99009988','77','66'),
 ('0988069880','8.888.888','66','99'),
 ('09886798805','123456','77','88');
/*!40000 ALTER TABLE `titulo_eleitor` ENABLE KEYS */;


--
-- Definition of table `total_falta`
--

DROP TABLE IF EXISTS `total_falta`;
CREATE TABLE `total_falta` (
  `ano` int(4) unsigned NOT NULL,
  `mes` int(2) unsigned NOT NULL,
  `servidor_cpf` varchar(11) NOT NULL,
  `quantidade` int(2) unsigned NOT NULL,
  PRIMARY KEY (`ano`,`mes`,`servidor_cpf`) USING BTREE,
  KEY `FK_total_falta_1` (`servidor_cpf`),
  CONSTRAINT `FK_total_falta_3` FOREIGN KEY (`servidor_cpf`) REFERENCES `servidor` (`cpf`)
) ENGINE=InnoDB DEFAULT CHARSET=latin1;

--
-- Dumping data for table `total_falta`
--

/*!40000 ALTER TABLE `total_falta` DISABLE KEYS */;
INSERT INTO `total_falta` (`ano`,`mes`,`servidor_cpf`,`quantidade`) VALUES 
 (2012,1,'0912909880',3),
 (2012,1,'0988069880',4);
/*!40000 ALTER TABLE `total_falta` ENABLE KEYS */;


--
-- Definition of table `total_frequencia`
--

DROP TABLE IF EXISTS `total_frequencia`;
CREATE TABLE `total_frequencia` (
  `ano` int(4) NOT NULL DEFAULT '0',
  `mes` int(2) NOT NULL DEFAULT '0',
  `quantidade` int(2) DEFAULT NULL,
  `data_envio` timestamp NOT NULL DEFAULT CURRENT_TIMESTAMP,
  `servidor_cpf` varchar(11) NOT NULL DEFAULT '',
  PRIMARY KEY (`ano`,`mes`,`servidor_cpf`),
  KEY `servidor_cpf` (`servidor_cpf`),
  CONSTRAINT `total_frequencia_ibfk_1` FOREIGN KEY (`servidor_cpf`) REFERENCES `servidor` (`cpf`)
) ENGINE=InnoDB DEFAULT CHARSET=latin1;

--
-- Dumping data for table `total_frequencia`
--

/*!40000 ALTER TABLE `total_frequencia` DISABLE KEYS */;
INSERT INTO `total_frequencia` (`ano`,`mes`,`quantidade`,`data_envio`,`servidor_cpf`) VALUES 
 (2012,2,23,'2012-03-28 14:13:53','09809809809'),
 (2012,3,15,'2012-03-28 14:29:55','0912909880'),
 (2012,3,23,'2012-03-28 14:28:21','0988909880'),
 (2012,6,12,'2012-03-28 14:29:03','0988139880'),
 (2013,2,23,'2012-03-28 14:28:48','0988069880'),
 (2013,4,23,'2012-03-28 14:30:09','0912909880');
/*!40000 ALTER TABLE `total_frequencia` ENABLE KEYS */;


--
-- Definition of table `total_relatorio`
--

DROP TABLE IF EXISTS `total_relatorio`;
CREATE TABLE `total_relatorio` (
  `ano` int(4) NOT NULL DEFAULT '0',
  `mes` int(2) NOT NULL DEFAULT '0',
  `quantidade` int(2) DEFAULT NULL,
  `data_envio` timestamp NOT NULL DEFAULT CURRENT_TIMESTAMP,
  `servidor_cpf` varchar(11) NOT NULL DEFAULT '',
  PRIMARY KEY (`ano`,`mes`,`servidor_cpf`),
  KEY `servidor_cpf` (`servidor_cpf`),
  CONSTRAINT `total_relatorio_ibfk_1` FOREIGN KEY (`servidor_cpf`) REFERENCES `servidor` (`cpf`)
) ENGINE=InnoDB DEFAULT CHARSET=latin1;

--
-- Dumping data for table `total_relatorio`
--

/*!40000 ALTER TABLE `total_relatorio` DISABLE KEYS */;
INSERT INTO `total_relatorio` (`ano`,`mes`,`quantidade`,`data_envio`,`servidor_cpf`) VALUES 
 (2012,2,21,'2012-03-28 16:30:49','0912909880'),
 (2012,2,9,'2012-03-29 14:00:13','0988909880'),
 (2012,3,21,'2012-03-29 15:59:38','09809809809'),
 (2012,4,3,'2012-04-10 15:22:17','09809809809'),
 (2012,4,21,'2012-04-20 11:58:59','0988139880'),
 (2012,4,20,'2012-04-17 16:52:39','45645645646'),
 (2012,6,1,'2012-06-04 16:17:50','09809809809'),
 (2012,8,12,'2012-04-20 11:57:58','0988139880');
/*!40000 ALTER TABLE `total_relatorio` ENABLE KEYS */;


--
-- Definition of table `unidade`
--

DROP TABLE IF EXISTS `unidade`;
CREATE TABLE `unidade` (
  `cnes` varchar(10) NOT NULL,
  `descricao` varchar(100) NOT NULL,
  `nome` varchar(40) DEFAULT NULL,
  `cidade_id` int(11) DEFAULT NULL,
  `regional_id` int(11) DEFAULT NULL,
  PRIMARY KEY (`cnes`),
  KEY `foreignkey_regional_id` (`regional_id`),
  KEY `foreignkey_cidade_id` (`cidade_id`)
) ENGINE=InnoDB DEFAULT CHARSET=latin1;

--
-- Dumping data for table `unidade`
--

/*!40000 ALTER TABLE `unidade` DISABLE KEYS */;
INSERT INTO `unidade` (`cnes`,`descricao`,`nome`,`cidade_id`,`regional_id`) VALUES 
 ('2345544','SEM DESCRIÇÃO','PSF ITAUNA',1523,1),
 ('2345560','SEM DESCRIÇÃO','CENTRO DE SAUDE SANTA ROSA',1523,1),
 ('2345587','SEM DESCRIÇÃO','CENTRO DE SAUDE COHAB I',1523,1),
 ('2345595','SEM DESCRIÇÃO','CENTRO DE SAUDE INDIANOPOLIS',1523,1),
 ('2345625','SEM DESCRIÇÃO','PSF LAJES',1523,1),
 ('2345633','SEM DESCRIÇÃO','PSF PAU SANTO',1523,1),
 ('2345641','SEM DESCRIÇÃO','PSF JOAO MOTA',1523,1),
 ('2345668','SEM DESCRIÇÃO','PSF JOSE CARLOS DE OLIVEIRA',1523,1),
 ('2345676','SEM DESCRIÇÂO','PSF MORRO SAO FRANCISCO',1523,1),
 ('2345684','SEM DESCRIÇÃO','CENTRO DE SAUDE COHAB III',1523,1),
 ('2345692','SEM DESCRIÇÃO','PSF XICURU',1523,1),
 ('2345706','SEM DESCRIÇÃO','PSF SAO JOAO DA ESCOCIA',1523,1),
 ('2345714','SEM DESCRIÇÃO','PSF MORRO BOM JESUS',1523,1),
 ('2345722','SEM DESCRIÇÃO','PSF PADRE INACIO',1523,1),
 ('2345730','SEM DESCRIÇÃO','PSF SALGADO I',1523,1),
 ('2345749','SEM DESCRIÇÃO','PSF TERRA VERMELHA',1523,1),
 ('2345757','SEM DESCRIÇÃO','PSF JUA',1523,1),
 ('2345803','SEM DESCRIÇÃO','C S CEDRO',1523,1),
 ('2345846','SEM DESCRIÇÃO','PSF GONCALVES FERREIRA',1523,1),
 ('2345854','SEM DESCRIÇÃO','PSF MORRO CENTENARIO',1523,1),
 ('2345862','SEM DESCRIÇÃO','PSF CAJA',1523,1),
 ('2345870','SEM DESCRIÇÃO','PSF MALHADA DE BARREIRAS QUEIMADAS',1523,1),
 ('2345900','SEM DESCRIÇÃO','PSF RAFAEL',1523,1),
 ('2345919','SEM DESCRIÇÃO','PSF SALGADO II',1523,1),
 ('2345994','SEM DESCRIÇÃO','C S SALGADO',1523,1),
 ('2346036','SEM DESCRIÇÃO','PSF MURICI',1523,1),
 ('2346044','SEM DESCRIÇÃO','PSF CENTENARIO',1523,1),
 ('2346052','SEM DESCRIÇÃO','PSF AGAMENON MAGALHAES',1523,1),
 ('2346060','SEM DESCRIÇÃO','PSF PELADAS',1523,1),
 ('2346087','SEM DESCRIÇÃO','PSF RIACHO DOCE',1523,1),
 ('2682419','SEM DESCRIÇÃO','PSF ALTO DO MOURA',1523,1),
 ('2682443','SEM DESCRIÇÃO','PSF SERRA VELHA',1523,1),
 ('2682451','SEM DESCRIÇÃO','PSF LAGOA DE PEDRA',1523,1),
 ('2682478','SEM DESCRIÇÃO','PSF CIDADE JARDIM',1523,1),
 ('2682486','SEM DESCRIÇÃO','PSF SANTA ROSA',1523,1),
 ('2682494','SEM DESCRIÇÃO','PSF VILA KENNEDY I',1523,1),
 ('2682508','SEM DESCRIÇÃO','PSF CAIUCA',1523,1),
 ('2682516','SEM DESCRIÇÃO','PSF JARDIM PANORAMA',1523,1),
 ('2682524','SEM DESCRIÇÃO','PSF JOSE LIBERATO',1523,1),
 ('2682532','SEM DESCRIÇÃO','PSF VILA KENNEDY II',1523,1),
 ('2682559','SEM DESCRIÇÃO','PSF SALGADO III',1523,1),
 ('2682567','SEM DESCRIÇÃO','PSF SALGADO IV',1523,1),
 ('2797968','SEM DESCRIÇÃO','PSF AGAMENON MAGALHAES II',1523,1),
 ('2797976','SEM DESCRIÇÃO','PSF JOSE CARLOS DE OLIVEIRA II',1523,1),
 ('2797992','SEM DESCRIÇÃO','PSF JARDIM PANORAMA II',1523,1),
 ('3020932','SEM DESCRIÇÃO','PSF SAO JOAO DA ESCOCIA II',1523,1),
 ('3741265','SEM DESCRIÇÃO','PSF JARDIM LIBERDADE',1523,1),
 ('3741273','SEM DESCRIÇÃO','PSF CAIUCA II',1523,1),
 ('5481287','SEM DESCRIÇÃO','PSF CANAA',1523,1);
/*!40000 ALTER TABLE `unidade` ENABLE KEYS */;


--
-- Definition of table `user`
--

DROP TABLE IF EXISTS `user`;
CREATE TABLE `user` (
  `id` int(11) NOT NULL AUTO_INCREMENT,
  `password` varchar(255) NOT NULL,
  `email` varchar(30) NOT NULL,
  `username` varchar(30) NOT NULL,
  `servidor_cpf` varchar(11) NOT NULL,
  `ativo` int(1) DEFAULT '0',
  PRIMARY KEY (`id`),
  KEY `foreign_key_servidor` (`servidor_cpf`) USING BTREE,
  CONSTRAINT `FK_servidor` FOREIGN KEY (`servidor_cpf`) REFERENCES `servidor` (`cpf`)
) ENGINE=InnoDB AUTO_INCREMENT=4 DEFAULT CHARSET=latin1;

--
-- Dumping data for table `user`
--

/*!40000 ALTER TABLE `user` DISABLE KEYS */;
INSERT INTO `user` (`id`,`password`,`email`,`username`,`servidor_cpf`,`ativo`) VALUES 
 (1,'81dc9bdb52d04dc20036dbd8313ed055','dewdew@cweff','cesar','09809809809',1),
 (2,'81dc9bdb52d04dc20036dbd8313ed055','cesar.consultorjr@gmail.com','cedsa','09809809809',1),
 (3,'81dc9bdb52d04dc20036dbd8313ed055','ewe@ded.com','teste','45645645645',0);
/*!40000 ALTER TABLE `user` ENABLE KEYS */;


--
-- Definition of table `usuario_desktop`
--

DROP TABLE IF EXISTS `usuario_desktop`;
CREATE TABLE `usuario_desktop` (
  `servidor_cpf` varchar(11) NOT NULL,
  `token` varchar(255) NOT NULL,
  `serial_aplicacao` varchar(255) NOT NULL,
  `ativo` int(1) unsigned NOT NULL,
  PRIMARY KEY (`servidor_cpf`,`serial_aplicacao`) USING BTREE,
  CONSTRAINT `usuario_desktop_ibfk_1` FOREIGN KEY (`servidor_cpf`) REFERENCES `servidor` (`cpf`)
) ENGINE=InnoDB DEFAULT CHARSET=latin1;

--
-- Dumping data for table `usuario_desktop`
--

/*!40000 ALTER TABLE `usuario_desktop` DISABLE KEYS */;
INSERT INTO `usuario_desktop` (`servidor_cpf`,`token`,`serial_aplicacao`,`ativo`) VALUES 
 ('0912909880','aea4c993c4472db30d461a146d8ee46fdfd251e3','testando',0),
 ('09809809809','c425a748fe7269fa6c4202a77569df66b3609026','0987890',0),
 ('09809809809','744caa719a36dba1becbd0fcd71e3909b60b4e2a','testando',0);
/*!40000 ALTER TABLE `usuario_desktop` ENABLE KEYS */;


--
-- Definition of table `usuario_desktop_logado`
--

DROP TABLE IF EXISTS `usuario_desktop_logado`;
CREATE TABLE `usuario_desktop_logado` (
  `usuario_desktop_cpf` varchar(11) NOT NULL DEFAULT '',
  `usuario_token` varchar(255) NOT NULL DEFAULT '',
  `usuario_aplicacao` varchar(255) NOT NULL DEFAULT '',
  `data_hora` timestamp NOT NULL DEFAULT CURRENT_TIMESTAMP,
  PRIMARY KEY (`usuario_desktop_cpf`,`usuario_aplicacao`) USING BTREE,
  CONSTRAINT `FK_usuario_desktop_logado_1` FOREIGN KEY (`usuario_desktop_cpf`) REFERENCES `usuario_desktop` (`servidor_cpf`)
) ENGINE=InnoDB DEFAULT CHARSET=latin1;

--
-- Dumping data for table `usuario_desktop_logado`
--

/*!40000 ALTER TABLE `usuario_desktop_logado` DISABLE KEYS */;
INSERT INTO `usuario_desktop_logado` (`usuario_desktop_cpf`,`usuario_token`,`usuario_aplicacao`,`data_hora`) VALUES 
 ('09809809809','c425a748fe7269fa6c4202a77569df66b3609026','0987890','2012-06-08 16:23:20'),
 ('09809809809','744caa719a36dba1becbd0fcd71e3909b60b4e2a','testando','2012-05-30 15:54:49');
/*!40000 ALTER TABLE `usuario_desktop_logado` ENABLE KEYS */;




/*!40101 SET SQL_MODE=@OLD_SQL_MODE */;
/*!40014 SET FOREIGN_KEY_CHECKS=@OLD_FOREIGN_KEY_CHECKS */;
/*!40014 SET UNIQUE_CHECKS=@OLD_UNIQUE_CHECKS */;
/*!40101 SET CHARACTER_SET_CLIENT=@OLD_CHARACTER_SET_CLIENT */;
/*!40101 SET CHARACTER_SET_RESULTS=@OLD_CHARACTER_SET_RESULTS */;
/*!40101 SET COLLATION_CONNECTION=@OLD_COLLATION_CONNECTION */;
/*!40101 SET CHARACTER_SET_CLIENT=@OLD_CHARACTER_SET_CLIENT */;
